antecedents,consequents,antecedent support,consequent support,support,confidence,lift,representativity,leverage,conviction,zhangs_metric,jaccard,certainty,kulczynski
"['lord of the rings: the fellowship of the ring, the (2001)', 'lord of the rings: the two towers, the (2002)']","['matrix, the (1999)', 'lord of the rings: the return of the king, the (2003)']",0.2721311475409836,0.24262295081967214,0.21311475409836064,0.7831325301204819,3.2277759687398238,1.0,0.14708949207202365,3.492349726775956,0.9482328482328484,0.7065217391304347,0.7136598341417618,0.8307554542494301
"['matrix, the (1999)', 'lord of the rings: the return of the king, the (2003)']","['lord of the rings: the fellowship of the ring, the (2001)', 'lord of the rings: the two towers, the (2002)']",0.24262295081967214,0.2721311475409836,0.21311475409836064,0.8783783783783783,3.2277759687398238,1.0,0.14708949207202365,5.984699453551909,0.9112887112887115,0.7065217391304347,0.8329072315558801,0.8307554542494301
"['lord of the rings: the fellowship of the ring, the (2001)', 'lord of the rings: the return of the king, the (2003)']","['lord of the rings: the two towers, the (2002)', 'matrix, the (1999)']",0.27049180327868855,0.2442622950819672,0.21311475409836064,0.7878787878787877,3.225544030913158,1.0,0.1470438054286482,3.5627634660421523,0.9458081244598098,0.7065217391304347,0.7193190034838624,0.8301810046776489
"['lord of the rings: the two towers, the (2002)', 'matrix, the (1999)']","['lord of the rings: the fellowship of the ring, the (2001)', 'lord of the rings: the return of the king, the (2003)']",0.2442622950819672,0.27049180327868855,0.21311475409836064,0.87248322147651,3.225544030913158,1.0,0.1470438054286482,5.7208800690250206,0.9129818121141331,0.7065217391304347,0.8252017193273506,0.8301810046776489
"['lord of the rings: the return of the king, the (2003)']","['lord of the rings: the fellowship of the ring, the (2001)', 'lord of the rings: the two towers, the (2002)', 'matrix, the (1999)']",0.30327868852459017,0.22131147540983606,0.21311475409836064,0.7027027027027026,3.175175175175175,1.0,0.14599570008062346,2.6192250372578236,0.983257918552036,0.6842105263157894,0.618207681365576,0.8328328328328327
"['lord of the rings: the fellowship of the ring, the (2001)', 'lord of the rings: the two towers, the (2002)', 'matrix, the (1999)']","['lord of the rings: the return of the king, the (2003)']",0.22131147540983606,0.30327868852459017,0.21311475409836064,0.9629629629629629,3.175175175175175,1.0,0.14599570008062346,18.81147540983604,0.8797570850202429,0.6842105263157894,0.9468409586056644,0.8328328328328327
"['lord of the rings: the fellowship of the ring, the (2001)', 'matrix, the (1999)']","['lord of the rings: the two towers, the (2002)', 'lord of the rings: the return of the king, the (2003)']",0.2573770491803279,0.2639344262295082,0.21311475409836064,0.8280254777070063,3.1372393875855518,1.0,0.1451840902983069,4.28008500303582,0.91735438953982,0.6914893617021277,0.7663597804037281,0.8177394469280372
"['lord of the rings: the two towers, the (2002)', 'lord of the rings: the return of the king, the (2003)']","['lord of the rings: the fellowship of the ring, the (2001)', 'matrix, the (1999)']",0.2639344262295082,0.2573770491803279,0.21311475409836064,0.8074534161490683,3.1372393875855518,1.0,0.1451840902983069,3.8568482284505547,0.9255268117183485,0.6914893617021277,0.7407209356532708,0.8177394469280372
"['star wars: episode vi - return of the jedi (1983)', 'raiders of the lost ark (indiana jones and the raiders of the lost ark) (1981)']","['star wars: episode v - the empire strikes back (1980)', 'star wars: episode iv - a new hope (1977)']",0.2081967213114754,0.3114754098360656,0.2,0.9606299212598426,3.0841276419394945,1.0,0.1351518409029831,17.488524590163966,0.8534433017683196,0.6256410256410257,0.9428196475440571,0.8013675922088687
"['star wars: episode v - the empire strikes back (1980)', 'star wars: episode iv - a new hope (1977)']","['star wars: episode vi - return of the jedi (1983)', 'raiders of the lost ark (indiana jones and the raiders of the lost ark) (1981)']",0.3114754098360656,0.2081967213114754,0.2,0.6421052631578947,3.0841276419394945,1.0,0.1351518409029831,2.2123915139826424,0.9814597970335677,0.6256410256410257,0.5480004358722894,0.8013675922088687
"['lord of the rings: the fellowship of the ring, the (2001)', 'matrix, the (1999)', 'lord of the rings: the return of the king, the (2003)']","['lord of the rings: the two towers, the (2002)']",0.22459016393442624,0.3081967213114754,0.21311475409836064,0.948905109489051,3.0788942382357507,1.0,0.1438968019349637,13.53957845433254,0.870775735892015,0.6666666666666666,0.9261424568443629,0.8201972355955893
"['lord of the rings: the two towers, the (2002)']","['lord of the rings: the fellowship of the ring, the (2001)', 'matrix, the (1999)', 'lord of the rings: the return of the king, the (2003)']",0.3081967213114754,0.22459016393442624,0.21311475409836064,0.6914893617021276,3.0788942382357507,1.0,0.1438968019349637,2.5133973996608248,0.9760116660590593,0.6666666666666666,0.6021321577976698,0.8201972355955893
"['godfather, the (1972)']","['godfather: part ii, the (1974)']",0.31475409836065577,0.21147540983606558,0.20491803278688525,0.6510416666666666,3.0785691214470283,1.0,0.13835528083848428,2.2596525568876924,0.9853014354066988,0.6377551020408163,0.5574540887040886,0.810016957364341
"['godfather: part ii, the (1974)']","['godfather, the (1972)']",0.21147540983606558,0.31475409836065577,0.20491803278688525,0.9689922480620154,3.078569121447028,1.0,0.13835528083848428,22.09918032786881,0.8562494802494803,0.6377551020408163,0.9547494529134675,0.810016957364341
"['lord of the rings: the return of the king, the (2003)']","['lord of the rings: the fellowship of the ring, the (2001)', 'lord of the rings: the two towers, the (2002)']",0.30327868852459017,0.2721311475409836,0.25245901639344265,0.8324324324324325,3.0589384565288182,1.0,0.1699274388605214,4.343733474352196,0.9660809778456838,0.7817258883248733,0.7697832968103238,0.8800716379029633
"['lord of the rings: the fellowship of the ring, the (2001)', 'lord of the rings: the two towers, the (2002)']","['lord of the rings: the return of the king, the (2003)']",0.2721311475409836,0.30327868852459017,0.25245901639344265,0.9277108433734941,3.0589384565288182,1.0,0.1699274388605214,9.637978142076516,0.9247396747396748,0.7817258883248733,0.8962437987243091,0.8800716379029633
"['lord of the rings: the return of the king, the (2003)']","['lord of the rings: the two towers, the (2002)', 'forrest gump (1994)']",0.30327868852459017,0.21967213114754097,0.20327868852459016,0.6702702702702703,3.051230334812425,1.0,0.13665681268476215,2.366568126847622,0.9648956356736241,0.6358974358974361,0.5774471950942539,0.7978217022993143
"['lord of the rings: the two towers, the (2002)', 'forrest gump (1994)']","['lord of the rings: the return of the king, the (2003)']",0.21967213114754097,0.30327868852459017,0.20327868852459016,0.9253731343283582,3.0512303348124243,1.0,0.13665681268476215,9.336065573770492,0.8615139604228788,0.6358974358974361,0.8928884986830553,0.7978217022993143
"['lord of the rings: the fellowship of the ring, the (2001)', 'lord of the rings: the return of the king, the (2003)']","['lord of the rings: the two towers, the (2002)']",0.27049180327868855,0.3081967213114754,0.25245901639344265,0.9333333333333333,3.028368794326241,1.0,0.16909432948132225,10.377049180327871,0.9181380417335474,0.7738693467336685,0.9036334913112165,0.8762411347517731
"['lord of the rings: the two towers, the (2002)']","['lord of the rings: the fellowship of the ring, the (2001)', 'lord of the rings: the return of the king, the (2003)']",0.3081967213114754,0.27049180327868855,0.25245901639344265,0.8191489361702129,3.028368794326241,1.0,0.16909432948132225,4.033751205400196,0.9681787406905891,0.7738693467336685,0.7520918001434379,0.8762411347517731
"['lord of the rings: the fellowship of the ring, the (2001)']","['lord of the rings: the two towers, the (2002)', 'matrix, the (1999)', 'lord of the rings: the return of the king, the (2003)']",0.32459016393442625,0.2180327868852459,0.21311475409836064,0.6565656565656565,3.0113161692109056,1.0,0.14234345606019885,2.276904532304725,0.988909634055265,0.6467661691542288,0.5608072337632084,0.8170046327941064
"['lord of the rings: the two towers, the (2002)', 'matrix, the (1999)', 'lord of the rings: the return of the king, the (2003)']","['lord of the rings: the fellowship of the ring, the (2001)']",0.2180327868852459,0.32459016393442625,0.21311475409836064,0.9774436090225563,3.0113161692109056,1.0,0.14234345606019885,29.943169398907035,0.8541525560393484,0.6467661691542288,0.9666034017081536,0.8170046327941064
"['lord of the rings: the fellowship of the ring, the (2001)', 'forrest gump (1994)']","['lord of the rings: the return of the king, the (2003)']",0.2262295081967213,0.30327868852459017,0.20491803278688525,0.9057971014492754,2.9866823345084215,1.0,0.1363074442354206,7.39596469104666,0.8596610169491525,0.6313131313131314,0.8647911338448423,0.7907363885624755
"['lord of the rings: the return of the king, the (2003)']","['lord of the rings: the fellowship of the ring, the (2001)', 'forrest gump (1994)']",0.30327868852459017,0.2262295081967213,0.20491803278688525,0.6756756756756757,2.9866823345084215,1.0,0.1363074442354206,2.385792349726776,0.9547294117647059,0.6313131313131314,0.5808520384791571,0.7907363885624755
"['lord of the rings: the two towers, the (2002)', 'lord of the rings: the return of the king, the (2003)']","['lord of the rings: the fellowship of the ring, the (2001)']",0.2639344262295082,0.32459016393442625,0.25245901639344265,0.9565217391304349,2.9468599033816427,1.0,0.16678849771566784,15.534426229508247,0.8975501113585747,0.7512195121951221,0.9356268467707894,0.8671497584541064
"['lord of the rings: the fellowship of the ring, the (2001)']","['lord of the rings: the two towers, the (2002)', 'lord of the rings: the return of the king, the (2003)']",0.32459016393442625,0.2639344262295082,0.25245901639344265,0.7777777777777778,2.9468599033816427,1.0,0.16678849771566784,3.3122950819672132,0.978155339805825,0.7512195121951221,0.6980945310566693,0.8671497584541064
"['lord of the rings: the two towers, the (2002)', 'matrix, the (1999)']","['lord of the rings: the return of the king, the (2003)']",0.2442622950819672,0.30327868852459017,0.2180327868852459,0.8926174496644296,2.94322510429893,1.0,0.14395323837678045,6.488217213114757,0.8736320193107497,0.6616915422885573,0.8458744571654165,0.8057681842916742
"['lord of the rings: the return of the king, the (2003)']","['lord of the rings: the two towers, the (2002)', 'matrix, the (1999)']",0.30327868852459017,0.2442622950819672,0.2180327868852459,0.7189189189189189,2.94322510429893,1.0,0.14395323837678045,2.6886822194199245,0.9476337903582486,0.6616915422885573,0.6280705868558363,0.8057681842916742
"['lord of the rings: the fellowship of the ring, the (2001)', 'forrest gump (1994)']","['lord of the rings: the two towers, the (2002)']",0.2262295081967213,0.3081967213114754,0.20491803278688525,0.9057971014492754,2.939022510021585,1.0,0.1351948400967482,7.343757881462802,0.8526440677966102,0.6218905472636815,0.8638299333745451,0.7853453592352759
"['lord of the rings: the two towers, the (2002)']","['lord of the rings: the fellowship of the ring, the (2001)', 'forrest gump (1994)']",0.3081967213114754,0.2262295081967213,0.20491803278688525,0.6648936170212766,2.939022510021585,1.0,0.1351948400967482,2.3090294041113713,0.9536682464454977,0.6218905472636815,0.5669175982690228,0.7853453592352759
"['lord of the rings: the two towers, the (2002)']","['matrix, the (1999)', 'lord of the rings: the return of the king, the (2003)']",0.3081967213114754,0.24262295081967214,0.2180327868852459,0.7074468085106383,2.915828062104658,1.0,0.1432571889277076,2.588852459016394,0.9497559063535616,0.6551724137931034,0.6137284701114489,0.8030477285796436
"['matrix, the (1999)', 'lord of the rings: the return of the king, the (2003)']","['lord of the rings: the two towers, the (2002)']",0.24262295081967214,0.3081967213114754,0.2180327868852459,0.8986486486486487,2.915828062104658,1.0,0.1432571889277076,6.825792349726779,0.8675259577515216,0.6551724137931034,0.8534968617907007,0.8030477285796436
"['star wars: episode v - the empire strikes back (1980)', 'star wars: episode vi - return of the jedi (1983)']","['star wars: episode iv - a new hope (1977)', 'raiders of the lost ark (indiana jones and the raiders of the lost ark) (1981)']",0.26557377049180325,0.260655737704918,0.2,0.7530864197530865,2.889199472008697,1.0,0.13077667293738243,2.9943442622950838,0.8903322599531617,0.613065326633166,0.6660370644110484,0.7601910086186816
"['star wars: episode iv - a new hope (1977)', 'raiders of the lost ark (indiana jones and the raiders of the lost ark) (1981)']","['star wars: episode v - the empire strikes back (1980)', 'star wars: episode vi - return of the jedi (1983)']",0.260655737704918,0.26557377049180325,0.2,0.7672955974842768,2.8891994720086966,1.0,0.13077667293738243,3.156047851129819,0.8844098724146705,0.613065326633166,0.6831480233602876,0.7601910086186816
"['lord of the rings: the fellowship of the ring, the (2001)', 'matrix, the (1999)']","['lord of the rings: the return of the king, the (2003)']",0.2573770491803279,0.30327868852459017,0.22459016393442624,0.8726114649681529,2.8772594250301258,1.0,0.14653319000268744,5.469262295081968,0.878571083289022,0.6682926829268292,0.8171599850131136,0.8065760027543467
"['lord of the rings: the return of the king, the (2003)']","['lord of the rings: the fellowship of the ring, the (2001)', 'matrix, the (1999)']",0.30327868852459017,0.2573770491803279,0.22459016393442624,0.7405405405405405,2.8772594250301253,1.0,0.14653319000268744,2.862192622950819,0.9364534134821811,0.6682926829268292,0.6506175049221407,0.8065760027543467
"['lord of the rings: the two towers, the (2002)', 'forrest gump (1994)']","['lord of the rings: the fellowship of the ring, the (2001)']",0.21967213114754097,0.32459016393442625,0.20491803278688525,0.9328358208955224,2.873888135082165,1.0,0.13361461972588015,10.056102003642993,0.8355966386554622,0.6038647342995169,0.9005578901608461,0.7820744761043268
"['lord of the rings: the fellowship of the ring, the (2001)']","['lord of the rings: the two towers, the (2002)', 'forrest gump (1994)']",0.32459016393442625,0.21967213114754097,0.20491803278688525,0.6313131313131313,2.873888135082165,1.0,0.13361461972588015,2.116505726476533,0.9653980582524271,0.6038647342995169,0.5275231304643069,0.7820744761043268
"['lord of the rings: the return of the king, the (2003)', 'forrest gump (1994)']","['lord of the rings: the two towers, the (2002)']",0.22950819672131148,0.3081967213114754,0.20327868852459016,0.8857142857142857,2.8738601823708207,1.0,0.13254501478097286,6.053278688524589,0.8462594371997256,0.607843137254902,0.8348002708192281,0.772644376899696
"['lord of the rings: the two towers, the (2002)']","['lord of the rings: the return of the king, the (2003)', 'forrest gump (1994)']",0.3081967213114754,0.22950819672131148,0.20327868852459016,0.6595744680851063,2.8738601823708203,1.0,0.13254501478097286,2.2633196721311473,0.9425164347959027,0.607843137254902,0.5581711181530103,0.772644376899696
"['star wars: episode v - the empire strikes back (1980)', 'raiders of the lost ark (indiana jones and the raiders of the lost ark) (1981)']","['star wars: episode vi - return of the jedi (1983)', 'star wars: episode iv - a new hope (1977)']",0.24262295081967214,0.28688524590163933,0.2,0.8243243243243243,2.8733590733590737,1.0,0.13039505509271704,4.059268600252207,0.8608331559151232,0.6069651741293534,0.753650201926064,0.7607335907335908
"['star wars: episode v - the empire strikes back (1980)', 'forrest gump (1994)']","['star wars: episode vi - return of the jedi (1983)', 'star wars: episode iv - a new hope (1977)']",0.24262295081967214,0.28688524590163933,0.2,0.8243243243243243,2.8733590733590737,1.0,0.13039505509271704,4.059268600252207,0.8608331559151232,0.6069651741293534,0.753650201926064,0.7607335907335908
"['star wars: episode vi - return of the jedi (1983)', 'star wars: episode iv - a new hope (1977)']","['star wars: episode v - the empire strikes back (1980)', 'raiders of the lost ark (indiana jones and the raiders of the lost ark) (1981)']",0.28688524590163933,0.24262295081967214,0.2,0.6971428571428572,2.8733590733590733,1.0,0.13039505509271704,2.5007732755954226,0.9142641793857171,0.6069651741293534,0.6001236858379716,0.7607335907335908
"['star wars: episode vi - return of the jedi (1983)', 'star wars: episode iv - a new hope (1977)']","['star wars: episode v - the empire strikes back (1980)', 'forrest gump (1994)']",0.28688524590163933,0.24262295081967214,0.2,0.6971428571428572,2.8733590733590733,1.0,0.13039505509271704,2.5007732755954226,0.9142641793857171,0.6069651741293534,0.6001236858379716,0.7607335907335908
"['lord of the rings: the fellowship of the ring, the (2001)']","['matrix, the (1999)', 'lord of the rings: the return of the king, the (2003)']",0.32459016393442625,0.24262295081967214,0.22459016393442624,0.6919191919191919,2.851829101829102,1.0,0.14583714055361463,2.4583714055361465,0.9614130819927715,0.6555023923444975,0.5932266386811842,0.8087974337974337
"['matrix, the (1999)', 'lord of the rings: the return of the king, the (2003)']","['lord of the rings: the fellowship of the ring, the (2001)']",0.24262295081967214,0.32459016393442625,0.22459016393442624,0.9256756756756757,2.8518291018291015,1.0,0.14583714055361463,9.087332339791354,0.857364047145069,0.6555023923444975,0.8899567042770926,0.8087974337974337
"['lord of the rings: the return of the king, the (2003)']","['lord of the rings: the two towers, the (2002)']",0.30327868852459017,0.3081967213114754,0.2639344262295082,0.8702702702702703,2.82374928119609,1.0,0.17046492878258532,5.3326502732240435,0.9270003653635367,0.759433962264151,0.8124759830920968,0.8633266244968372
"['lord of the rings: the two towers, the (2002)']","['lord of the rings: the return of the king, the (2003)']",0.3081967213114754,0.30327868852459017,0.2639344262295082,0.8563829787234042,2.8237492811960894,1.0,0.17046492878258532,4.851244687310259,0.9335904153542727,0.759433962264151,0.7938673341677095,0.8633266244968372
['star wars: episode v - the empire strikes back (1980)'],"['star wars: episode vi - return of the jedi (1983)', 'raiders of the lost ark (indiana jones and the raiders of the lost ark) (1981)']",0.34590163934426227,0.2081967213114754,0.20327868852459016,0.5876777251184835,2.822704034033661,1.0,0.13126310131685032,1.9203504804974567,0.9872059180208586,0.5794392523364487,0.4792617232345237,0.7820278389371945
"['star wars: episode vi - return of the jedi (1983)', 'raiders of the lost ark (indiana jones and the raiders of the lost ark) (1981)']",['star wars: episode v - the empire strikes back (1980)'],0.2081967213114754,0.34590163934426227,0.20327868852459016,0.9763779527559056,2.8227040340336607,1.0,0.13126310131685032,27.69016393442628,0.8155179322781005,0.5794392523364487,0.9638860931857203,0.7820278389371945
['star wars: episode v - the empire strikes back (1980)'],"['star wars: episode vi - return of the jedi (1983)', 'star wars: episode iv - a new hope (1977)', 'raiders of the lost ark (indiana jones and the raiders of the lost ark) (1981)']",0.34590163934426227,0.20491803278688525,0.2,0.5781990521327015,2.8216113744075835,1.0,0.1291185165278151,1.8849696076625533,0.9869961789720201,0.5700934579439252,0.46948746763082044,0.7770995260663507
"['star wars: episode vi - return of the jedi (1983)', 'star wars: episode iv - a new hope (1977)', 'raiders of the lost ark (indiana jones and the raiders of the lost ark) (1981)']",['star wars: episode v - the empire strikes back (1980)'],0.20491803278688525,0.34590163934426227,0.2,0.976,2.821611374407583,1.0,0.1291185165278151,27.254098360655718,0.8119824235254351,0.5700934579439252,0.9633082706766917,0.7770995260663507
"['star wars: episode v - the empire strikes back (1980)', 'star wars: episode iv - a new hope (1977)']","['star wars: episode vi - return of the jedi (1983)', 'matrix, the (1999)']",0.3114754098360656,0.25245901639344265,0.22131147540983606,0.7105263157894737,2.8144224196855774,1.0,0.14267669981187853,2.5824143070044707,0.936331569664903,0.6459330143540668,0.6127654662973222,0.7935748462064252
"['star wars: episode vi - return of the jedi (1983)', 'matrix, the (1999)']","['star wars: episode v - the empire strikes back (1980)', 'star wars: episode iv - a new hope (1977)']",0.25245901639344265,0.3114754098360656,0.22131147540983606,0.8766233766233765,2.814422419685577,1.0,0.14267669981187853,5.580672993960306,0.8624106562703053,0.6459330143540668,0.8208101422387135,0.7935748462064252
['aladdin (1992)'],['beauty and the beast (1991)'],0.3,0.23934426229508196,0.20163934426229507,0.6721311475409836,2.808219178082192,1.0,0.12983606557377048,2.32,0.9198606271777003,0.5970873786407768,0.5689655172413792,0.7572984504828206
['beauty and the beast (1991)'],['aladdin (1992)'],0.23934426229508196,0.3,0.20163934426229507,0.8424657534246576,2.808219178082192,1.0,0.12983606557377048,4.443478260869566,0.8465096719932715,0.5970873786407768,0.7749510763209394,0.7572984504828206
"['star wars: episode v - the empire strikes back (1980)', 'star wars: episode vi - return of the jedi (1983)']","['star wars: episode iv - a new hope (1977)', 'forrest gump (1994)']",0.26557377049180325,0.26885245901639343,0.2,0.7530864197530865,2.801114122252334,1.0,0.1285998387530234,2.961147540983608,0.8755122950819673,0.5980392156862745,0.6622930853125175,0.7484944293887384
"['star wars: episode iv - a new hope (1977)', 'forrest gump (1994)']","['star wars: episode v - the empire strikes back (1980)', 'star wars: episode vi - return of the jedi (1983)']",0.26885245901639343,0.26557377049180325,0.2,0.7439024390243903,2.801114122252334,1.0,0.1285998387530234,2.867759562841531,0.8794383591854739,0.5980392156862745,0.6512957317073172,0.7484944293887384
"['lord of the rings: the two towers, the (2002)', 'matrix, the (1999)']","['lord of the rings: the fellowship of the ring, the (2001)']",0.2442622950819672,0.32459016393442625,0.22131147540983606,0.9060402684563759,2.7913361805979253,1.0,0.1420263370061811,7.188290398126466,0.8491684743311639,0.6367924528301887,0.8608848634912359,0.7939292251372788
"['lord of the rings: the fellowship of the ring, the (2001)']","['lord of the rings: the two towers, the (2002)', 'matrix, the (1999)']",0.32459016393442625,0.2442622950819672,0.22131147540983606,0.6818181818181818,2.7913361805979253,1.0,0.1420263370061811,2.375175644028103,0.9501618122977344,0.6367924528301887,0.5789785052257936,0.7939292251372788
"['lord of the rings: the two towers, the (2002)']","['lord of the rings: the fellowship of the ring, the (2001)', 'matrix, the (1999)']",0.3081967213114754,0.2573770491803279,0.22131147540983606,0.7180851063829787,2.7900121967746307,1.0,0.14198871271163666,2.6342097123414785,0.9274003861681587,0.6428571428571428,0.6203795030764173,0.7889788589239735
"['lord of the rings: the fellowship of the ring, the (2001)', 'matrix, the (1999)']","['lord of the rings: the two towers, the (2002)']",0.2573770491803279,0.3081967213114754,0.22131147540983606,0.8598726114649681,2.7900121967746303,1.0,0.14198871271163666,4.936959761549923,0.8639359005804922,0.6428571428571428,0.7974461919280342,0.7889788589239735
"['star wars: episode iv - a new hope (1977)', 'matrix, the (1999)']","['star wars: episode v - the empire strikes back (1980)', 'star wars: episode vi - return of the jedi (1983)']",0.3,0.26557377049180325,0.22131147540983606,0.7377049180327869,2.777777777777778,1.0,0.14163934426229507,2.8000000000000003,0.9142857142857143,0.642857142857143,0.642857142857143,0.7855191256830601
"['star wars: episode v - the empire strikes back (1980)', 'star wars: episode vi - return of the jedi (1983)']","['star wars: episode iv - a new hope (1977)', 'matrix, the (1999)']",0.26557377049180325,0.3,0.22131147540983606,0.8333333333333334,2.777777777777778,1.0,0.14163934426229507,4.200000000000001,0.8714285714285714,0.642857142857143,0.7619047619047621,0.7855191256830601
['star wars: episode vi - return of the jedi (1983)'],"['star wars: episode v - the empire strikes back (1980)', 'star wars: episode iv - a new hope (1977)', 'forrest gump (1994)']",0.32131147540983607,0.22459016393442624,0.2,0.6224489795918368,2.7714881573067185,1.0,0.12783660306369254,2.0537882144439523,0.9417913993822759,0.5781990521327015,0.5130948785433835,0.7564799642484732
"['star wars: episode v - the empire strikes back (1980)', 'star wars: episode iv - a new hope (1977)', 'forrest gump (1994)']",['star wars: episode vi - return of the jedi (1983)'],0.22459016393442624,0.32131147540983607,0.2,0.8905109489051095,2.7714881573067185,1.0,0.12783660306369254,6.198688524590165,0.8243163622500259,0.5781990521327015,0.8386755527345816,0.7564799642484732
"['star wars: episode vi - return of the jedi (1983)', 'star wars: episode iv - a new hope (1977)', 'matrix, the (1999)']",['star wars: episode v - the empire strikes back (1980)'],0.23114754098360657,0.34590163934426227,0.22131147540983606,0.9574468085106382,2.767974185741656,1.0,0.1413571620532115,15.371311475409815,0.8307510068704098,0.622119815668203,0.9349437423345597,0.7986286175254613
['star wars: episode v - the empire strikes back (1980)'],"['star wars: episode vi - return of the jedi (1983)', 'star wars: episode iv - a new hope (1977)', 'matrix, the (1999)']",0.34590163934426227,0.23114754098360657,0.22131147540983606,0.6398104265402844,2.767974185741656,1.0,0.1413571620532115,2.134577221742882,0.976496797549429,0.622119815668203,0.5315231560545277,0.7986286175254613
"['lord of the rings: the fellowship of the ring, the (2001)']","['lord of the rings: the return of the king, the (2003)', 'forrest gump (1994)']",0.32459016393442625,0.22950819672131148,0.20491803278688525,0.6313131313131313,2.7507215007215007,1.0,0.1304219295888202,2.0898270828654835,0.9423300970873785,0.5868544600938967,0.5214915108532129,0.7620851370851371
"['lord of the rings: the return of the king, the (2003)', 'forrest gump (1994)']","['lord of the rings: the fellowship of the ring, the (2001)']",0.22950819672131148,0.32459016393442625,0.20491803278688525,0.8928571428571429,2.7507215007215007,1.0,0.1304219295888202,6.303825136612025,0.8260425531914893,0.5868544600938967,0.8413661581137308,0.7620851370851371
"['star wars: episode v - the empire strikes back (1980)', 'raiders of the lost ark (indiana jones and the raiders of the lost ark) (1981)']","['star wars: episode iv - a new hope (1977)', 'matrix, the (1999)']",0.24262295081967214,0.3,0.2,0.8243243243243243,2.747747747747748,1.0,0.12721311475409836,3.9846153846153847,0.8398268398268397,0.583732057416268,0.7490347490347491,0.7454954954954955
"['lord of the rings: the return of the king, the (2003)']","['lord of the rings: the fellowship of the ring, the (2001)']",0.30327868852459017,0.32459016393442625,0.27049180327868855,0.891891891891892,2.747747747747748,1.0,0.17205052405267401,6.247540983606564,0.9129411764705883,0.7568807339449544,0.8399370244030439,0.8626126126126127
"['star wars: episode iv - a new hope (1977)', 'matrix, the (1999)']","['star wars: episode v - the empire strikes back (1980)', 'raiders of the lost ark (indiana jones and the raiders of the lost ark) (1981)']",0.3,0.24262295081967214,0.2,0.6666666666666667,2.747747747747748,1.0,0.12721311475409836,2.272131147540984,0.9086651053864169,0.583732057416268,0.55988455988456,0.7454954954954955
"['lord of the rings: the fellowship of the ring, the (2001)']","['lord of the rings: the return of the king, the (2003)']",0.32459016393442625,0.30327868852459017,0.27049180327868855,0.8333333333333334,2.7477477477477477,1.0,0.17205052405267401,4.18032786885246,0.9417475728155339,0.7568807339449544,0.7607843137254903,0.8626126126126127
"['star wars: episode v - the empire strikes back (1980)', 'star wars: episode iv - a new hope (1977)']","['star wars: episode vi - return of the jedi (1983)', 'forrest gump (1994)']",0.3114754098360656,0.23442622950819672,0.2,0.6421052631578947,2.7390504232609496,1.0,0.12698199408761085,2.1391031822565094,0.9221311475409835,0.5781990521327015,0.5325143694353657,0.7476260581523739
"['star wars: episode vi - return of the jedi (1983)', 'forrest gump (1994)']","['star wars: episode v - the empire strikes back (1980)', 'star wars: episode iv - a new hope (1977)']",0.23442622950819672,0.3114754098360656,0.2,0.8531468531468532,2.7390504232609496,1.0,0.12698199408761085,4.688524590163937,0.8293256573173727,0.5781990521327015,0.7867132867132869,0.7476260581523739
"['lord of the rings: the fellowship of the ring, the (2001)']","['lord of the rings: the two towers, the (2002)']",0.32459016393442625,0.3081967213114754,0.2721311475409836,0.8383838383838383,2.7202879862454328,1.0,0.17209352324643912,4.280532786885245,0.9363083401567434,0.7545454545454545,0.7663842213605245,0.8606812808940468
"['lord of the rings: the two towers, the (2002)']","['lord of the rings: the fellowship of the ring, the (2001)']",0.3081967213114754,0.32459016393442625,0.2721311475409836,0.8829787234042553,2.7202879862454328,1.0,0.17209352324643912,5.771684053651267,0.9141209387312281,0.7545454545454545,0.8267403429043585,0.8606812808940468
"['star wars: episode v - the empire strikes back (1980)', 'matrix, the (1999)']","['star wars: episode vi - return of the jedi (1983)', 'star wars: episode iv - a new hope (1977)']",0.2836065573770492,0.28688524590163933,0.22131147540983606,0.7803468208092484,2.7200660611065235,1.0,0.13994893845740392,3.2465487489214824,0.8827019238918553,0.6338028169014085,0.6919805992957277,0.77588769611891
"['star wars: episode vi - return of the jedi (1983)', 'star wars: episode iv - a new hope (1977)']","['star wars: episode v - the empire strikes back (1980)', 'matrix, the (1999)']",0.28688524590163933,0.2836065573770492,0.22131147540983606,0.7714285714285715,2.7200660611065235,1.0,0.13994893845740392,3.13422131147541,0.8867603235419327,0.6338028169014085,0.6809414841451455,0.77588769611891
"['star wars: episode v - the empire strikes back (1980)', 'matrix, the (1999)']","['star wars: episode iv - a new hope (1977)', 'raiders of the lost ark (indiana jones and the raiders of the lost ark) (1981)']",0.2836065573770492,0.260655737704918,0.2,0.7052023121387283,2.705493147198895,1.0,0.1260763235689331,2.507971713275474,0.8799377274261923,0.580952380952381,0.6012714199659075,0.7362489548115025
"['star wars: episode iv - a new hope (1977)', 'raiders of the lost ark (indiana jones and the raiders of the lost ark) (1981)']","['star wars: episode v - the empire strikes back (1980)', 'matrix, the (1999)']",0.260655737704918,0.2836065573770492,0.2,0.7672955974842768,2.7054931471988946,1.0,0.1260763235689331,3.0785556047851137,0.852622587328705,0.580952380952381,0.6751723443144367,0.7362489548115025
['indiana jones and the last crusade (1989)'],['raiders of the lost ark (indiana jones and the raiders of the lost ark) (1981)'],0.22950819672131148,0.32786885245901637,0.20163934426229507,0.8785714285714286,2.6796428571428574,1.0,0.12639075517334047,5.53519768563163,0.8135270714409272,0.5668202764976958,0.8193379790940767,0.7467857142857143
['raiders of the lost ark (indiana jones and the raiders of the lost ark) (1981)'],['indiana jones and the last crusade (1989)'],0.32786885245901637,0.22950819672131148,0.20163934426229507,0.615,2.679642857142857,1.0,0.12639075517334047,2.0012774111134766,0.9325798136030138,0.5668202764976958,0.5003191489361701,0.7467857142857143
"['star wars: episode vi - return of the jedi (1983)', 'star wars: episode iv - a new hope (1977)', 'forrest gump (1994)']",['star wars: episode v - the empire strikes back (1980)'],0.21639344262295082,0.34590163934426227,0.2,0.9242424242424243,2.6719804681889996,1.0,0.12514915345337277,8.634098360655747,0.7985458536250772,0.5520361990950227,0.8841801473380422,0.7512207381875629
['star wars: episode v - the empire strikes back (1980)'],"['star wars: episode vi - return of the jedi (1983)', 'star wars: episode iv - a new hope (1977)', 'forrest gump (1994)']",0.34590163934426227,0.21639344262295082,0.2,0.5781990521327015,2.6719804681889996,1.0,0.12514915345337277,1.8577638607478362,0.956653929906734,0.5520361990950227,0.46171845565051867,0.7512207381875629
"['pulp fiction (1994)', 'matrix, the (1999)']","['fight club (1999)', 'forrest gump (1994)']",0.29180327868852457,0.26229508196721313,0.20327868852459016,0.6966292134831461,2.6558988764044944,1.0,0.12674012362268205,2.4316939890710385,0.8803763440860212,0.5794392523364487,0.5887640449438203,0.735814606741573
"['fight club (1999)', 'forrest gump (1994)']","['pulp fiction (1994)', 'matrix, the (1999)']",0.26229508196721313,0.29180327868852457,0.20327868852459016,0.7749999999999999,2.6558988764044944,1.0,0.12674012362268205,3.1475409836065564,0.8451612903225806,0.5794392523364487,0.6822916666666665,0.735814606741573
"['star wars: episode v - the empire strikes back (1980)', 'star wars: episode iv - a new hope (1977)', 'raiders of the lost ark (indiana jones and the raiders of the lost ark) (1981)']",['star wars: episode vi - return of the jedi (1983)'],0.23442622950819672,0.32131147540983607,0.2,0.8531468531468532,2.655201940916227,1.0,0.12467616232195647,4.621545667447309,0.8142661564924351,0.5622119815668204,0.7836221749265229,0.737797916369345
['star wars: episode vi - return of the jedi (1983)'],"['star wars: episode v - the empire strikes back (1980)', 'star wars: episode iv - a new hope (1977)', 'raiders of the lost ark (indiana jones and the raiders of the lost ark) (1981)']",0.32131147540983607,0.23442622950819672,0.2,0.6224489795918368,2.6552019409162266,1.0,0.12467616232195647,2.0277359326539655,0.9185079591351865,0.5622119815668204,0.5068391382248831,0.737797916369345
['star wars: episode v - the empire strikes back (1980)'],"['star wars: episode iv - a new hope (1977)', 'raiders of the lost ark (indiana jones and the raiders of the lost ark) (1981)', 'matrix, the (1999)']",0.34590163934426227,0.2180327868852459,0.2,0.5781990521327015,2.6518903894808115,1.0,0.12458210158559528,1.853877325474305,0.9523193228974074,0.5495495495495496,0.46058998281121155,0.7477461426077041
"['star wars: episode iv - a new hope (1977)', 'raiders of the lost ark (indiana jones and the raiders of the lost ark) (1981)', 'matrix, the (1999)']",['star wars: episode v - the empire strikes back (1980)'],0.2180327868852459,0.34590163934426227,0.2,0.9172932330827068,2.6518903894808115,1.0,0.12458210158559528,7.908643815201199,0.796594150599718,0.5495495495495496,0.8735560706276971,0.7477461426077041
['star wars: episode vi - return of the jedi (1983)'],"['star wars: episode v - the empire strikes back (1980)', 'forrest gump (1994)']",0.32131147540983607,0.24262295081967214,0.20655737704918034,0.6428571428571429,2.6496138996139,1.0,0.1285998387530234,2.120655737704918,0.9173376274825551,0.5779816513761469,0.5284477427334571,0.7471042471042472
"['star wars: episode v - the empire strikes back (1980)', 'forrest gump (1994)']",['star wars: episode vi - return of the jedi (1983)'],0.24262295081967214,0.32131147540983607,0.20655737704918034,0.8513513513513514,2.6496138996139,1.0,0.1285998387530234,4.565722801788378,0.822029822029822,0.5779816513761469,0.7809766288027159,0.7471042471042472
['star wars: episode v - the empire strikes back (1980)'],"['star wars: episode vi - return of the jedi (1983)', 'matrix, the (1999)']",0.34590163934426227,0.25245901639344265,0.23114754098360657,0.6682464454976305,2.646950206191913,1.0,0.14382155334587476,2.2533021077283384,0.9512433566184965,0.6294642857142858,0.5562068678806021,0.791915430541023
"['star wars: episode vi - return of the jedi (1983)', 'matrix, the (1999)']",['star wars: episode v - the empire strikes back (1980)'],0.25245901639344265,0.34590163934426227,0.23114754098360657,0.9155844155844155,2.6469502061919123,1.0,0.14382155334587476,7.748549810844886,0.8323379370411844,0.6294642857142858,0.870943592748104,0.791915430541023
['star wars: episode vi - return of the jedi (1983)'],"['star wars: episode v - the empire strikes back (1980)', 'raiders of the lost ark (indiana jones and the raiders of the lost ark) (1981)']",0.32131147540983607,0.24262295081967214,0.20327868852459016,0.6326530612244898,2.607556536127965,1.0,0.1253211502284332,2.0617486338797817,0.9083683964469377,0.5636363636363637,0.5149748210972701,0.7352454495311638
"['star wars: episode v - the empire strikes back (1980)', 'raiders of the lost ark (indiana jones and the raiders of the lost ark) (1981)']",['star wars: episode vi - return of the jedi (1983)'],0.24262295081967214,0.32131147540983607,0.20327868852459016,0.8378378378378378,2.6075565361279645,1.0,0.1253211502284332,4.185245901639344,0.8139924591537494,0.5636363636363637,0.7610654132393263,0.7352454495311638
['star wars: episode v - the empire strikes back (1980)'],"['star wars: episode iv - a new hope (1977)', 'raiders of the lost ark (indiana jones and the raiders of the lost ark) (1981)']",0.34590163934426227,0.260655737704918,0.23442622950819672,0.6777251184834123,2.600077498584161,1.0,0.14426498253157755,2.294141755062681,0.9408310987258356,0.6299559471365638,0.564107144733662,0.7885480938329011
"['star wars: episode iv - a new hope (1977)', 'raiders of the lost ark (indiana jones and the raiders of the lost ark) (1981)']",['star wars: episode v - the empire strikes back (1980)'],0.260655737704918,0.34590163934426227,0.23442622950819672,0.89937106918239,2.600077498584161,1.0,0.14426498253157755,6.500102459016396,0.8323538988727459,0.6299559471365638,0.8461562711810975,0.7885480938329011
['star wars: episode v - the empire strikes back (1980)'],"['terminator 2: judgment day (1991)', 'star wars: episode iv - a new hope (1977)']",0.34590163934426227,0.22459016393442624,0.20163934426229507,0.5829383886255924,2.595565088040959,1.0,0.12395323837678043,1.85922131147541,0.9398088717729282,0.5466666666666666,0.4621404166207429,0.7403743038018473
"['terminator 2: judgment day (1991)', 'star wars: episode iv - a new hope (1977)']",['star wars: episode v - the empire strikes back (1980)'],0.22459016393442624,0.34590163934426227,0.20163934426229507,0.8978102189781021,2.5955650880409586,1.0,0.12395323837678043,6.400819672131142,0.7927774626583476,0.5466666666666666,0.8437700089640158,0.7403743038018473
"['star wars: episode v - the empire strikes back (1980)', 'star wars: episode iv - a new hope (1977)', 'matrix, the (1999)']",['star wars: episode vi - return of the jedi (1983)'],0.26557377049180325,0.32131147540983607,0.22131147540983606,0.8333333333333334,2.5935374149659864,1.0,0.13597957538296157,4.0721311475409845,0.8366071428571429,0.6053811659192825,0.7544283413848631,0.7610544217687074
['star wars: episode vi - return of the jedi (1983)'],"['star wars: episode v - the empire strikes back (1980)', 'star wars: episode iv - a new hope (1977)', 'matrix, the (1999)']",0.32131147540983607,0.26557377049180325,0.22131147540983606,0.6887755102040816,2.5935374149659864,1.0,0.13597957538296157,2.3597957538296153,0.9053140096618357,0.6053811659192825,0.5762345116618075,0.7610544217687074
"['star wars: episode iv - a new hope (1977)', 'matrix, the (1999)']",['star wars: episode v - the empire strikes back (1980)'],0.3,0.34590163934426227,0.26557377049180325,0.8852459016393442,2.5592417061611377,1.0,0.16180327868852457,5.7,0.8703703703703703,0.6982758620689654,0.8245614035087717,0.8265092067438427
['star wars: episode v - the empire strikes back (1980)'],"['star wars: episode iv - a new hope (1977)', 'matrix, the (1999)']",0.34590163934426227,0.3,0.26557377049180325,0.7677725118483412,2.559241706161137,1.0,0.16180327868852457,3.0142857142857133,0.9314489928525015,0.6982758620689654,0.6682464454976303,0.8265092067438427
"['star wars: episode vi - return of the jedi (1983)', 'forrest gump (1994)']",['star wars: episode v - the empire strikes back (1980)'],0.23442622950819672,0.34590163934426227,0.20655737704918034,0.8811188811188811,2.547310509395818,1.0,0.12546895995700083,5.502121504339443,0.7934298630230108,0.5526315789473685,0.8182519235150814,0.7391376396115733
['star wars: episode v - the empire strikes back (1980)'],"['star wars: episode vi - return of the jedi (1983)', 'forrest gump (1994)']",0.34590163934426227,0.23442622950819672,0.20655737704918034,0.5971563981042655,2.547310509395818,1.0,0.12546895995700083,1.9004243008678885,0.9286509925607671,0.5526315789473685,0.4738017191511819,0.7391376396115733
"['star wars: episode vi - return of the jedi (1983)', 'star wars: episode iv - a new hope (1977)']",['star wars: episode v - the empire strikes back (1980)'],0.28688524590163933,0.34590163934426227,0.25245901639344265,0.8800000000000001,2.5440758293838868,1.0,0.1532249395323838,5.4508196721311535,0.8510971786833856,0.6637931034482761,0.8165413533834589,0.8049289099526067
['star wars: episode v - the empire strikes back (1980)'],"['star wars: episode vi - return of the jedi (1983)', 'star wars: episode iv - a new hope (1977)']",0.34590163934426227,0.28688524590163933,0.25245901639344265,0.7298578199052134,2.5440758293838868,1.0,0.1532249395323838,2.6397756686798974,0.9278879015721121,0.6637931034482761,0.6211799313613336,0.8049289099526067
"['raiders of the lost ark (indiana jones and the raiders of the lost ark) (1981)', 'matrix, the (1999)']","['star wars: episode v - the empire strikes back (1980)', 'star wars: episode iv - a new hope (1977)']",0.25245901639344265,0.3114754098360656,0.2,0.7922077922077921,2.5434039644565956,1.0,0.12136522440204246,3.3135245901639334,0.8117630140926085,0.5495495495495495,0.6982065553494123,0.7171565276828434
"['star wars: episode v - the empire strikes back (1980)', 'star wars: episode iv - a new hope (1977)']","['raiders of the lost ark (indiana jones and the raiders of the lost ark) (1981)', 'matrix, the (1999)']",0.3114754098360656,0.25245901639344265,0.2,0.6421052631578947,2.5434039644565956,1.0,0.12136522440204246,2.088717454194793,0.8813427010148321,0.5495495495495495,0.5212373037857801,0.7171565276828434
"['star wars: episode v - the empire strikes back (1980)', 'matrix, the (1999)']",['star wars: episode vi - return of the jedi (1983)'],0.2836065573770492,0.32131147540983607,0.23114754098360657,0.815028901734104,2.536569541111242,1.0,0.14002149959688256,3.6691598360655733,0.8455783306555009,0.618421052631579,0.7274580436178828,0.7672083284180724
['star wars: episode vi - return of the jedi (1983)'],"['star wars: episode v - the empire strikes back (1980)', 'matrix, the (1999)']",0.32131147540983607,0.2836065573770492,0.23114754098360657,0.7193877551020409,2.536569541111242,1.0,0.14002149959688256,2.552965722801789,0.8925549045808066,0.618421052631579,0.6082986970531921,0.7672083284180724
"['terminator 2: judgment day (1991)', 'forrest gump (1994)']","['pulp fiction (1994)', 'jurassic park (1993)']",0.2786885245901639,0.2836065573770492,0.2,0.7176470588235295,2.5304318259095546,1.0,0.1209621069604945,2.537226775956285,0.8384873323397913,0.5520361990950227,0.6058688921792975,0.7114246854811289
"['pulp fiction (1994)', 'jurassic park (1993)']","['terminator 2: judgment day (1991)', 'forrest gump (1994)']",0.2836065573770492,0.2786885245901639,0.2,0.7052023121387283,2.5304318259095546,1.0,0.1209621069604945,2.4468016714882674,0.8442435382826275,0.5520361990950227,0.5913032054650552,0.7114246854811289
"['star wars: episode v - the empire strikes back (1980)', 'star wars: episode iv - a new hope (1977)']",['star wars: episode vi - return of the jedi (1983)'],0.3114754098360656,0.32131147540983607,0.25245901639344265,0.8105263157894738,2.522556390977444,1.0,0.15237839290513305,3.5819672131147557,0.8766233766233767,0.6637931034482759,0.7208237986270024,0.7981203007518798
['star wars: episode vi - return of the jedi (1983)'],"['star wars: episode v - the empire strikes back (1980)', 'star wars: episode iv - a new hope (1977)']",0.32131147540983607,0.3114754098360656,0.25245901639344265,0.7857142857142858,2.522556390977444,1.0,0.15237839290513305,3.213114754098362,0.8893280632411068,0.6637931034482759,0.6887755102040818,0.7981203007518798
"['star wars: episode iv - a new hope (1977)', 'forrest gump (1994)']",['star wars: episode vi - return of the jedi (1983)'],0.26885245901639343,0.32131147540983607,0.21639344262295082,0.8048780487804879,2.5049776007964164,1.0,0.13000806234883094,3.478278688524591,0.8217149069167006,0.5789473684210527,0.7125014728408154,0.7391737182677949
['star wars: episode vi - return of the jedi (1983)'],"['star wars: episode iv - a new hope (1977)', 'forrest gump (1994)']",0.32131147540983607,0.26885245901639343,0.21639344262295082,0.673469387755102,2.504977600796416,1.0,0.13000806234883094,2.239139344262295,0.8852291026204068,0.5789473684210527,0.553399835270431,0.7391737182677949
"['matrix, the (1999)', 'forrest gump (1994)']","['pulp fiction (1994)', 'fight club (1999)']",0.3180327868852459,0.25901639344262295,0.20327868852459016,0.6391752577319588,2.4677019444081956,1.0,0.12090298306906745,2.0535831381733023,0.8721308933002482,0.5438596491228072,0.5130462549037498,0.7119926921571187
"['pulp fiction (1994)', 'fight club (1999)']","['matrix, the (1999)', 'forrest gump (1994)']",0.25901639344262295,0.3180327868852459,0.20327868852459016,0.7848101265822784,2.467701944408195,1.0,0.12090298306906745,3.16914175506268,0.8026691407365116,0.5438596491228072,0.6844571567672834,0.7119926921571187
['batman (1989)'],['true lies (1994)'],0.30983606557377047,0.29180327868852457,0.22295081967213115,0.7195767195767196,2.4659651625943764,1.0,0.1325396398817522,2.5254562326013,0.8613595081738157,0.5887445887445888,0.6040319419949051,0.7418108316984722
['true lies (1994)'],['batman (1989)'],0.29180327868852457,0.30983606557377047,0.22295081967213115,0.7640449438202248,2.4659651625943764,1.0,0.1325396398817522,2.9249804839968787,0.8394267429193899,0.5887445887445888,0.6581173770316796,0.7418108316984722
"['lion king, the (1994)']",['aladdin (1992)'],0.2819672131147541,0.3,0.2081967213114754,0.7383720930232558,2.4612403100775193,1.0,0.12360655737704918,2.675555555555555,0.8268435623629239,0.5570175438596491,0.6262458471760798,0.7161805820307536
['aladdin (1992)'],"['lion king, the (1994)']",0.3,0.2819672131147541,0.2081967213114754,0.6939890710382514,2.4612403100775193,1.0,0.12360655737704918,2.346428571428571,0.8481439820022497,0.5570175438596491,0.573820395738204,0.7161805820307536
['star wars: episode v - the empire strikes back (1980)'],"['pulp fiction (1994)', 'star wars: episode iv - a new hope (1977)']",0.34590163934426227,0.25245901639344265,0.21475409836065573,0.6208530805687205,2.4592232412137625,1.0,0.12742811072292393,1.9716393442622955,0.9071533796322865,0.5598290598290598,0.49280784900640234,0.7357512156090356
"['pulp fiction (1994)', 'star wars: episode iv - a new hope (1977)']",['star wars: episode v - the empire strikes back (1980)'],0.25245901639344265,0.34590163934426227,0.21475409836065573,0.8506493506493505,2.4592232412137625,1.0,0.12742811072292393,4.379615110477546,0.7937592071782509,0.5598290598290598,0.7716694333235684,0.7357512156090356
['star wars: episode vi - return of the jedi (1983)'],"['star wars: episode iv - a new hope (1977)', 'raiders of the lost ark (indiana jones and the raiders of the lost ark) (1981)']",0.32131147540983607,0.260655737704918,0.20491803278688525,0.6377551020408163,2.4467334103452703,1.0,0.12116635313087881,2.041006695913184,0.8712270531400967,0.5434782608695653,0.5100457034254944,0.7119593120266975
"['star wars: episode iv - a new hope (1977)', 'raiders of the lost ark (indiana jones and the raiders of the lost ark) (1981)']",['star wars: episode vi - return of the jedi (1983)'],0.260655737704918,0.32131147540983607,0.20491803278688525,0.7861635220125787,2.4467334103452703,1.0,0.12116635313087881,3.1738669238187085,0.7997516629711752,0.5434782608695653,0.6849269285692584,0.7119593120266975
"['star wars: episode v - the empire strikes back (1980)', 'star wars: episode vi - return of the jedi (1983)', 'star wars: episode iv - a new hope (1977)']",['raiders of the lost ark (indiana jones and the raiders of the lost ark) (1981)'],0.25245901639344265,0.32786885245901637,0.2,0.7922077922077921,2.4162337662337663,1.0,0.11722655200214997,3.234631147540983,0.7840811044003452,0.5258620689655172,0.6908457396262273,0.7011038961038961
['raiders of the lost ark (indiana jones and the raiders of the lost ark) (1981)'],"['star wars: episode v - the empire strikes back (1980)', 'star wars: episode vi - return of the jedi (1983)', 'star wars: episode iv - a new hope (1977)']",0.32786885245901637,0.25245901639344265,0.2,0.6100000000000001,2.4162337662337663,1.0,0.11722655200214997,1.9167717528373271,0.8720511795281887,0.5258620689655172,0.4782894736842106,0.7011038961038961
"['star wars: episode iv - a new hope (1977)', 'forrest gump (1994)']",['star wars: episode v - the empire strikes back (1980)'],0.26885245901639343,0.34590163934426227,0.22459016393442624,0.8353658536585367,2.4150387238469544,1.0,0.13159365761891967,3.973041894353372,0.8013812968478938,0.5756302521008405,0.7483036860443794,0.7423274765923016
['star wars: episode v - the empire strikes back (1980)'],"['star wars: episode iv - a new hope (1977)', 'forrest gump (1994)']",0.34590163934426227,0.26885245901639343,0.22459016393442624,0.6492890995260664,2.4150387238469544,1.0,0.13159365761891967,2.0847585290208244,0.8957795949728335,0.5756302521008405,0.5203281406074002,0.7423274765923016
['independence day (a.k.a. id4) (1996)'],['mission: impossible (1996)'],0.33114754098360655,0.26557377049180325,0.21147540983606558,0.6386138613861386,2.404657132379905,1.0,0.12353130878796025,2.032247922748709,0.8733470132238943,0.5489361702127662,0.5079340523338048,0.7174550788412175
['mission: impossible (1996)'],['independence day (a.k.a. id4) (1996)'],0.26557377049180325,0.33114754098360655,0.21147540983606558,0.7962962962962964,2.404657132379905,1.0,0.12353130878796025,3.2834575260804786,0.7953696013289038,0.5489361702127662,0.6954429920116196,0.7174550788412175
['star wars: episode vi - return of the jedi (1983)'],"['star wars: episode iv - a new hope (1977)', 'matrix, the (1999)']",0.32131147540983607,0.3,0.23114754098360657,0.7193877551020409,2.39795918367347,1.0,0.13475409836065577,2.494545454545455,0.8589783122623088,0.592436974789916,0.599125364431487,0.7449397791903647
"['star wars: episode iv - a new hope (1977)', 'matrix, the (1999)']",['star wars: episode vi - return of the jedi (1983)'],0.3,0.32131147540983607,0.23114754098360657,0.7704918032786886,2.3979591836734695,1.0,0.13475409836065577,2.957142857142858,0.8328267477203649,0.592436974789916,0.6618357487922707,0.7449397791903647
"['star wars: episode vi - return of the jedi (1983)', 'raiders of the lost ark (indiana jones and the raiders of the lost ark) (1981)']",['star wars: episode iv - a new hope (1977)'],0.2081967213114754,0.41147540983606556,0.20491803278688525,0.984251968503937,2.3920067760454247,1.0,0.11925020155872078,37.371311475409904,0.7349565217391304,0.4940711462450594,0.9732415063715921,0.7411299683157135
['star wars: episode iv - a new hope (1977)'],"['star wars: episode vi - return of the jedi (1983)', 'raiders of the lost ark (indiana jones and the raiders of the lost ark) (1981)']",0.41147540983606556,0.2081967213114754,0.20491803278688525,0.49800796812749004,2.3920067760454247,1.0,0.11925020155872078,1.5773224043715848,0.9888133704735376,0.4940711462450594,0.36601420405335183,0.7411299683157135
"['star wars: episode v - the empire strikes back (1980)', 'star wars: episode vi - return of the jedi (1983)', 'raiders of the lost ark (indiana jones and the raiders of the lost ark) (1981)']",['star wars: episode iv - a new hope (1977)'],0.20327868852459016,0.41147540983606556,0.2,0.9838709677419355,2.3910808379385684,1.0,0.11635581832840636,36.48852459016397,0.7302165553531674,0.4822134387351779,0.9725941234612274,0.7349633723171829
['star wars: episode iv - a new hope (1977)'],"['star wars: episode v - the empire strikes back (1980)', 'star wars: episode vi - return of the jedi (1983)', 'raiders of the lost ark (indiana jones and the raiders of the lost ark) (1981)']",0.41147540983606556,0.20327868852459016,0.2,0.4860557768924303,2.3910808379385684,1.0,0.11635581832840636,1.5502096835684331,0.9885382894196083,0.4822134387351779,0.3549259751118981,0.7349633723171829
['star wars: episode iv - a new hope (1977)'],"['star wars: episode v - the empire strikes back (1980)', 'raiders of the lost ark (indiana jones and the raiders of the lost ark) (1981)', 'matrix, the (1999)']",0.41147540983606556,0.20327868852459016,0.2,0.4860557768924303,2.3910808379385684,1.0,0.11635581832840636,1.5502096835684331,0.9885382894196083,0.4822134387351779,0.3549259751118981,0.7349633723171829
"['star wars: episode v - the empire strikes back (1980)', 'raiders of the lost ark (indiana jones and the raiders of the lost ark) (1981)', 'matrix, the (1999)']",['star wars: episode iv - a new hope (1977)'],0.20327868852459016,0.41147540983606556,0.2,0.9838709677419355,2.3910808379385684,1.0,0.11635581832840636,36.48852459016397,0.7302165553531674,0.4822134387351779,0.9725941234612274,0.7349633723171829
['star wars: episode vi - return of the jedi (1983)'],['star wars: episode v - the empire strikes back (1980)'],0.32131147540983607,0.34590163934426227,0.26557377049180325,0.8265306122448979,2.3894960827933067,1.0,0.15443160440741732,3.7706846673095455,0.8568020516490725,0.6612244897959184,0.7347961741087411,0.7971515620466195
['star wars: episode v - the empire strikes back (1980)'],['star wars: episode vi - return of the jedi (1983)'],0.34590163934426227,0.32131147540983607,0.26557377049180325,0.7677725118483412,2.3894960827933067,1.0,0.15443160440741732,2.9225158916025418,0.8890126550945262,0.6612244897959184,0.6578290633514206,0.7971515620466195
['fight club (1999)'],"['pulp fiction (1994)', 'matrix, the (1999)', 'forrest gump (1994)']",0.35737704918032787,0.24098360655737705,0.20327868852459016,0.5688073394495413,2.36035698683143,1.0,0.11715667831228165,1.7602720613882108,0.8968482554312047,0.5145228215767635,0.43190599797887735,0.7061723772077638
"['pulp fiction (1994)', 'matrix, the (1999)', 'forrest gump (1994)']",['fight club (1999)'],0.24098360655737705,0.35737704918032787,0.20327868852459016,0.8435374149659863,2.36035698683143,1.0,0.11715667831228165,4.107198859586599,0.7593186093499618,0.5145228215767635,0.756525059003193,0.7061723772077638
['star wars: episode v - the empire strikes back (1980)'],"['star wars: episode iv - a new hope (1977)', 'shawshank redemption, the (1994)']",0.34590163934426227,0.25573770491803277,0.2081967213114754,0.6018957345971564,2.353566654514522,1.0,0.11973662993818866,1.8695160031225606,0.8792453574882088,0.5291666666666667,0.4651021984675449,0.7079991493498603
"['star wars: episode iv - a new hope (1977)', 'shawshank redemption, the (1994)']",['star wars: episode v - the empire strikes back (1980)'],0.25573770491803277,0.34590163934426227,0.2081967213114754,0.8141025641025641,2.353566654514522,1.0,0.11973662993818866,3.5185980780101755,0.7727288494224565,0.5291666666666667,0.7157959000064262,0.7079991493498603
"['star wars: episode v - the empire strikes back (1980)', 'star wars: episode vi - return of the jedi (1983)', 'forrest gump (1994)']",['star wars: episode iv - a new hope (1977)'],0.20655737704918034,0.41147540983606556,0.2,0.9682539682539683,2.3531271738443054,1.0,0.11500671862402581,18.538524590163934,0.7247324210811543,0.4784313725490197,0.9460582747490826,0.7271548725731993
['star wars: episode iv - a new hope (1977)'],"['star wars: episode v - the empire strikes back (1980)', 'star wars: episode vi - return of the jedi (1983)', 'forrest gump (1994)']",0.41147540983606556,0.20655737704918034,0.2,0.4860557768924303,2.3531271738443054,1.0,0.11500671862402581,1.5438302198500446,0.9770765788392165,0.4784313725490197,0.3522603799677324,0.7271548725731993
['star wars: episode v - the empire strikes back (1980)'],"['silence of the lambs, the (1991)', 'star wars: episode iv - a new hope (1977)']",0.34590163934426227,0.2540983606557377,0.20655737704918034,0.5971563981042655,2.3500993731845288,1.0,0.11866433754367108,1.851591128254581,0.8782869873095437,0.525,0.4599239622936306,0.7050298119553586
"['silence of the lambs, the (1991)', 'star wars: episode iv - a new hope (1977)']",['star wars: episode v - the empire strikes back (1980)'],0.2540983606557377,0.34590163934426227,0.20655737704918034,0.8129032258064517,2.3500993731845288,1.0,0.11866433754367108,3.4960429621254967,0.7701901273329844,0.525,0.7139623251677581,0.7050298119553586
['star wars: episode iv - a new hope (1977)'],"['star wars: episode v - the empire strikes back (1980)', 'raiders of the lost ark (indiana jones and the raiders of the lost ark) (1981)']",0.41147540983606556,0.24262295081967214,0.23442622950819672,0.5697211155378487,2.348174868095187,1.0,0.13459285138403654,1.7602003642987252,0.9755536942166467,0.55859375,0.43188285817767896,0.7679686658770324
"['star wars: episode v - the empire strikes back (1980)', 'raiders of the lost ark (indiana jones and the raiders of the lost ark) (1981)']",['star wars: episode iv - a new hope (1977)'],0.24262295081967214,0.41147540983606556,0.23442622950819672,0.9662162162162162,2.348174868095187,1.0,0.13459285138403654,17.420327868852464,0.7580601216964853,0.55859375,0.9425957991417602,0.7679686658770324
['raiders of the lost ark (indiana jones and the raiders of the lost ark) (1981)'],"['star wars: episode v - the empire strikes back (1980)', 'star wars: episode vi - return of the jedi (1983)']",0.32786885245901637,0.26557377049180325,0.20327868852459016,0.62,2.334567901234568,1.0,0.11620532115022844,1.9327006039689387,0.8505114083398898,0.5210084033613447,0.4825892857142858,0.692716049382716
"['star wars: episode v - the empire strikes back (1980)', 'star wars: episode vi - return of the jedi (1983)']",['raiders of the lost ark (indiana jones and the raiders of the lost ark) (1981)'],0.26557377049180325,0.32786885245901637,0.20327868852459016,0.7654320987654322,2.334567901234568,1.0,0.11620532115022844,2.865401207937879,0.7783698156682028,0.5210084033613447,0.6510087323095454,0.692716049382716
"['raiders of the lost ark (indiana jones and the raiders of the lost ark) (1981)', 'matrix, the (1999)']",['star wars: episode v - the empire strikes back (1980)'],0.25245901639344265,0.34590163934426227,0.20327868852459016,0.8051948051948051,2.3278143657290578,1.0,0.11595270088685837,3.3577049180327863,0.7630517826825127,0.5145228215767635,0.7021775217263938,0.6964362651566443
['star wars: episode v - the empire strikes back (1980)'],"['raiders of the lost ark (indiana jones and the raiders of the lost ark) (1981)', 'matrix, the (1999)']",0.34590163934426227,0.25245901639344265,0.20327868852459016,0.5876777251184835,2.3278143657290578,1.0,0.11595270088685837,1.8130016958733752,0.8720591802085859,0.5145228215767635,0.4484285357944625,0.6964362651566443
"['star wars: episode v - the empire strikes back (1980)', 'star wars: episode vi - return of the jedi (1983)', 'matrix, the (1999)']",['star wars: episode iv - a new hope (1977)'],0.23114754098360657,0.41147540983606556,0.22131147540983606,0.9574468085106382,2.326862761719081,1.0,0.12619994625100778,13.83032786885244,0.7416725894337833,0.5252918287937743,0.9276951342381318,0.7476477070441637
['star wars: episode iv - a new hope (1977)'],"['star wars: episode v - the empire strikes back (1980)', 'star wars: episode vi - return of the jedi (1983)', 'matrix, the (1999)']",0.41147540983606556,0.23114754098360657,0.22131147540983606,0.5378486055776892,2.326862761719081,1.0,0.12619994625100778,1.6636376483889201,0.96892602909316,0.5252918287937743,0.3989075680221544,0.7476477070441637
['true lies (1994)'],"['fugitive, the (1993)']",0.29180327868852457,0.3114754098360656,0.21147540983606558,0.7247191011235956,2.3267297457125964,1.0,0.12058586401504973,2.5011709601873546,0.8051607809359747,0.5397489539748954,0.6001872659176032,0.7018332347723242
"['fugitive, the (1993)']",['true lies (1994)'],0.3114754098360656,0.29180327868852457,0.21147540983606558,0.6789473684210526,2.3267297457125964,1.0,0.12058586401504973,2.2058586401504976,0.8281653746770026,0.5397489539748954,0.5466617933723197,0.7018332347723242
['star wars: episode iv - a new hope (1977)'],"['star wars: episode v - the empire strikes back (1980)', 'shawshank redemption, the (1994)']",0.41147540983606556,0.2180327868852459,0.2081967213114754,0.5059760956175299,2.3206422430578435,1.0,0.1184815909701693,1.5828529878371234,0.9669686136029654,0.49416342412451364,0.3682293885255623,0.7304316568313213
"['star wars: episode v - the empire strikes back (1980)', 'shawshank redemption, the (1994)']",['star wars: episode iv - a new hope (1977)'],0.2180327868852459,0.41147540983606556,0.2081967213114754,0.9548872180451127,2.3206422430578435,1.0,0.1184815909701693,13.045628415300515,0.7277604450387097,0.49416342412451364,0.923345969380275,0.7304316568313213
['star wars: episode iv - a new hope (1977)'],"['terminator 2: judgment day (1991)', 'star wars: episode v - the empire strikes back (1980)']",0.41147540983606556,0.21147540983606558,0.20163934426229507,0.4900398406374502,2.3172426572778653,1.0,0.11462241332975005,1.5462474385245901,0.9658944221754194,0.47859922178988323,0.35327297877098673,0.7217641063652367
"['terminator 2: judgment day (1991)', 'star wars: episode v - the empire strikes back (1980)']",['star wars: episode iv - a new hope (1977)'],0.21147540983606558,0.41147540983606556,0.20163934426229507,0.9534883720930232,2.3172426572778653,1.0,0.11462241332975005,12.653278688524567,0.7209066477359161,0.47859922178988323,0.920969100213772,0.7217641063652367
['star wars: episode iv - a new hope (1977)'],"['star wars: episode v - the empire strikes back (1980)', 'star wars: episode vi - return of the jedi (1983)']",0.41147540983606556,0.26557377049180325,0.25245901639344265,0.6135458167330679,2.310265112389947,1.0,0.1431819403386187,1.9004225114078086,0.9636797742647327,0.5945945945945946,0.4738012236767219,0.7820815503418427
"['star wars: episode v - the empire strikes back (1980)', 'star wars: episode vi - return of the jedi (1983)']",['star wars: episode iv - a new hope (1977)'],0.26557377049180325,0.41147540983606556,0.25245901639344265,0.9506172839506175,2.310265112389947,1.0,0.1431819403386187,11.917622950819727,0.772234461966605,0.5945945945945946,0.9160906496096843,0.7820815503418427
['raiders of the lost ark (indiana jones and the raiders of the lost ark) (1981)'],"['star wars: episode v - the empire strikes back (1980)', 'star wars: episode iv - a new hope (1977)', 'matrix, the (1999)']",0.32786885245901637,0.26557377049180325,0.2,0.6100000000000001,2.296913580246914,1.0,0.11292663262563829,1.8831441782261458,0.840063974410236,0.5083333333333334,0.4689732142857145,0.6815432098765433
"['star wars: episode v - the empire strikes back (1980)', 'star wars: episode iv - a new hope (1977)', 'matrix, the (1999)']",['raiders of the lost ark (indiana jones and the raiders of the lost ark) (1981)'],0.26557377049180325,0.32786885245901637,0.2,0.7530864197530865,2.296913580246914,1.0,0.11292663262563829,2.7221311475409853,0.7688085480093678,0.5083333333333334,0.6326407708521531,0.6815432098765433
['raiders of the lost ark (indiana jones and the raiders of the lost ark) (1981)'],"['star wars: episode v - the empire strikes back (1980)', 'star wars: episode iv - a new hope (1977)']",0.32786885245901637,0.3114754098360656,0.23442622950819672,0.7150000000000001,2.295526315789474,1.0,0.13230314431604406,2.4158757549611742,0.8396725225993517,0.5789473684210525,0.5860714285714287,0.7338157894736843
"['star wars: episode v - the empire strikes back (1980)', 'star wars: episode iv - a new hope (1977)']",['raiders of the lost ark (indiana jones and the raiders of the lost ark) (1981)'],0.3114754098360656,0.32786885245901637,0.23442622950819672,0.7526315789473684,2.295526315789474,1.0,0.13230314431604406,2.7171259155912106,0.8196803196803196,0.5789473684210525,0.6319640564826701,0.7338157894736843
['star wars: episode iv - a new hope (1977)'],"['star wars: episode v - the empire strikes back (1980)', 'pulp fiction (1994)']",0.41147540983606556,0.2278688524590164,0.21475409836065573,0.5219123505976095,2.2904067184499413,1.0,0.12099166890620801,1.6150409836065571,0.9573029407386932,0.5057915057915057,0.3808206663790697,0.7321791968815385
"['star wars: episode v - the empire strikes back (1980)', 'pulp fiction (1994)']",['star wars: episode iv - a new hope (1977)'],0.2278688524590164,0.41147540983606556,0.21475409836065573,0.9424460431654677,2.2904067184499413,1.0,0.12099166890620801,10.225614754098364,0.7296640248942481,0.5057915057915057,0.9022063686098475,0.7321791968815385
"['terminator 2: judgment day (1991)', 'pulp fiction (1994)']","['jurassic park (1993)', 'forrest gump (1994)']",0.27049180327868855,0.32459016393442625,0.2,0.7393939393939394,2.277930823385369,1.0,0.11220102123085192,2.5916889058330157,0.7690182354024682,0.5062240663900415,0.6141512209473374,0.6777777777777778
"['jurassic park (1993)', 'forrest gump (1994)']","['terminator 2: judgment day (1991)', 'pulp fiction (1994)']",0.32459016393442625,0.27049180327868855,0.2,0.6161616161616161,2.2779308233853683,1.0,0.11220102123085192,1.9005608283002589,0.8306143561992677,0.5062240663900415,0.4738395187833389,0.6777777777777778
['star wars: episode iv - a new hope (1977)'],"['star wars: episode v - the empire strikes back (1980)', 'matrix, the (1999)']",0.41147540983606556,0.2836065573770492,0.26557377049180325,0.6454183266932271,2.275752481403864,1.0,0.14887664606288628,2.0203904954871983,0.9525258777812164,0.6183206106870228,0.5050461768486694,0.7909172558321627
"['star wars: episode v - the empire strikes back (1980)', 'matrix, the (1999)']",['star wars: episode iv - a new hope (1977)'],0.2836065573770492,0.41147540983606556,0.26557377049180325,0.9364161849710981,2.275752481403864,1.0,0.14887664606288628,9.255886736214586,0.7825098172161482,0.6183206106870228,0.8919606485581333,0.7909172558321627
['star wars: episode iv - a new hope (1977)'],"['silence of the lambs, the (1991)', 'star wars: episode v - the empire strikes back (1980)']",0.41147540983606556,0.22131147540983606,0.20655737704918034,0.50199203187251,2.268260292164675,1.0,0.1154931470034937,1.5636065573770492,0.9500596896140071,0.4846153846153846,0.3604529251415391,0.7176626826029218
"['silence of the lambs, the (1991)', 'star wars: episode v - the empire strikes back (1980)']",['star wars: episode iv - a new hope (1977)'],0.22131147540983606,0.41147540983606556,0.20655737704918034,0.9333333333333335,2.268260292164675,1.0,0.1154931470034937,8.827868852459034,0.7180451127819549,0.4846153846153846,0.8867223769730735,0.7176626826029218
['star wars: episode iv - a new hope (1977)'],"['star wars: episode v - the empire strikes back (1980)', 'forrest gump (1994)']",0.41147540983606556,0.24262295081967214,0.22459016393442624,0.5458167330677292,2.2496500484548294,1.0,0.12475678581026607,1.6675582398619502,0.9438627167923876,0.5229007633587787,0.4003207947431056,0.7357462043717025
"['star wars: episode v - the empire strikes back (1980)', 'forrest gump (1994)']",['star wars: episode iv - a new hope (1977)'],0.24262295081967214,0.41147540983606556,0.22459016393442624,0.9256756756756757,2.2496500484548294,1.0,0.12475678581026607,7.918330849478389,0.7334344487629159,0.5229007633587787,0.8737107581118723,0.7357462043717025
['shrek (2001)'],"['lord of the rings: the fellowship of the ring, the (2001)']",0.2786885245901639,0.32459016393442625,0.20327868852459016,0.7294117647058824,2.247177658942365,1.0,0.11281913464122548,2.4960798289379906,0.7694281524926686,0.5081967213114754,0.5993717875499714,0.6778371954842544
"['lord of the rings: the fellowship of the ring, the (2001)']",['shrek (2001)'],0.32459016393442625,0.2786885245901639,0.20327868852459016,0.6262626262626262,2.247177658942365,1.0,0.11281913464122548,1.9299955693398314,0.821719386157219,0.5081967213114754,0.48186409550045906,0.6778371954842544
"['star wars: episode vi - return of the jedi (1983)', 'forrest gump (1994)']",['star wars: episode iv - a new hope (1977)'],0.23442622950819672,0.41147540983606556,0.21639344262295082,0.9230769230769231,2.2433343548881397,1.0,0.119932813759742,7.650819672131153,0.7239471805852962,0.5038167938931298,0.8692950503535463,0.7244866687097763
['star wars: episode iv - a new hope (1977)'],"['star wars: episode vi - return of the jedi (1983)', 'forrest gump (1994)']",0.41147540983606556,0.23442622950819672,0.21639344262295082,0.5258964143426295,2.2433343548881397,1.0,0.119932813759742,1.614781650365064,0.941736304549675,0.5038167938931298,0.38072122644326334,0.7244866687097763
['star wars: episode vi - return of the jedi (1983)'],['back to the future (1985)'],0.32131147540983607,0.28032786885245903,0.20163934426229507,0.6275510204081632,2.2386322950232724,1.0,0.11156678312281644,1.9322703795194247,0.8152468481206552,0.5040983606557375,0.48247408302728834,0.6734246330110991
['back to the future (1985)'],['star wars: episode vi - return of the jedi (1983)'],0.28032786885245903,0.32131147540983607,0.20163934426229507,0.719298245614035,2.238632295023272,1.0,0.11156678312281644,2.4178278688524584,0.7688204900272239,0.5040983606557375,0.5864056275955588,0.6734246330110991
"['lord of the rings: the fellowship of the ring, the (2001)', 'matrix, the (1999)']",['fight club (1999)'],0.2573770491803279,0.35737704918032787,0.20491803278688525,0.7961783439490445,2.2278384853620055,1.0,0.11293738242407955,3.1528688524590156,0.7421456953642385,0.5,0.6828285454309111,0.6847864196809443
['fight club (1999)'],"['lord of the rings: the fellowship of the ring, the (2001)', 'matrix, the (1999)']",0.35737704918032787,0.2573770491803279,0.20491803278688525,0.573394495412844,2.2278384853620055,1.0,0.11293738242407955,1.7407720782654679,0.8576326530612245,0.5,0.42554225651619176,0.6847864196809443
['star wars: episode iv - a new hope (1977)'],"['star wars: episode vi - return of the jedi (1983)', 'matrix, the (1999)']",0.41147540983606556,0.25245901639344265,0.23114754098360657,0.5617529880478088,2.2251254721374245,1.0,0.12726686374630475,1.7057526080476904,0.9355380390762361,0.5340909090909092,0.41374851471307755,0.7386687018161122
"['star wars: episode vi - return of the jedi (1983)', 'matrix, the (1999)']",['star wars: episode iv - a new hope (1977)'],0.25245901639344265,0.41147540983606556,0.23114754098360657,0.9155844155844155,2.225125472137424,1.0,0.12726686374630475,6.971752837326601,0.7365310439218612,0.5340909090909092,0.8565640487646057,0.7386687018161122
"['star wars: episode iv - a new hope (1977)', 'matrix, the (1999)']",['raiders of the lost ark (indiana jones and the raiders of the lost ark) (1981)'],0.3,0.32786885245901637,0.2180327868852459,0.726775956284153,2.216666666666667,1.0,0.11967213114754101,2.4600000000000004,0.7841031149301828,0.532,0.5934959349593496,0.6958879781420766
['raiders of the lost ark (indiana jones and the raiders of the lost ark) (1981)'],"['star wars: episode iv - a new hope (1977)', 'matrix, the (1999)']",0.32786885245901637,0.3,0.2180327868852459,0.665,2.216666666666667,1.0,0.11967213114754101,2.0895522388059704,0.8166147075004585,0.532,0.5214285714285716,0.6958879781420766
"['sixth sense, the (1999)']","['matrix, the (1999)', 'forrest gump (1994)']",0.2934426229508197,0.3180327868852459,0.20655737704918034,0.7039106145251397,2.213327190001728,1.0,0.11323300188121474,2.3032477575007735,0.7758627039369499,0.5101214574898786,0.5658304684142674,0.6766975753038069
"['matrix, the (1999)', 'forrest gump (1994)']","['sixth sense, the (1999)']",0.3180327868852459,0.2934426229508197,0.20655737704918034,0.6494845360824743,2.2133271900017277,1.0,0.11323300188121474,2.0157666345226617,0.8038385225885227,0.5101214574898786,0.503910828330184,0.6766975753038069
"['pulp fiction (1994)', 'matrix, the (1999)']",['fight club (1999)'],0.29180327868852457,0.35737704918032787,0.22950819672131148,0.7865168539325843,2.2008040408205343,1.0,0.1252244020424617,3.0101811906816227,0.7704365079365079,0.5468750000000001,0.6677940839257052,0.7143593443974848
['fight club (1999)'],"['pulp fiction (1994)', 'matrix, the (1999)']",0.35737704918032787,0.29180327868852457,0.22950819672131148,0.6422018348623854,2.2008040408205343,1.0,0.1252244020424617,1.979319041614124,0.8490524781341109,0.5468750000000001,0.4947757390417941,0.7143593443974848
"['jurassic park (1993)', 'forrest gump (1994)']",['speed (1994)'],0.32459016393442625,0.28032786885245903,0.2,0.6161616161616161,2.198003426073601,1.0,0.10900833109379199,1.8749352890422775,0.8069791500875376,0.4939271255060729,0.4666482593589655,0.6648059542796385
['speed (1994)'],"['jurassic park (1993)', 'forrest gump (1994)']",0.28032786885245903,0.32459016393442625,0.2,0.7134502923976608,2.198003426073601,1.0,0.10900833109379199,2.357042489126798,0.7573471750252063,0.4939271255060729,0.5757395105887695,0.6648059542796385
"['fugitive, the (1993)']",['batman (1989)'],0.3114754098360656,0.30983606557377047,0.21147540983606558,0.6789473684210526,2.191311612364244,1.0,0.11496909432948134,2.1496909432948135,0.7895902547065339,0.516,0.5348168521065133,0.6807435254803675
['batman (1989)'],"['fugitive, the (1993)']",0.30983606557377047,0.3114754098360656,0.21147540983606558,0.6825396825396826,2.191311612364244,1.0,0.11496909432948134,2.1688524590163936,0.7877147434126941,0.516,0.5389266817838246,0.6807435254803675
['star wars: episode v - the empire strikes back (1980)'],['star wars: episode iv - a new hope (1977)'],0.34590163934426227,0.41147540983606556,0.3114754098360656,0.9004739336492892,2.18840278695644,1.0,0.16914539102391832,5.913270882123346,0.8302202875610077,0.6985294117647061,0.8308888566185694,0.828723022601537
['star wars: episode iv - a new hope (1977)'],['star wars: episode v - the empire strikes back (1980)'],0.41147540983606556,0.34590163934426227,0.3114754098360656,0.7569721115537849,2.18840278695644,1.0,0.16914539102391832,2.6914539102391832,0.9227239407711479,0.6985294117647061,0.6284536041298465,0.828723022601537
"['pulp fiction (1994)', 'forrest gump (1994)']","['jurassic park (1993)', 'shawshank redemption, the (1994)']",0.3770491803278688,0.25245901639344265,0.2081967213114754,0.5521739130434783,2.1871823828345565,1.0,0.11300725611394785,1.6692662740728954,0.8713220058019063,0.49416342412451364,0.4009344012204424,0.6884246188594014
"['jurassic park (1993)', 'shawshank redemption, the (1994)']","['pulp fiction (1994)', 'forrest gump (1994)']",0.25245901639344265,0.3770491803278688,0.2081967213114754,0.8246753246753246,2.1871823828345565,1.0,0.11300725611394785,3.5531268973891903,0.7261016715015886,0.49416342412451364,0.7185577580314421,0.6884246188594014
"['terminator 2: judgment day (1991)', 'pulp fiction (1994)', 'forrest gump (1994)']",['jurassic park (1993)'],0.23442622950819672,0.3901639344262295,0.2,0.8531468531468532,2.1866368925192456,1.0,0.10853533996237572,4.152693208430915,0.7088496507178713,0.4710424710424711,0.7591924204827433,0.68287594758183
['jurassic park (1993)'],"['terminator 2: judgment day (1991)', 'pulp fiction (1994)', 'forrest gump (1994)']",0.3901639344262295,0.23442622950819672,0.2,0.5126050420168068,2.1866368925192456,1.0,0.10853533996237572,1.570746184284907,0.8898730830248547,0.4710424710424711,0.3633599049898333,0.68287594758183
"['star wars: episode v - the empire strikes back (1980)', 'matrix, the (1999)']",['raiders of the lost ark (indiana jones and the raiders of the lost ark) (1981)'],0.2836065573770492,0.32786885245901637,0.20327868852459016,0.7167630057803468,2.1861271676300578,1.0,0.11029293200752485,2.3730344596855137,0.7573632538569425,0.49799196787148603,0.5785986183561257,0.6683815028901734
['raiders of the lost ark (indiana jones and the raiders of the lost ark) (1981)'],"['star wars: episode v - the empire strikes back (1980)', 'matrix, the (1999)']",0.32786885245901637,0.2836065573770492,0.20327868852459016,0.62,2.1861271676300578,1.0,0.11029293200752485,1.8852459016393441,0.8072383949645946,0.49799196787148603,0.4695652173913043,0.6683815028901734
['raiders of the lost ark (indiana jones and the raiders of the lost ark) (1981)'],"['star wars: episode vi - return of the jedi (1983)', 'star wars: episode iv - a new hope (1977)']",0.32786885245901637,0.28688524590163933,0.20491803278688525,0.6250000000000001,2.1785714285714293,1.0,0.11085729642569203,1.9016393442622956,0.8048780487804879,0.5000000000000001,0.47413793103448293,0.6696428571428572
"['star wars: episode vi - return of the jedi (1983)', 'star wars: episode iv - a new hope (1977)']",['raiders of the lost ark (indiana jones and the raiders of the lost ark) (1981)'],0.28688524590163933,0.32786885245901637,0.20491803278688525,0.7142857142857143,2.178571428571429,1.0,0.11085729642569203,2.352459016393443,0.7586206896551724,0.5000000000000001,0.5749128919860627,0.6696428571428572
['jurassic park (1993)'],"['batman (1989)', 'forrest gump (1994)']",0.3901639344262295,0.23934426229508196,0.20327868852459016,0.5210084033613446,2.176815931852193,1.0,0.10989518946519754,1.5880356629278114,0.8864897676031912,0.476923076923077,0.3702912199362504,0.6851617359272477
"['batman (1989)', 'forrest gump (1994)']",['jurassic park (1993)'],0.23934426229508196,0.3901639344262295,0.20327868852459016,0.8493150684931507,2.176815931852193,1.0,0.10989518946519754,4.047093889716842,0.7107202447163516,0.476923076923077,0.7529091176903817,0.6851617359272477
['star wars: episode vi - return of the jedi (1983)'],['star wars: episode iv - a new hope (1977)'],0.32131147540983607,0.41147540983606556,0.28688524590163933,0.8928571428571428,2.1698918611269207,1.0,0.15467347487234615,5.492896174863385,0.7943961352657005,0.6433823529411764,0.8179466772781535,0.7950341491178143
['star wars: episode iv - a new hope (1977)'],['star wars: episode vi - return of the jedi (1983)'],0.41147540983606556,0.32131147540983607,0.28688524590163933,0.697211155378486,2.1698918611269207,1.0,0.15467347487234615,2.2414581535806724,0.9161002785515321,0.6433823529411764,0.553861847296803,0.7950341491178143
['fight club (1999)'],['memento (2000)'],0.35737704918032787,0.260655737704918,0.20163934426229507,0.5642201834862385,2.164618314003808,1.0,0.10848696586938995,1.6966005176876615,0.8372324539571928,0.484251968503937,0.4105860574869301,0.6689025445733079
['memento (2000)'],['fight club (1999)'],0.260655737704918,0.35737704918032787,0.20163934426229507,0.7735849056603774,2.164618314003808,1.0,0.10848696586938995,2.838251366120219,0.7277053701800876,0.484251968503937,0.6476703889102812,0.6689025445733079
"['speed (1994)', 'forrest gump (1994)']",['jurassic park (1993)'],0.23770491803278687,0.3901639344262295,0.2,0.8413793103448277,2.1564763836569116,1.0,0.1072561139478635,3.8446186742694257,0.7035078441741583,0.46743295019157094,0.7398961809417874,0.6769921761808173
['jurassic park (1993)'],"['speed (1994)', 'forrest gump (1994)']",0.3901639344262295,0.23770491803278687,0.2,0.5126050420168068,2.1564763836569116,1.0,0.1072561139478635,1.5640192198982479,0.879384805217698,0.46743295019157094,0.3606216680220476,0.6769921761808173
['jurassic park (1993)'],"['fugitive, the (1993)', 'forrest gump (1994)']",0.3901639344262295,0.2442622950819672,0.20491803278688525,0.5252100840336135,2.1501889346342566,1.0,0.10961569470572428,1.591730741331786,0.8771612903225808,0.4770992366412214,0.37175303961063827,0.6820681292651289
"['fugitive, the (1993)', 'forrest gump (1994)']",['jurassic park (1993)'],0.2442622950819672,0.3901639344262295,0.20491803278688525,0.8389261744966443,2.1501889346342566,1.0,0.10961569470572428,3.786065573770492,0.7078177874186551,0.4770992366412214,0.735873565706863,0.6820681292651289
"['matrix, the (1999)', 'forrest gump (1994)']",['fight club (1999)'],0.3180327868852459,0.35737704918032787,0.2442622950819672,0.7680412371134021,2.149106213941171,1.0,0.13060467616232196,2.770418943533698,0.7840410428497678,0.5665399239543725,0.6390437618346309,0.7257637378227562
['fight club (1999)'],"['matrix, the (1999)', 'forrest gump (1994)']",0.35737704918032787,0.3180327868852459,0.2442622950819672,0.6834862385321101,2.149106213941171,1.0,0.13060467616232196,2.154621050130672,0.8320435556773045,0.5665399239543725,0.5358812632321808,0.7257637378227562
['terminator 2: judgment day (1991)'],"['jurassic park (1993)', 'braveheart (1995)']",0.36721311475409835,0.2639344262295082,0.2081967213114754,0.5669642857142857,2.148125554569654,1.0,0.11127653856490191,1.6997802940679396,0.8446411815103423,0.4922480620155039,0.4116886732421254,0.6778920807453417
"['jurassic park (1993)', 'braveheart (1995)']",['terminator 2: judgment day (1991)'],0.2639344262295082,0.36721311475409835,0.2081967213114754,0.7888198757763976,2.148125554569654,1.0,0.11127653856490191,2.9964320154291233,0.7261280535924102,0.4922480620155039,0.6662697518746179,0.6778920807453417
"['lord of the rings: the fellowship of the ring, the (2001)']","['matrix, the (1999)', 'fight club (1999)']",0.32459016393442625,0.29508196721311475,0.20491803278688525,0.6313131313131313,2.139450056116723,1.0,0.10913732867508734,1.9119694587918254,0.7885436893203882,0.4940711462450592,0.47697909325816296,0.6628787878787878
"['matrix, the (1999)', 'fight club (1999)']","['lord of the rings: the fellowship of the ring, the (2001)']",0.29508196721311475,0.32459016393442625,0.20491803278688525,0.6944444444444445,2.139450056116723,1.0,0.10913732867508734,2.21043219076006,0.7555348837209303,0.4940711462450592,0.5475997842502698,0.6628787878787878
['raiders of the lost ark (indiana jones and the raiders of the lost ark) (1981)'],['star wars: episode v - the empire strikes back (1980)'],0.32786885245901637,0.34590163934426227,0.24262295081967214,0.7400000000000001,2.1393364928909957,1.0,0.12921257726417634,2.5157629255989926,0.792353328938695,0.5627376425855514,0.6025062656641605,0.7207109004739337
['star wars: episode v - the empire strikes back (1980)'],['raiders of the lost ark (indiana jones and the raiders of the lost ark) (1981)'],0.34590163934426227,0.32786885245901637,0.24262295081967214,0.7014218009478673,2.1393364928909957,1.0,0.12921257726417634,2.251105906843612,0.8141976563029196,0.5627376425855514,0.5557738989712172,0.7207109004739337
"['pulp fiction (1994)', 'matrix, the (1999)']",['american beauty (1999)'],0.29180327868852457,0.3344262295081967,0.2081967213114754,0.7134831460674158,2.133454505397665,1.0,0.11061005106154259,2.3229829636772745,0.7501822688830562,0.49803921568627446,0.569519012564344,0.6680160828376295
['american beauty (1999)'],"['pulp fiction (1994)', 'matrix, the (1999)']",0.3344262295081967,0.29180327868852457,0.2081967213114754,0.6225490196078431,2.133454505397665,1.0,0.11061005106154259,1.8762614434745584,0.7982234979248284,0.49803921568627446,0.4670252360203341,0.6680160828376295
['jurassic park (1993)'],"['independence day (a.k.a. id4) (1996)', 'forrest gump (1994)']",0.3901639344262295,0.24262295081967214,0.20163934426229507,0.5168067226890757,2.130081762434704,1.0,0.10697661918839022,1.56744119743407,0.8699624093015125,0.46768060836501896,0.36201753428644196,0.6739439018850784
"['independence day (a.k.a. id4) (1996)', 'forrest gump (1994)']",['jurassic park (1993)'],0.24262295081967214,0.3901639344262295,0.20163934426229507,0.831081081081081,2.1300817624347035,1.0,0.10697661918839022,3.61022950819672,0.7004892126843346,0.46768060836501896,0.7230092996222028,0.6739439018850784
['jurassic park (1993)'],"['terminator 2: judgment day (1991)', 'forrest gump (1994)']",0.3901639344262295,0.2786885245901639,0.22950819672131148,0.5882352941176471,2.1107266435986163,1.0,0.12077398548777213,1.7517564402810306,0.8629032258064517,0.5223880597014927,0.429144385026738,0.7058823529411765
"['terminator 2: judgment day (1991)', 'forrest gump (1994)']",['jurassic park (1993)'],0.2786885245901639,0.3901639344262295,0.22950819672131148,0.823529411764706,2.1107266435986163,1.0,0.12077398548777213,3.4557377049180342,0.7295454545454547,0.5223880597014927,0.7106261859582544,0.7058823529411765
['terminator 2: judgment day (1991)'],"['pulp fiction (1994)', 'jurassic park (1993)']",0.36721311475409835,0.2836065573770492,0.21967213114754097,0.5982142857142857,2.1093104872006605,1.0,0.11552808384842783,1.783023679417122,0.8311035496094656,0.5095057034220531,0.4391549525988885,0.6863903798513624
"['pulp fiction (1994)', 'jurassic park (1993)']",['terminator 2: judgment day (1991)'],0.2836065573770492,0.36721311475409835,0.21967213114754097,0.7745664739884391,2.10931048720066,1.0,0.11552808384842783,2.806977721731818,0.7341097715085898,0.5095057034220531,0.6437449459402795,0.6863903798513624
"['pulp fiction (1994)', 'jurassic park (1993)', 'forrest gump (1994)']",['terminator 2: judgment day (1991)'],0.25901639344262295,0.36721311475409835,0.2,0.7721518987341772,2.102735081374322,1.0,0.10488578339156142,2.777231329690346,0.7077469896996954,0.4692307692307693,0.6399291663933889,0.6583973779385173
['terminator 2: judgment day (1991)'],"['pulp fiction (1994)', 'jurassic park (1993)', 'forrest gump (1994)']",0.36721311475409835,0.25901639344262295,0.2,0.5446428571428572,2.102735081374322,1.0,0.10488578339156142,1.627258116361299,0.8287607236897988,0.4692307692307693,0.38546934260429844,0.6583973779385173
['fight club (1999)'],"['shawshank redemption, the (1994)', 'matrix, the (1999)']",0.35737704918032787,0.2967213114754098,0.22295081967213115,0.6238532110091743,2.1024887221856154,1.0,0.11690943294813223,1.86969212315074,0.8159888955582234,0.5171102661596959,0.46515258441863955,0.6876172132393938
"['shawshank redemption, the (1994)', 'matrix, the (1999)']",['fight club (1999)'],0.2967213114754098,0.35737704918032787,0.22295081967213115,0.7513812154696133,2.1024887221856154,1.0,0.11690943294813223,2.5847723132969045,0.7456122309063485,0.5171102661596959,0.6131187281542453,0.6876172132393938
"['raiders of the lost ark (indiana jones and the raiders of the lost ark) (1981)', 'matrix, the (1999)']",['star wars: episode iv - a new hope (1977)'],0.25245901639344265,0.41147540983606556,0.2180327868852459,0.8636363636363635,2.0988772183991307,1.0,0.1141521096479441,4.315846994535516,0.7003693444136657,0.4889705882352942,0.7682957710812862,0.6967584208620066
['star wars: episode iv - a new hope (1977)'],"['raiders of the lost ark (indiana jones and the raiders of the lost ark) (1981)', 'matrix, the (1999)']",0.41147540983606556,0.25245901639344265,0.2180327868852459,0.5298804780876495,2.0988772183991307,1.0,0.1141521096479441,1.5901083634342876,0.8896056296730684,0.4889705882352942,0.37111204305584683,0.6967584208620066
"['pulp fiction (1994)', 'fight club (1999)', 'forrest gump (1994)']","['matrix, the (1999)']",0.21311475409836064,0.4557377049180328,0.20327868852459016,0.9538461538461539,2.092971776425014,1.0,0.10615425960763236,11.79234972677597,0.6636424731182796,0.4366197183098592,0.9151992585727526,0.6999446596568899
"['matrix, the (1999)']","['pulp fiction (1994)', 'fight club (1999)', 'forrest gump (1994)']",0.4557377049180328,0.21311475409836064,0.20327868852459016,0.4460431654676259,2.092971776425014,1.0,0.10615425960763236,1.4204811581860761,0.9594830936649826,0.4366197183098592,0.2960131894484413,0.6999446596568899
"['terminator 2: judgment day (1991)', 'braveheart (1995)']",['jurassic park (1993)'],0.25573770491803277,0.3901639344262295,0.2081967213114754,0.8141025641025641,2.086565395388925,1.0,0.10841709217952164,3.2804974561899374,0.6996774081653889,0.4756554307116105,0.6951681830714089,0.6738580047403577
['jurassic park (1993)'],"['terminator 2: judgment day (1991)', 'braveheart (1995)']",0.3901639344262295,0.25573770491803277,0.2081967213114754,0.5336134453781513,2.086565395388925,1.0,0.10841709217952164,1.5958056417072812,0.8539073744814158,0.4756554307116105,0.3733572724243882,0.6738580047403577
['jurassic park (1993)'],"['terminator 2: judgment day (1991)', 'pulp fiction (1994)']",0.3901639344262295,0.27049180327868855,0.21967213114754097,0.5630252100840336,2.0814871403106694,1.0,0.11413598495028217,1.669451450189155,0.8519900497512437,0.4981412639405204,0.40100084977811346,0.6875732111026228
"['terminator 2: judgment day (1991)', 'pulp fiction (1994)']",['jurassic park (1993)'],0.27049180327868855,0.3901639344262295,0.21967213114754097,0.812121212121212,2.0814871403106694,1.0,0.11413598495028217,3.2459016393442606,0.7122253899044104,0.4981412639405204,0.6919191919191918,0.6875732111026228
['back to the future (1985)'],['star wars: episode v - the empire strikes back (1980)'],0.28032786885245903,0.34590163934426227,0.2,0.7134502923976608,2.062581414040631,1.0,0.10303413061005108,2.282669789227166,0.7158407707532023,0.4692307692307693,0.5619164871242432,0.6458246722651811
['star wars: episode v - the empire strikes back (1980)'],['back to the future (1985)'],0.34590163934426227,0.28032786885245903,0.2,0.5781990521327015,2.062581414040631,1.0,0.10303413061005108,1.7061889850801255,0.7876042565429968,0.4692307692307693,0.41389845512744405,0.6458246722651811
['speed (1994)'],['terminator 2: judgment day (1991)'],0.28032786885245903,0.36721311475409835,0.21147540983606558,0.7543859649122807,2.0543546365914787,1.0,0.10853533996237572,2.576346604215457,0.7131429782274727,0.4849624060150377,0.6118534678665576,0.665139411027569
['terminator 2: judgment day (1991)'],['speed (1994)'],0.36721311475409835,0.28032786885245903,0.21147540983606558,0.5758928571428572,2.0543546365914787,1.0,0.10853533996237572,1.6969111302847284,0.8110615736835763,0.4849624060150377,0.4106939472827857,0.665139411027569
['jurassic park (1993)'],['speed (1994)'],0.3901639344262295,0.28032786885245903,0.22459016393442624,0.5756302521008404,2.053417858371419,1.0,0.11521633969363075,1.6958610615159877,0.8412212542186641,0.5036764705882353,0.4103290518941063,0.6883999213720576
['speed (1994)'],['jurassic park (1993)'],0.28032786885245903,0.3901639344262295,0.22459016393442624,0.8011695906432749,2.053417858371419,1.0,0.11521633969363075,3.067116682738669,0.712834411319688,0.5036764705882353,0.6739608878827895,0.6883999213720576
"['star wars: episode iv - a new hope (1977)', 'fight club (1999)']","['matrix, the (1999)']",0.21967213114754097,0.4557377049180328,0.20491803278688525,0.9328358208955224,2.0468699667131967,1.0,0.10480515990325183,8.10346083788707,0.6554285714285715,0.4355400696864111,0.876595935982737,0.6912380543326533
"['matrix, the (1999)']","['star wars: episode iv - a new hope (1977)', 'fight club (1999)']",0.4557377049180328,0.21967213114754097,0.20491803278688525,0.4496402877697842,2.0468699667131967,1.0,0.10480515990325183,1.417850637522769,0.9397108433734941,0.4355400696864111,0.29470709146968144,0.6912380543326533
"['matrix, the (1999)']","['fight club (1999)', 'forrest gump (1994)']",0.4557377049180328,0.26229508196721313,0.2442622950819672,0.5359712230215827,2.043390287769784,1.0,0.1247245364149422,1.5897826915745328,0.9381822592382953,0.5155709342560554,0.3709832134292566,0.7336106115107913
"['fight club (1999)', 'forrest gump (1994)']","['matrix, the (1999)']",0.26229508196721313,0.4557377049180328,0.2442622950819672,0.9312499999999999,2.043390287769784,1.0,0.1247245364149422,7.916542473919513,0.6921700223713646,0.5155709342560554,0.8736822289156625,0.7336106115107913
"['mask, the (1994)']",['jurassic park (1993)'],0.2573770491803279,0.3901639344262295,0.20491803278688525,0.7961783439490445,2.040625167264358,1.0,0.10449879064767537,2.99200819672131,0.6866931567328919,0.462962962962963,0.6657763166906376,0.660694213991329
['jurassic park (1993)'],"['mask, the (1994)']",0.3901639344262295,0.2573770491803279,0.20491803278688525,0.5252100840336135,2.040625167264358,1.0,0.10449879064767537,1.5641085158856811,0.836215053763441,0.462962962962963,0.36065817055298943,0.660694213991329
['apollo 13 (1995)'],"['fugitive, the (1993)']",0.3295081967213115,0.3114754098360656,0.2081967213114754,0.6318407960199005,2.0285415030112595,1.0,0.10556302069336199,1.870181657066903,0.7562135417669369,0.48106060606060597,0.4652925846955698,0.6501309243257397
"['fugitive, the (1993)']",['apollo 13 (1995)'],0.3114754098360656,0.3295081967213115,0.2081967213114754,0.6684210526315789,2.0285415030112595,1.0,0.10556302069336199,2.022118136872235,0.7364079490063742,0.48106060606060597,0.5054690516021103,0.6501309243257397
"['fugitive, the (1993)']","['jurassic park (1993)', 'forrest gump (1994)']",0.3114754098360656,0.32459016393442625,0.20491803278688525,0.6578947368421052,2.0268474215842636,1.0,0.10381617844665413,1.9742749054224462,0.7358095238095239,0.4752851711026615,0.4934849259070004,0.6446039340776182
"['jurassic park (1993)', 'forrest gump (1994)']","['fugitive, the (1993)']",0.32459016393442625,0.3114754098360656,0.20491803278688525,0.6313131313131313,2.0268474215842636,1.0,0.10381617844665413,1.867505052773411,0.7500970873786407,0.4752851711026615,0.46452621452621445,0.6446039340776182
['batman (1989)'],"['jurassic park (1993)', 'forrest gump (1994)']",0.30983606557377047,0.32459016393442625,0.20327868852459016,0.6560846560846562,2.021270910159799,1.0,0.10270894920720236,1.963883984867592,0.7320894950578498,0.47148288973384034,0.49080495197000057,0.6411736411736412
"['jurassic park (1993)', 'forrest gump (1994)']",['batman (1989)'],0.32459016393442625,0.30983606557377047,0.20327868852459016,0.6262626262626262,2.021270910159799,1.0,0.10270894920720236,1.8466548515728842,0.7480817413091136,0.47148288973384034,0.45848028983420896,0.6411736411736412
['jurassic park (1993)'],"['apollo 13 (1995)', 'forrest gump (1994)']",0.3901639344262295,0.27049180327868855,0.21147540983606558,0.5420168067226891,2.003819709702063,1.0,0.10593926363880678,1.5928711084373592,0.8214553638409603,0.47080291970802923,0.3722028137097536,0.6619174942704354
"['apollo 13 (1995)', 'forrest gump (1994)']",['jurassic park (1993)'],0.27049180327868855,0.3901639344262295,0.21147540983606558,0.7818181818181817,2.0038197097020625,1.0,0.10593926363880678,2.7950819672131137,0.6866997648288476,0.47080291970802923,0.6422287390029325,0.6619174942704354
"['matrix, the (1999)']","['lord of the rings: the fellowship of the ring, the (2001)', 'fight club (1999)']",0.4557377049180328,0.22459016393442624,0.20491803278688525,0.4496402877697842,2.002047996639185,1.0,0.1025638269282451,1.4089146040930036,0.9196144578313253,0.4310344827586207,0.29023377492509167,0.6810245234469359
"['lord of the rings: the fellowship of the ring, the (2001)', 'fight club (1999)']","['matrix, the (1999)']",0.22459016393442624,0.4557377049180328,0.20491803278688525,0.9124087591240876,2.002047996639185,1.0,0.1025638269282451,6.213661202185792,0.6454799154334038,0.4310344827586207,0.8390642863424501,0.6810245234469359
['fight club (1999)'],"['sixth sense, the (1999)']",0.35737704918032787,0.2934426229508197,0.2098360655737705,0.5871559633027523,2.0009225565065862,1.0,0.104966406879871,1.7114389799635703,0.7784199617346937,0.4758364312267658,0.41569637497605316,0.6511198810927169
"['sixth sense, the (1999)']",['fight club (1999)'],0.2934426229508197,0.35737704918032787,0.2098360655737705,0.7150837988826815,2.000922556506586,1.0,0.104966406879871,2.2554805528768878,0.7079828886310904,0.4758364312267658,0.5566355033633564,0.6511198810927169
"['pulp fiction (1994)', 'matrix, the (1999)']",['star wars: episode v - the empire strikes back (1980)'],0.29180327868852457,0.34590163934426227,0.20163934426229507,0.6910112359550562,1.9977102082113,1.0,0.1007041117979038,2.116900149031297,0.7052092743149654,0.462406015037594,0.5276111627383064,0.6369748122903243
['star wars: episode v - the empire strikes back (1980)'],"['pulp fiction (1994)', 'matrix, the (1999)']",0.34590163934426227,0.29180327868852457,0.20163934426229507,0.5829383886255924,1.9977102082113,1.0,0.1007041117979038,1.6980625931445605,0.7635348533936468,0.462406015037594,0.4110935580129893,0.6369748122903243
['seven (a.k.a. se7en) (1995)'],"['silence of the lambs, the (1991)', 'pulp fiction (1994)']",0.33278688524590166,0.33934426229508197,0.22459016393442624,0.6748768472906403,1.988767521001404,1.0,0.11166084385917764,2.0320168902136113,0.7451532488028839,0.5018315018315017,0.5078781063208204,0.6683562980414555
"['silence of the lambs, the (1991)', 'pulp fiction (1994)']",['seven (a.k.a. se7en) (1995)'],0.33934426229508197,0.33278688524590166,0.22459016393442624,0.6618357487922706,1.988767521001404,1.0,0.11166084385917764,1.9730444964871194,0.7525493108257413,0.5018315018315017,0.4931690583864498,0.6683562980414555
"['pulp fiction (1994)', 'forrest gump (1994)']","['shawshank redemption, the (1994)', 'braveheart (1995)']",0.3770491803278688,0.27377049180327867,0.20491803278688525,0.5434782608695653,1.985160114553502,1.0,0.1016930932545015,1.590788446526152,0.7966315789473686,0.4595588235294119,0.3713809009716362,0.6459906274407707
"['shawshank redemption, the (1994)', 'braveheart (1995)']","['pulp fiction (1994)', 'forrest gump (1994)']",0.27377049180327867,0.3770491803278688,0.20491803278688525,0.7485029940119761,1.9851601145535018,1.0,0.1016930932545015,2.476971116315379,0.6833408577878105,0.4595588235294119,0.5962811219665932,0.6459906274407707
['apollo 13 (1995)'],"['jurassic park (1993)', 'forrest gump (1994)']",0.3295081967213115,0.32459016393442625,0.21147540983606558,0.6417910447761194,1.9772350369365292,1.0,0.10452029024455792,1.8855191256830601,0.7371353840905214,0.47777777777777775,0.4696420808578466,0.6466530981456354
"['jurassic park (1993)', 'forrest gump (1994)']",['apollo 13 (1995)'],0.32459016393442625,0.3295081967213115,0.21147540983606558,0.6515151515151515,1.9772350369365292,1.0,0.10452029024455792,1.9240199572344974,0.7317678934296681,0.47777777777777775,0.4802548714529154,0.6466530981456354
['star wars: episode vi - return of the jedi (1983)'],['raiders of the lost ark (indiana jones and the raiders of the lost ark) (1981)'],0.32131147540983607,0.32786885245901637,0.2081967213114754,0.6479591836734694,1.9762755102040819,1.0,0.102848696586939,1.9092421002613449,0.7278709726501579,0.4721189591078067,0.47623195619711295,0.6414795918367346
['raiders of the lost ark (indiana jones and the raiders of the lost ark) (1981)'],['star wars: episode vi - return of the jedi (1983)'],0.32786885245901637,0.32131147540983607,0.2081967213114754,0.635,1.9762755102040817,1.0,0.102848696586939,1.8594206153155177,0.734972152871135,0.4721189591078067,0.46219806763285026,0.6414795918367346
"['sixth sense, the (1999)', 'forrest gump (1994)']","['matrix, the (1999)']",0.22950819672131148,0.4557377049180328,0.20655737704918034,0.9,1.9748201438848922,1.0,0.10196183821553347,5.442622950819674,0.640661938534279,0.4315068493150685,0.8162650602409639,0.6766187050359712
"['matrix, the (1999)']","['sixth sense, the (1999)', 'forrest gump (1994)']",0.4557377049180328,0.22950819672131148,0.20655737704918034,0.45323741007194246,1.974820143884892,1.0,0.10196183821553347,1.409188955996549,0.9069611780455155,0.4315068493150685,0.2903719577529466,0.6766187050359712
['jurassic park (1993)'],"['forrest gump (1994)', 'braveheart (1995)']",0.3901639344262295,0.3,0.23114754098360657,0.5924369747899161,1.974789915966387,1.0,0.11409836065573772,1.7175257731958766,0.8094257606954931,0.5035714285714287,0.4177671068427373,0.6814643890343024
"['forrest gump (1994)', 'braveheart (1995)']",['jurassic park (1993)'],0.3,0.3901639344262295,0.23114754098360657,0.7704918032786886,1.9747899159663869,1.0,0.11409836065573772,2.657142857142858,0.7051671732522797,0.5035714285714287,0.6236559139784948,0.6814643890343024
"['terminator 2: judgment day (1991)', 'forrest gump (1994)']",['braveheart (1995)'],0.2786885245901639,0.3885245901639344,0.21311475409836064,0.7647058823529412,1.9682303301067263,1.0,0.10483740929857564,2.598770491803279,0.6819930069930069,0.46931407942238274,0.6152026494243812,0.656614544551998
['braveheart (1995)'],"['terminator 2: judgment day (1991)', 'forrest gump (1994)']",0.3885245901639344,0.2786885245901639,0.21311475409836064,0.5485232067510548,1.9682303301067263,1.0,0.10483740929857564,1.5976712118890761,0.8044957723241907,0.46931407942238274,0.37408899117759875,0.656614544551998
['fight club (1999)'],"['lord of the rings: the return of the king, the (2003)']",0.35737704918032787,0.30327868852459017,0.21311475409836064,0.5963302752293578,1.966278204810315,1.0,0.10472991131416284,1.7259687034277198,0.7647174254317111,0.47619047619047616,0.42061521856448997,0.6495164889660302
"['lord of the rings: the return of the king, the (2003)']",['fight club (1999)'],0.30327868852459017,0.35737704918032787,0.21311475409836064,0.7027027027027026,1.9662782048103147,1.0,0.10472991131416284,2.1615499254843513,0.7053393665158371,0.47619047619047616,0.5373690016547158,0.6495164889660302
['batman (1989)'],['apollo 13 (1995)'],0.30983606557377047,0.3295081967213115,0.2,0.6455026455026456,1.9589881281423571,1.0,0.09790647675356089,1.8913873256667486,0.7092987033215218,0.4552238805970149,0.4712875641970998,0.6262339098159995
['apollo 13 (1995)'],['batman (1989)'],0.3295081967213115,0.30983606557377047,0.2,0.6069651741293532,1.9589881281423571,1.0,0.09790647675356089,1.7559867192363563,0.7301094232233758,0.4552238805970149,0.4305196109712719,0.6262339098159995
['braveheart (1995)'],"['terminator 2: judgment day (1991)', 'jurassic park (1993)']",0.3885245901639344,0.27377049180327867,0.2081967213114754,0.5358649789029536,1.9573511205437228,1.0,0.10183015318462779,1.564694485842027,0.7998775622216125,0.45848375451263534,0.36089760074673066,0.6481720104095606
"['terminator 2: judgment day (1991)', 'jurassic park (1993)']",['braveheart (1995)'],0.27377049180327867,0.3885245901639344,0.2081967213114754,0.7604790419161677,1.9573511205437226,1.0,0.10183015318462779,2.5529098360655738,0.6734860738344501,0.45848375451263534,0.6082901221685316,0.6481720104095606
['dances with wolves (1990)'],['jurassic park (1993)'],0.26885245901639343,0.3901639344262295,0.20491803278688525,0.7621951219512195,1.9535253125640502,1.0,0.10002149959688257,2.564438839848676,0.6675874439461883,0.45126353790613716,0.610051140833989,0.6437026029924164
['jurassic park (1993)'],['dances with wolves (1990)'],0.3901639344262295,0.26885245901639343,0.20491803278688525,0.5252100840336135,1.9535253125640502,1.0,0.10002149959688257,1.5399390686203396,0.8003870967741937,0.45126353790613716,0.3506236575347628,0.6437026029924164
['batman (1989)'],['terminator 2: judgment day (1991)'],0.30983606557377047,0.36721311475409835,0.22131147540983606,0.7142857142857143,1.9451530612244898,1.0,0.10753560870733675,2.2147540983606557,0.7040380047505939,0.4856115107913669,0.5484826054774241,0.6584821428571428
['terminator 2: judgment day (1991)'],['batman (1989)'],0.36721311475409835,0.30983606557377047,0.22131147540983606,0.6026785714285714,1.9451530612244898,1.0,0.10753560870733675,1.7370418124884879,0.7678756476683939,0.4856115107913669,0.4243086189345096,0.6584821428571428
"['pulp fiction (1994)', 'fight club (1999)']","['matrix, the (1999)']",0.25901639344262295,0.4557377049180328,0.22950819672131148,0.8860759493670887,1.944267370913396,1.0,0.1114646600376243,4.777413479052826,0.6554361567635903,0.472972972972973,0.7906817141985665,0.6948365358346235
"['matrix, the (1999)']","['pulp fiction (1994)', 'fight club (1999)']",0.4557377049180328,0.25901639344262295,0.22950819672131148,0.5035971223021583,1.9442673709133957,1.0,0.1114646600376243,1.4927061059634117,0.8923407917383821,0.472972972972973,0.3300757623989304,0.6948365358346235
['jurassic park (1993)'],"['fugitive, the (1993)']",0.3901639344262295,0.3114754098360656,0.2360655737704918,0.6050420168067228,1.9425033171163204,1.0,0.11453910239183016,1.7432856644576216,0.7956242532855436,0.5070422535211269,0.4263705482192878,0.6814683768244141
"['fugitive, the (1993)']",['jurassic park (1993)'],0.3114754098360656,0.3901639344262295,0.2360655737704918,0.7578947368421053,1.9425033171163204,1.0,0.11453910239183016,2.518888096935139,0.7046957671957672,0.5070422535211269,0.6029994340690437,0.6814683768244141
"['star wars: episode v - the empire strikes back (1980)', 'pulp fiction (1994)']","['matrix, the (1999)']",0.2278688524590164,0.4557377049180328,0.20163934426229507,0.8848920863309352,1.9416696858340665,1.0,0.0977909164203171,4.728278688524588,0.6281048797749124,0.41836734693877553,0.7885065441622604,0.6636690647482014
"['matrix, the (1999)']","['star wars: episode v - the empire strikes back (1980)', 'pulp fiction (1994)']",0.4557377049180328,0.2278688524590164,0.20163934426229507,0.4424460431654676,1.9416696858340665,1.0,0.0977909164203171,1.3848545742993121,0.8910765011264569,0.41836734693877553,0.27790251874933175,0.6636690647482014
['independence day (a.k.a. id4) (1996)'],['star wars: episode vi - return of the jedi (1983)'],0.33114754098360655,0.32131147540983607,0.20655737704918034,0.6237623762376239,1.9413012729844417,1.0,0.10015587207739857,1.8038826574633309,0.7249455337690633,0.4632352941176471,0.44564021619553273,0.6333097595473833
['star wars: episode vi - return of the jedi (1983)'],['independence day (a.k.a. id4) (1996)'],0.32131147540983607,0.33114754098360655,0.20655737704918034,0.6428571428571429,1.9413012729844414,1.0,0.10015587207739857,1.872786885245902,0.7144390767579175,0.4632352941176471,0.4660364145658264,0.6333097595473833
"['pulp fiction (1994)', 'jurassic park (1993)']","['shawshank redemption, the (1994)', 'forrest gump (1994)']",0.2836065573770492,0.37868852459016394,0.2081967213114754,0.7341040462427745,1.9385431524159844,1.0,0.10079817253426496,2.3366714183891655,0.6758139786302455,0.45848375451263534,0.5720408132139642,0.6419437980131621
"['shawshank redemption, the (1994)', 'forrest gump (1994)']","['pulp fiction (1994)', 'jurassic park (1993)']",0.37868852459016394,0.2836065573770492,0.2081967213114754,0.5497835497835497,1.9385431524159844,1.0,0.10079817253426496,1.5912200504413616,0.779236698315085,0.45848375451263534,0.37155140816468035,0.6419437980131621
"['terminator 2: judgment day (1991)', 'jurassic park (1993)']","['pulp fiction (1994)', 'forrest gump (1994)']",0.27377049180327867,0.3770491803278688,0.2,0.7305389221556887,1.937516271804218,1.0,0.09677506046761626,2.311839708561021,0.6662842763571774,0.4436363636363638,0.5674440592499214,0.6304868523821923
"['pulp fiction (1994)', 'forrest gump (1994)']","['terminator 2: judgment day (1991)', 'jurassic park (1993)']",0.3770491803278688,0.27377049180327867,0.2,0.5304347826086957,1.937516271804218,1.0,0.09677506046761626,1.546599878567092,0.7767471958584989,0.4436363636363638,0.35342035528511145,0.6304868523821923
['fight club (1999)'],"['lord of the rings: the fellowship of the ring, the (2001)']",0.35737704918032787,0.32459016393442625,0.22459016393442624,0.6284403669724771,1.936104160874803,1.0,0.10858908895458211,1.8177696822505567,0.7523834351258751,0.4910394265232975,0.4498753006145898,0.6601797794458345
"['lord of the rings: the fellowship of the ring, the (2001)']",['fight club (1999)'],0.32459016393442625,0.35737704918032787,0.22459016393442624,0.6919191919191919,1.936104160874803,1.0,0.10858908895458211,2.085890889545821,0.7158599674013181,0.4910394265232975,0.5205885384456813,0.6601797794458345
"['fugitive, the (1993)']",['terminator 2: judgment day (1991)'],0.3114754098360656,0.36721311475409835,0.22131147540983606,0.7105263157894737,1.9349154135338347,1.0,0.1069336199946251,2.1859910581222057,0.7017636684303351,0.4838709677419355,0.5425415871284429,0.6566024436090225
['terminator 2: judgment day (1991)'],"['fugitive, the (1993)']",0.36721311475409835,0.3114754098360656,0.22131147540983606,0.6026785714285714,1.9349154135338344,1.0,0.1069336199946251,1.7329158224350707,0.7635770485511418,0.4838709677419355,0.42293792517006795,0.6566024436090225
"['forrest gump (1994)', 'braveheart (1995)']",['terminator 2: judgment day (1991)'],0.3,0.36721311475409835,0.21311475409836064,0.7103825136612022,1.9345238095238095,1.0,0.10295081967213114,2.1849056603773587,0.6901098901098902,0.46931407942238274,0.5423143350604491,0.6453698282591724
['terminator 2: judgment day (1991)'],"['forrest gump (1994)', 'braveheart (1995)']",0.36721311475409835,0.3,0.21311475409836064,0.5803571428571428,1.9345238095238093,1.0,0.10295081967213114,1.6680851063829785,0.7634117178158629,0.46931407942238274,0.4005102040816326,0.6453698282591724
['raiders of the lost ark (indiana jones and the raiders of the lost ark) (1981)'],['star wars: episode iv - a new hope (1977)'],0.32786885245901637,0.41147540983606556,0.260655737704918,0.795,1.9320717131474106,1.0,0.12574576726686373,2.870851659336266,0.7177481208774351,0.5445205479452055,0.6516713091922006,0.7142330677290837
['star wars: episode iv - a new hope (1977)'],['raiders of the lost ark (indiana jones and the raiders of the lost ark) (1981)'],0.41147540983606556,0.32786885245901637,0.260655737704918,0.6334661354581673,1.9320717131474106,1.0,0.12574576726686373,1.8337491090520315,0.8197123386065416,0.5445205479452055,0.4546691283645904,0.7142330677290837
"['jurassic park (1993)', 'forrest gump (1994)']",['terminator 2: judgment day (1991)'],0.32459016393442625,0.36721311475409835,0.22950819672131148,0.7070707070707071,1.9255050505050506,1.0,0.11031443160440742,2.160203504804975,0.7116504854368931,0.49645390070921985,0.5370806510702884,0.6660353535353536
['terminator 2: judgment day (1991)'],"['jurassic park (1993)', 'forrest gump (1994)']",0.36721311475409835,0.32459016393442625,0.22950819672131148,0.625,1.9255050505050504,1.0,0.11031443160440742,1.8010928961748636,0.7595854922279792,0.49645390070921985,0.4447815533980582,0.6660353535353536
"['matrix, the (1999)']","['star wars: episode v - the empire strikes back (1980)', 'star wars: episode vi - return of the jedi (1983)', 'star wars: episode iv - a new hope (1977)']",0.4557377049180328,0.25245901639344265,0.22131147540983606,0.4856115107913669,1.923526114173596,1.0,0.10625638269282449,1.453261492605755,0.8821508255243193,0.4545454545454545,0.3118925911902057,0.6811174437073717
"['star wars: episode v - the empire strikes back (1980)', 'star wars: episode vi - return of the jedi (1983)', 'star wars: episode iv - a new hope (1977)']","['matrix, the (1999)']",0.25245901639344265,0.4557377049180328,0.22131147540983606,0.8766233766233765,1.923526114173596,1.0,0.10625638269282449,4.411389128559099,0.6422677063027938,0.4545454545454545,0.773314035362228,0.6811174437073717
['braveheart (1995)'],"['pulp fiction (1994)', 'jurassic park (1993)']",0.3885245901639344,0.2836065573770492,0.21147540983606558,0.5443037974683544,1.9192214824028682,1.0,0.10128728836334318,1.5720856102003642,0.7832782592430949,0.4590747330960854,0.3639023259855748,0.6449842686763737
"['pulp fiction (1994)', 'jurassic park (1993)']",['braveheart (1995)'],0.2836065573770492,0.3885245901639344,0.21147540983606558,0.745664739884393,1.919221482402868,1.0,0.10128728836334318,2.404210134128166,0.6685647384386142,0.4590747330960854,0.5840629794356025,0.6449842686763737
"['star wars: episode iv - a new hope (1977)', 'matrix, the (1999)']",['fight club (1999)'],0.3,0.35737704918032787,0.20491803278688525,0.6830601092896176,1.9113149847094804,1.0,0.0977049180327869,2.0275862068965522,0.6811428571428573,0.45289855072463764,0.5068027210884355,0.6282273023512308
['fight club (1999)'],"['star wars: episode iv - a new hope (1977)', 'matrix, the (1999)']",0.35737704918032787,0.3,0.20491803278688525,0.573394495412844,1.9113149847094801,1.0,0.0977049180327869,1.6408602150537634,0.7419591836734695,0.45289855072463764,0.39056356487549154,0.6282273023512308
['terminator 2: judgment day (1991)'],['jurassic park (1993)'],0.36721311475409835,0.3901639344262295,0.27377049180327867,0.7455357142857143,1.910826830732293,1.0,0.13049717817790915,2.396548748921484,0.7532810027613167,0.5661016949152543,0.5827332949308757,0.7236081932773109
['jurassic park (1993)'],['terminator 2: judgment day (1991)'],0.3901639344262295,0.36721311475409835,0.27377049180327867,0.7016806722689075,1.9108268307322929,1.0,0.13049717817790915,2.121172939274994,0.7816302878114739,0.5661016949152543,0.5285627204249574,0.7236081932773109
"['matrix, the (1999)']","['star wars: episode v - the empire strikes back (1980)', 'star wars: episode vi - return of the jedi (1983)']",0.4557377049180328,0.26557377049180325,0.23114754098360657,0.5071942446043166,1.90980548894218,1.0,0.11011556033324378,1.4902955606078738,0.875288387592925,0.4715719063545152,0.32899216341212756,0.6887823074873436
"['star wars: episode v - the empire strikes back (1980)', 'star wars: episode vi - return of the jedi (1983)']","['matrix, the (1999)']",0.26557377049180325,0.4557377049180328,0.23114754098360657,0.8703703703703705,1.9098054889421798,1.0,0.11011556033324378,4.198594847775179,0.6486512158054712,0.4715719063545152,0.7618250780901386,0.6887823074873436
"['lion king, the (1994)']",['jurassic park (1993)'],0.2819672131147541,0.3901639344262295,0.2098360655737705,0.7441860465116279,1.9073675982020717,1.0,0.0998226283257189,2.3839046199701937,0.6625285388127856,0.4539007092198582,0.5805201300325081,0.641000586281024
['jurassic park (1993)'],"['lion king, the (1994)']",0.3901639344262295,0.2819672131147541,0.2098360655737705,0.5378151260504201,1.9073675982020715,1.0,0.0998226283257189,1.5535618479880773,0.7800739247311829,0.4539007092198582,0.35631786961359885,0.641000586281024
"['terminator 2: judgment day (1991)', 'pulp fiction (1994)']",['braveheart (1995)'],0.27049180327868855,0.3885245901639344,0.2,0.7393939393939394,1.9030814473852449,1.0,0.09490728298844398,2.346359130766298,0.650488119358998,0.4357142857142857,0.5738077829230644,0.6270809359416954
['braveheart (1995)'],"['terminator 2: judgment day (1991)', 'pulp fiction (1994)']",0.3885245901639344,0.27049180327868855,0.2,0.5147679324894515,1.9030814473852449,1.0,0.09490728298844398,1.5034212401995726,0.7760515096910299,0.4357142857142857,0.33485042431138295,0.6270809359416954
['jurassic park (1993)'],['batman (1989)'],0.3901639344262295,0.30983606557377047,0.22950819672131148,0.5882352941176471,1.89853719265484,1.0,0.10862133834990596,1.6761124121779862,0.7760752688172045,0.4878048780487806,0.4033813050160682,0.664488017429194
['batman (1989)'],['jurassic park (1993)'],0.30983606557377047,0.3901639344262295,0.22950819672131148,0.7407407407407408,1.89853719265484,1.0,0.10862133834990596,2.3522248243559725,0.6857482185273159,0.4878048780487806,0.5748705694942255,0.664488017429194
['terminator 2: judgment day (1991)'],['true lies (1994)'],0.36721311475409835,0.29180327868852457,0.20327868852459016,0.5535714285714286,1.8970706260032104,1.0,0.09612469766191885,1.5863606557377052,0.7472839712518803,0.4460431654676259,0.3696263227513228,0.6251003210272874
['true lies (1994)'],['terminator 2: judgment day (1991)'],0.29180327868852457,0.36721311475409835,0.20327868852459016,0.6966292134831461,1.8970706260032104,1.0,0.09612469766191885,2.085853066180935,0.6677120669056152,0.4460431654676259,0.5205798451417594,0.6251003210272874
"['matrix, the (1999)', 'forrest gump (1994)']",['american beauty (1999)'],0.3180327868852459,0.3344262295081967,0.20163934426229507,0.634020618556701,1.8958459672528805,1.0,0.09528083848427842,1.81861002078042,0.6928939962476548,0.44727272727272727,0.45012950078716163,0.6184808975136447
['american beauty (1999)'],"['matrix, the (1999)', 'forrest gump (1994)']",0.3344262295081967,0.3180327868852459,0.20163934426229507,0.6029411764705882,1.8958459672528805,1.0,0.09528083848427842,1.717547055251973,0.7099603508350355,0.44727272727272727,0.41777432126696834,0.6184808975136447
"['matrix, the (1999)', 'forrest gump (1994)']",['star wars: episode v - the empire strikes back (1980)'],0.3180327868852459,0.34590163934426227,0.2081967213114754,0.654639175257732,1.8925587531147703,1.0,0.09818865896264446,1.8939564472718378,0.6915505754088432,0.4568345323741007,0.4720047541534248,0.6282674549274442
['star wars: episode v - the empire strikes back (1980)'],"['matrix, the (1999)', 'forrest gump (1994)']",0.34590163934426227,0.3180327868852459,0.2081967213114754,0.6018957345971564,1.8925587531147703,1.0,0.09818865896264446,1.7130366900858702,0.7210151362658616,0.4568345323741007,0.4162413415967919,0.6282674549274442
"['lord of the rings: the two towers, the (2002)']",['fight club (1999)'],0.3081967213114754,0.35737704918032787,0.2081967213114754,0.675531914893617,1.8902498536014054,1.0,0.09805428648212845,1.9805428648212844,0.6807851625181922,0.4551971326164875,0.49508792878853664,0.6290503611165332
['fight club (1999)'],"['lord of the rings: the two towers, the (2002)']",0.35737704918032787,0.3081967213114754,0.2081967213114754,0.5825688073394495,1.8902498536014052,1.0,0.09805428648212845,1.657286975319762,0.732886067812952,0.4551971326164875,0.39660420018261655,0.6290503611165332
"['matrix, the (1999)']","['star wars: episode v - the empire strikes back (1980)', 'forrest gump (1994)']",0.4557377049180328,0.24262295081967214,0.2081967213114754,0.4568345323741007,1.882899086136496,1.0,0.09762429454447728,1.3943762892194118,0.8615406507921449,0.42474916387959866,0.28283347348095544,0.6574713202411043
"['star wars: episode v - the empire strikes back (1980)', 'forrest gump (1994)']","['matrix, the (1999)']",0.24262295081967214,0.4557377049180328,0.2081967213114754,0.858108108108108,1.882899086136496,1.0,0.09762429454447728,3.835753317720528,0.6191157923441387,0.42474916387959866,0.7392950179094756,0.6574713202411043
"['pulp fiction (1994)', 'shawshank redemption, the (1994)']","['forrest gump (1994)', 'braveheart (1995)']",0.3639344262295082,0.3,0.20491803278688525,0.5630630630630631,1.876876876876877,1.0,0.09573770491803278,1.6020618556701032,0.7345154639175258,0.4464285714285715,0.37580437580437587,0.6230615861763403
"['forrest gump (1994)', 'braveheart (1995)']","['pulp fiction (1994)', 'shawshank redemption, the (1994)']",0.3,0.3639344262295082,0.20491803278688525,0.6830601092896176,1.876876876876877,1.0,0.09573770491803278,2.0068965517241386,0.6674285714285714,0.4464285714285715,0.5017182130584193,0.6230615861763403
['independence day (a.k.a. id4) (1996)'],"['jurassic park (1993)', 'forrest gump (1994)']",0.33114754098360655,0.32459016393442625,0.20163934426229507,0.6089108910891089,1.8759375937593759,1.0,0.09415210964794408,1.7269973023448848,0.6981109516977522,0.4440433212996389,0.42096029991348644,0.6150615061506151
"['jurassic park (1993)', 'forrest gump (1994)']",['independence day (a.k.a. id4) (1996)'],0.32459016393442625,0.33114754098360655,0.20163934426229507,0.6212121212121211,1.8759375937593756,1.0,0.09415210964794408,1.7657704918032782,0.6913331754676768,0.4440433212996389,0.43367498514557323,0.6150615061506151
"['matrix, the (1999)']","['forrest gump (1994)', 'american beauty (1999)']",0.4557377049180328,0.2360655737704918,0.20163934426229507,0.4424460431654676,1.8742505995203835,1.0,0.09405536146197258,1.3701533580116338,0.8570379077284748,0.41137123745819393,0.2701546916972859,0.6483063549160671
"['forrest gump (1994)', 'american beauty (1999)']","['matrix, the (1999)']",0.2360655737704918,0.4557377049180328,0.20163934426229507,0.8541666666666666,1.8742505995203835,1.0,0.09405536146197258,3.7320843091334885,0.610593530828012,0.41137123745819393,0.7320532128514056,0.6483063549160671
"['star wars: episode v - the empire strikes back (1980)', 'star wars: episode iv - a new hope (1977)', 'raiders of the lost ark (indiana jones and the raiders of the lost ark) (1981)']","['matrix, the (1999)']",0.23442622950819672,0.4557377049180328,0.2,0.8531468531468532,1.872012879207124,1.0,0.09316312819134642,3.7061670569867315,0.6084529785516201,0.40802675585284287,0.7301794590951219,0.6459978870050813
"['matrix, the (1999)']","['star wars: episode v - the empire strikes back (1980)', 'star wars: episode iv - a new hope (1977)', 'raiders of the lost ark (indiana jones and the raiders of the lost ark) (1981)']",0.4557377049180328,0.23442622950819672,0.2,0.4388489208633094,1.872012879207124,1.0,0.09316312819134642,1.3642917192097521,0.8558660873000198,0.40802675585284287,0.2670189330334448,0.6459978870050813
"['star wars: episode v - the empire strikes back (1980)', 'star wars: episode iv - a new hope (1977)']","['matrix, the (1999)']",0.3114754098360656,0.4557377049180328,0.26557377049180325,0.8526315789473683,1.8708822415751607,1.0,0.12362268207471105,3.6932084309133457,0.6760728982951203,0.5294117647058824,0.7292327203551044,0.7176826959485043
"['matrix, the (1999)']","['star wars: episode v - the empire strikes back (1980)', 'star wars: episode iv - a new hope (1977)']",0.4557377049180328,0.3114754098360656,0.26557377049180325,0.5827338129496402,1.8708822415751607,1.0,0.12362268207471105,1.650084793668739,0.8552729436263571,0.5294117647058824,0.39397053785542985,0.7176826959485043
"['pulp fiction (1994)', 'american beauty (1999)']","['matrix, the (1999)']",0.2442622950819672,0.4557377049180328,0.2081967213114754,0.8523489932885906,1.8702621795181305,1.0,0.09687718355280839,3.6861400894187777,0.6157104548482416,0.42333333333333334,0.7287135117651815,0.6545917628313457
"['matrix, the (1999)']","['pulp fiction (1994)', 'american beauty (1999)']",0.4557377049180328,0.2442622950819672,0.2081967213114754,0.4568345323741007,1.8702621795181305,1.0,0.09687718355280839,1.391358158723266,0.8549473484489138,0.42333333333333334,0.2812777977184413,0.6545917628313457
['seven (a.k.a. se7en) (1995)'],"['pulp fiction (1994)', 'shawshank redemption, the (1994)']",0.33278688524590166,0.3639344262295082,0.2262295081967213,0.6798029556650246,1.8679270403408332,1.0,0.10511690405804888,1.9864817150063048,0.6963999572695224,0.48083623693379784,0.4965974302981056,0.6507122886433231
"['pulp fiction (1994)', 'shawshank redemption, the (1994)']",['seven (a.k.a. se7en) (1995)'],0.3639344262295082,0.33278688524590166,0.2262295081967213,0.6216216216216216,1.8679270403408332,1.0,0.10511690405804888,1.7633489461358312,0.7305020170327206,0.48083623693379784,0.43289727073510853,0.6507122886433231
"['pulp fiction (1994)', 'braveheart (1995)']",['terminator 2: judgment day (1991)'],0.29180327868852457,0.36721311475409835,0.2,0.6853932584269664,1.8664727126805782,1.0,0.0928460091373287,2.011358313817331,0.6555100182149363,0.4357142857142857,0.5028235431099728,0.6150180577849118
['terminator 2: judgment day (1991)'],"['pulp fiction (1994)', 'braveheart (1995)']",0.36721311475409835,0.29180327868852457,0.2,0.5446428571428572,1.8664727126805782,1.0,0.0928460091373287,1.5552555448408876,0.7336277924063537,0.4357142857142857,0.3570188492063493,0.6150180577849118
['true lies (1994)'],['braveheart (1995)'],0.29180327868852457,0.3885245901639344,0.21147540983606558,0.7247191011235956,1.865310766605035,1.0,0.09810266057511423,2.2212780194044837,0.6550387596899225,0.4510489510489511,0.54980871765521,0.634511449295975
['braveheart (1995)'],['true lies (1994)'],0.3885245901639344,0.29180327868852457,0.21147540983606558,0.5443037974683544,1.865310766605035,1.0,0.09810266057511423,1.554098360655738,0.7586507887025377,0.4510489510489511,0.3565400843881857,0.634511449295975
"['silence of the lambs, the (1991)', 'forrest gump (1994)']","['pulp fiction (1994)', 'shawshank redemption, the (1994)']",0.3262295081967213,0.3639344262295082,0.22131147540983606,0.678391959798995,1.8640499796278691,1.0,0.10258532652512764,1.9777663934426233,0.6879697215463637,0.472027972027972,0.49437911205512103,0.6432500339535515
"['pulp fiction (1994)', 'shawshank redemption, the (1994)']","['silence of the lambs, the (1991)', 'forrest gump (1994)']",0.3639344262295082,0.3262295081967213,0.22131147540983606,0.608108108108108,1.8640499796278687,1.0,0.10258532652512764,1.7192764273600902,0.7287514318442153,0.472027972027972,0.4183599658052211,0.6432500339535515
"['matrix, the (1999)']","['sixth sense, the (1999)']",0.4557377049180328,0.2934426229508197,0.24918032786885247,0.5467625899280576,1.863269161207347,1.0,0.11544746036011824,1.5589123080926361,0.8512603043753962,0.49836065573770494,0.35852709943414185,0.697962300550621
"['sixth sense, the (1999)']","['matrix, the (1999)']",0.2934426229508197,0.4557377049180328,0.24918032786885247,0.8491620111731844,1.8632691612073469,1.0,0.11544746036011824,3.6082574377656345,0.6557271950177066,0.49836065573770494,0.7228579120953086,0.697962300550621
['jurassic park (1993)'],"['pulp fiction (1994)', 'braveheart (1995)']",0.3901639344262295,0.29180327868852457,0.21147540983606558,0.5420168067226891,1.8574733264092158,1.0,0.09762429454447731,1.5463377951571669,0.7569809118946405,0.4494773519163764,0.35331076875194534,0.6333679539231424
"['pulp fiction (1994)', 'braveheart (1995)']",['jurassic park (1993)'],0.29180327868852457,0.3901639344262295,0.21147540983606558,0.7247191011235956,1.8574733264092158,1.0,0.09762429454447731,2.2153228504516567,0.6518446741314959,0.4494773519163764,0.5485985260360037,0.6333679539231424
"['fugitive, the (1993)']",['braveheart (1995)'],0.3114754098360656,0.3885245901639344,0.22459016393442624,0.7210526315789474,1.8558738618698647,1.0,0.10357430798172534,2.1920816579028766,0.6697949252693779,0.47241379310344833,0.543812614646536,0.6495558516544526
['braveheart (1995)'],"['fugitive, the (1993)']",0.3885245901639344,0.3114754098360656,0.22459016393442624,0.5780590717299579,1.8558738618698647,1.0,0.10357430798172534,1.6318032786885248,0.7541926772470205,0.47241379310344833,0.3871810327506531,0.6495558516544526
['seven (a.k.a. se7en) (1995)'],"['pulp fiction (1994)', 'forrest gump (1994)']",0.33278688524590166,0.3770491803278688,0.23278688524590163,0.6995073891625615,1.855215249518098,1.0,0.10730986294006986,2.073098629400698,0.6909021697754092,0.4879725085910652,0.5176302826030593,0.6584493467551937
"['pulp fiction (1994)', 'forrest gump (1994)']",['seven (a.k.a. se7en) (1995)'],0.3770491803278688,0.33278688524590166,0.23278688524590163,0.6173913043478261,1.855215249518098,1.0,0.10730986294006986,1.743852459016393,0.7399925871015567,0.4879725085910652,0.42655699177438305,0.6584493467551937
"['shawshank redemption, the (1994)', 'forrest gump (1994)']","['pulp fiction (1994)', 'braveheart (1995)']",0.37868852459016394,0.29180327868852457,0.20491803278688525,0.5411255411255411,1.8544189892504501,1.0,0.09441547970975545,1.5433343643674606,0.7415725593667546,0.44014084507042256,0.35205226871893536,0.6216863660683886
"['pulp fiction (1994)', 'braveheart (1995)']","['shawshank redemption, the (1994)', 'forrest gump (1994)']",0.29180327868852457,0.37868852459016394,0.20491803278688525,0.702247191011236,1.85441898925045,1.0,0.09441547970975545,2.0866687287349217,0.6505925925925926,0.44014084507042256,0.5207672467463165,0.6216863660683886
"['matrix, the (1999)']","['lord of the rings: the fellowship of the ring, the (2001)', 'lord of the rings: the two towers, the (2002)', 'lord of the rings: the return of the king, the (2003)']",0.4557377049180328,0.25245901639344265,0.21311475409836064,0.4676258992805755,1.8522844062412405,1.0,0.09805966138134907,1.404164820558263,0.8454124189063946,0.4304635761589403,0.2878328915814716,0.6558908717182097
"['pulp fiction (1994)', 'star wars: episode iv - a new hope (1977)']","['matrix, the (1999)']",0.25245901639344265,0.4557377049180328,0.21311475409836064,0.844155844155844,1.8522844062412405,1.0,0.09805966138134907,3.4923497267759527,0.615519568151147,0.4304635761589403,0.7136598341417616,0.6558908717182097
"['lord of the rings: the fellowship of the ring, the (2001)', 'lord of the rings: the two towers, the (2002)', 'lord of the rings: the return of the king, the (2003)']","['matrix, the (1999)']",0.25245901639344265,0.4557377049180328,0.21311475409836064,0.844155844155844,1.8522844062412405,1.0,0.09805966138134907,3.4923497267759527,0.615519568151147,0.4304635761589403,0.7136598341417616,0.6558908717182097
"['matrix, the (1999)']","['pulp fiction (1994)', 'star wars: episode iv - a new hope (1977)']",0.4557377049180328,0.25245901639344265,0.21311475409836064,0.4676258992805755,1.8522844062412405,1.0,0.09805966138134907,1.404164820558263,0.8454124189063946,0.4304635761589403,0.2878328915814716,0.6558908717182097
['true lies (1994)'],['jurassic park (1993)'],0.29180327868852457,0.3901639344262295,0.2098360655737705,0.7191011235955057,1.8430743083750358,1.0,0.09598495028218222,2.1710163934426236,0.6459056712962964,0.4444444444444445,0.5393862510571465,0.6284581248229629
['jurassic park (1993)'],['true lies (1994)'],0.3901639344262295,0.29180327868852457,0.2098360655737705,0.5378151260504201,1.8430743083750354,1.0,0.09598495028218222,1.532280178837556,0.7500840053763441,0.4444444444444445,0.3473778400248988,0.6284581248229629
"['matrix, the (1999)']","['shawshank redemption, the (1994)', 'fight club (1999)']",0.4557377049180328,0.26557377049180325,0.22295081967213115,0.4892086330935252,1.842081890043521,1.0,0.10191883902176836,1.437820364811822,0.8399184975194899,0.4473684210526317,0.30450282631038034,0.6643574029665157
"['shawshank redemption, the (1994)', 'fight club (1999)']","['matrix, the (1999)']",0.26557377049180325,0.4557377049180328,0.22295081967213115,0.8395061728395062,1.842081890043521,1.0,0.10191883902176836,3.391172761664566,0.6224396008403362,0.4473684210526317,0.7051167633496952,0.6643574029665157
"['seven (a.k.a. se7en) (1995)', 'shawshank redemption, the (1994)']",['pulp fiction (1994)'],0.2442622950819672,0.5032786885245901,0.2262295081967213,0.9261744966442953,1.8402815731368736,1.0,0.10329750067186241,6.728315946348733,0.6041843503410984,0.4339622641509434,0.8513743991848849,0.6878429486478805
['pulp fiction (1994)'],"['seven (a.k.a. se7en) (1995)', 'shawshank redemption, the (1994)']",0.5032786885245901,0.2442622950819672,0.2262295081967213,0.44951140065146583,1.8402815731368736,1.0,0.10329750067186241,1.372848966922107,0.9192375759315063,0.4339622641509434,0.2715877535735231,0.6878429486478805
"['matrix, the (1999)']","['star wars: episode v - the empire strikes back (1980)', 'raiders of the lost ark (indiana jones and the raiders of the lost ark) (1981)']",0.4557377049180328,0.24262295081967214,0.20327868852459016,0.4460431654676259,1.8384211549679175,1.0,0.09270626175759204,1.3672131147540985,0.8379323746599301,0.41059602649006627,0.2685851318944844,0.6419405016527319
"['star wars: episode v - the empire strikes back (1980)', 'raiders of the lost ark (indiana jones and the raiders of the lost ark) (1981)']","['matrix, the (1999)']",0.24262295081967214,0.4557377049180328,0.20327868852459016,0.8378378378378378,1.8384211549679175,1.0,0.09270626175759204,3.3562841530054643,0.6021505376344086,0.41059602649006627,0.7020514490394009,0.6419405016527319
['american beauty (1999)'],['fight club (1999)'],0.3344262295081967,0.35737704918032787,0.21967213114754097,0.6568627450980392,1.8380104335312106,1.0,0.10015587207739854,1.8727868852459015,0.6850231600617602,0.4652777777777777,0.46603641456582634,0.635770822090304
['fight club (1999)'],['american beauty (1999)'],0.35737704918032787,0.3344262295081967,0.21967213114754097,0.6146788990825688,1.8380104335312106,1.0,0.10015587207739854,1.7273224043715845,0.7094882729211086,0.4652777777777777,0.42106928187282505,0.635770822090304
"['star wars: episode iv - a new hope (1977)', 'raiders of the lost ark (indiana jones and the raiders of the lost ark) (1981)']","['matrix, the (1999)']",0.260655737704918,0.4557377049180328,0.2180327868852459,0.8364779874213838,1.8354373105289357,1.0,0.09924213920988983,3.328373266078187,0.6156410983111883,0.43750000000000006,0.699552928695916,0.6574476268042171
"['matrix, the (1999)']","['star wars: episode iv - a new hope (1977)', 'raiders of the lost ark (indiana jones and the raiders of the lost ark) (1981)']",0.4557377049180328,0.260655737704918,0.2180327868852459,0.4784172661870504,1.8354373105289357,1.0,0.09924213920988983,1.4175014132278125,0.8363076365612828,0.43750000000000006,0.2945333312064318,0.6574476268042171
"['jurassic park (1993)', 'forrest gump (1994)']",['braveheart (1995)'],0.32459016393442625,0.3885245901639344,0.23114754098360657,0.7121212121212122,1.8328858202275924,1.0,0.10503628056973932,2.124072476272649,0.67279487709151,0.4795918367346939,0.5292062718336178,0.6535289604909859
['braveheart (1995)'],"['jurassic park (1993)', 'forrest gump (1994)']",0.3885245901639344,0.32459016393442625,0.23114754098360657,0.5949367088607596,1.8328858202275924,1.0,0.10503628056973932,1.6674180327868855,0.7431407221493356,0.4795918367346939,0.4002703699152022,0.6535289604909859
"['usual suspects, the (1995)']","['pulp fiction (1994)', 'shawshank redemption, the (1994)']",0.3344262295081967,0.3639344262295082,0.22295081967213115,0.6666666666666666,1.8318318318318316,1.0,0.10124160171996774,1.9081967213114752,0.6822660098522167,0.46896551724137936,0.4759450171821305,0.6396396396396395
"['pulp fiction (1994)', 'shawshank redemption, the (1994)']","['usual suspects, the (1995)']",0.3639344262295082,0.3344262295081967,0.22295081967213115,0.6126126126126126,1.8318318318318316,1.0,0.10124160171996774,1.7181090354555848,0.7139175257731958,0.46896551724137936,0.41796476279234895,0.6396396396396395
['jurassic park (1993)'],['independence day (a.k.a. id4) (1996)'],0.3901639344262295,0.33114754098360655,0.2360655737704918,0.6050420168067228,1.827107080455945,1.0,0.10686374630475681,1.6934775026159752,0.7423088410991638,0.48648648648648657,0.40949909375514926,0.6589566519677179
['independence day (a.k.a. id4) (1996)'],['jurassic park (1993)'],0.33114754098360655,0.3901639344262295,0.2360655737704918,0.712871287128713,1.827107080455945,1.0,0.10686374630475681,2.1239118145845115,0.6768110021786493,0.48648648648648657,0.5291706590013842,0.6589566519677179
"['matrix, the (1999)', 'fight club (1999)']","['pulp fiction (1994)', 'forrest gump (1994)']",0.29508196721311475,0.3770491803278688,0.20327868852459016,0.6888888888888889,1.8270531400966186,1.0,0.09201827465735019,2.0023419203747075,0.6421605401350339,0.4335664335664336,0.5005847953216375,0.6140096618357488
"['pulp fiction (1994)', 'forrest gump (1994)']","['matrix, the (1999)', 'fight club (1999)']",0.3770491803278688,0.29508196721311475,0.20327868852459016,0.5391304347826087,1.8270531400966183,1.0,0.09201827465735019,1.5295391277451285,0.7266553480475382,0.4335664335664336,0.3462082912032356,0.6140096618357488
"['matrix, the (1999)']","['lord of the rings: the fellowship of the ring, the (2001)', 'lord of the rings: the return of the king, the (2003)']",0.4557377049180328,0.27049180327868855,0.22459016393442624,0.4928057553956835,1.8218879441901026,1.0,0.10131685030905671,1.4383211254505293,0.8288628968428458,0.44771241830065356,0.30474496807048745,0.6615543928493569
"['lord of the rings: the fellowship of the ring, the (2001)', 'lord of the rings: the return of the king, the (2003)']","['matrix, the (1999)']",0.27049180327868855,0.4557377049180328,0.22459016393442624,0.8303030303030303,1.8218879441901026,1.0,0.10131685030905671,3.207259953161593,0.6183875994423029,0.44771241830065356,0.6882073749543629,0.6615543928493569
['saving private ryan (1998)'],"['matrix, the (1999)']",0.3081967213114754,0.4557377049180328,0.25573770491803277,0.8297872340425532,1.8207561610286238,1.0,0.11528083848427842,3.197540983606557,0.651598007048244,0.5032258064516127,0.6872596770058959,0.6954691565896218
"['matrix, the (1999)']",['saving private ryan (1998)'],0.4557377049180328,0.3081967213114754,0.25573770491803277,0.5611510791366906,1.8207561610286238,1.0,0.11528083848427842,1.576404192421392,0.8282360210071054,0.5032258064516127,0.36564492481843897,0.6954691565896218
['aladdin (1992)'],['jurassic park (1993)'],0.3,0.3901639344262295,0.21311475409836064,0.7103825136612022,1.8207282913165268,1.0,0.0960655737704918,2.1056603773584905,0.643956043956044,0.44673539518900346,0.5250896057347672,0.6283005005280801
['jurassic park (1993)'],['aladdin (1992)'],0.3901639344262295,0.3,0.21311475409836064,0.5462184873949579,1.8207282913165266,1.0,0.0960655737704918,1.5425925925925923,0.7391645988420181,0.44673539518900346,0.35174069627851134,0.6283005005280801
['back to the future (1985)'],['star wars: episode iv - a new hope (1977)'],0.28032786885245903,0.41147540983606556,0.2098360655737705,0.7485380116959064,1.8191561240418443,1.0,0.09448804084923408,2.340411742279832,0.6256940489749432,0.4353741496598639,0.5727247552493117,0.6292490855292281
['star wars: episode iv - a new hope (1977)'],['back to the future (1985)'],0.41147540983606556,0.28032786885245903,0.2098360655737705,0.5099601593625498,1.8191561240418441,1.0,0.09448804084923408,1.468599226975876,0.7651244777158774,0.4353741496598639,0.319079036927461,0.6292490855292281
"['pulp fiction (1994)', 'shawshank redemption, the (1994)', 'forrest gump (1994)']",['jurassic park (1993)'],0.2934426229508197,0.3901639344262295,0.2081967213114754,0.7094972067039106,1.8184592272663256,1.0,0.09370599301263101,2.099243379571248,0.637009700933555,0.4379310344827586,0.5236378927134019,0.6215553260410309
['jurassic park (1993)'],"['pulp fiction (1994)', 'shawshank redemption, the (1994)', 'forrest gump (1994)']",0.3901639344262295,0.2934426229508197,0.2081967213114754,0.5336134453781513,1.8184592272663254,1.0,0.09370599301263101,1.514960862501846,0.7380408094149523,0.4379310344827586,0.33991694125446,0.6215553260410309
"['silence of the lambs, the (1991)', 'seven (a.k.a. se7en) (1995)']",['pulp fiction (1994)'],0.2459016393442623,0.5032786885245901,0.22459016393442624,0.9133333333333334,1.814766558089034,1.0,0.10083310937919916,5.731399747793198,0.5953665503014917,0.428125,0.8255225522552257,0.6797937024972857
['pulp fiction (1994)'],"['silence of the lambs, the (1991)', 'seven (a.k.a. se7en) (1995)']",0.5032786885245901,0.2459016393442623,0.22459016393442624,0.4462540716612378,1.8147665580890338,1.0,0.10083310937919916,1.3618129218900674,0.9038568090385681,0.428125,0.2656847472029458,0.6797937024972857
"['matrix, the (1999)']","['lord of the rings: the two towers, the (2002)', 'lord of the rings: the return of the king, the (2003)']",0.4557377049180328,0.2639344262295082,0.2180327868852459,0.4784172661870504,1.8126368470441039,1.0,0.09774791722655202,1.4112153759185981,0.8237159162967661,0.434640522875817,0.29139094069955623,0.6522521113543948
"['lord of the rings: the two towers, the (2002)', 'lord of the rings: the return of the king, the (2003)']","['matrix, the (1999)']",0.2639344262295082,0.4557377049180328,0.2180327868852459,0.8260869565217391,1.8126368470441039,1.0,0.09774791722655202,3.1295081967213116,0.6090727933419295,0.434640522875817,0.6804609743321111,0.6522521113543948
['fight club (1999)'],"['matrix, the (1999)']",0.35737704918032787,0.4557377049180328,0.29508196721311475,0.8256880733944955,1.8117615998943966,1.0,0.13221177102929318,3.1223468507333916,0.6972222222222222,0.569620253164557,0.6797280866585609,0.7365850438914923
"['matrix, the (1999)']",['fight club (1999)'],0.4557377049180328,0.35737704918032787,0.29508196721311475,0.6474820143884892,1.8117615998943963,1.0,0.13221177102929318,1.822950819672131,0.8232262382864791,0.569620253164557,0.4514388489208633,0.7365850438914923
['gladiator (2000)'],"['matrix, the (1999)']",0.2786885245901639,0.4557377049180328,0.22950819672131148,0.823529411764706,1.8070249682606858,1.0,0.10249932813759743,3.0841530054644823,0.6191558441558442,0.4545454545454546,0.6757618710134657,0.6635632670334322
"['matrix, the (1999)']",['gladiator (2000)'],0.4557377049180328,0.2786885245901639,0.22950819672131148,0.5035971223021583,1.8070249682606856,1.0,0.10249932813759743,1.4530767403183653,0.820567986230637,0.4545454545454546,0.3118051013734467,0.6635632670334322
"['silence of the lambs, the (1991)', 'shawshank redemption, the (1994)']","['pulp fiction (1994)', 'forrest gump (1994)']",0.3262295081967213,0.3770491803278688,0.22131147540983606,0.678391959798995,1.7992134585973347,1.0,0.09830690674549852,1.936987704918033,0.6592772821483283,0.4591836734693879,0.4837344617825973,0.6326742407690628
"['pulp fiction (1994)', 'forrest gump (1994)']","['silence of the lambs, the (1991)', 'shawshank redemption, the (1994)']",0.3770491803278688,0.3262295081967213,0.22131147540983606,0.5869565217391305,1.7992134585973347,1.0,0.09830690674549852,1.6312338222605698,0.7130604288499025,0.4591836734693879,0.3869671003914102,0.6326742407690628
['star wars: episode v - the empire strikes back (1980)'],"['matrix, the (1999)']",0.34590163934426227,0.4557377049180328,0.2836065573770492,0.8199052132701423,1.7990725902690174,1.0,0.12596613813491,3.0220880069025045,0.6790386370550655,0.5474683544303798,0.6691029520927314,0.7211036857717619
"['matrix, the (1999)']",['star wars: episode v - the empire strikes back (1980)'],0.4557377049180328,0.34590163934426227,0.2836065573770492,0.6223021582733813,1.7990725902690172,1.0,0.12596613813491,1.731803278688525,0.8160735427258167,0.5474683544303798,0.42256720939038245,0.7211036857717619
['batman (1989)'],['braveheart (1995)'],0.30983606557377047,0.3885245901639344,0.21639344262295082,0.6984126984126985,1.797602303931418,1.0,0.09601451222789574,2.027523727351165,0.6428957028719499,0.4489795918367347,0.506787522873314,0.6276873618645771
['braveheart (1995)'],['batman (1989)'],0.3885245901639344,0.30983606557377047,0.21639344262295082,0.5569620253164557,1.797602303931418,1.0,0.09601451222789574,1.5577985948477753,0.7256275895686085,0.4489795918367347,0.3580684927388075,0.6276873618645771
"['pulp fiction (1994)', 'shawshank redemption, the (1994)', 'forrest gump (1994)']",['braveheart (1995)'],0.2934426229508197,0.3885245901639344,0.20491803278688525,0.6983240223463687,1.7973740659547885,1.0,0.0909083579682881,2.0269277474195504,0.6278793503480279,0.429553264604811,0.5066425030329355,0.6128750913419607
['braveheart (1995)'],"['pulp fiction (1994)', 'shawshank redemption, the (1994)', 'forrest gump (1994)']",0.3885245901639344,0.2934426229508197,0.20491803278688525,0.5274261603375527,1.7973740659547885,1.0,0.0909083579682881,1.4951258782201404,0.7255120643431635,0.429553264604811,0.3311599949092974,0.6128750913419607
['independence day (a.k.a. id4) (1996)'],['terminator 2: judgment day (1991)'],0.33114754098360655,0.36721311475409835,0.2180327868852459,0.6584158415841584,1.7930074257425743,1.0,0.09643106691749531,1.852506533618437,0.66124871001032,0.45392491467576795,0.46019083773662345,0.6260829207920793
['terminator 2: judgment day (1991)'],['independence day (a.k.a. id4) (1996)'],0.36721311475409835,0.33114754098360655,0.2180327868852459,0.59375,1.7930074257425743,1.0,0.09643106691749531,1.6464060529634301,0.6989364603217889,0.45392491467576795,0.39261642156862747,0.6260829207920793
['terminator 2: judgment day (1991)'],['braveheart (1995)'],0.36721311475409835,0.3885245901639344,0.25573770491803277,0.6964285714285714,1.79249547920434,1.0,0.11306638000537489,2.01427193828351,0.6986847349541649,0.5114754098360657,0.5035427039448487,0.6773282097649186
['braveheart (1995)'],['terminator 2: judgment day (1991)'],0.3885245901639344,0.36721311475409835,0.25573770491803277,0.6582278481012658,1.79249547920434,1.0,0.11306638000537489,1.8514875531268973,0.7230356774592699,0.5114754098360657,0.4598937495900832,0.6773282097649186
"['lord of the rings: the fellowship of the ring, the (2001)', 'lord of the rings: the two towers, the (2002)']","['matrix, the (1999)']",0.2721311475409836,0.4557377049180328,0.22131147540983606,0.8132530120481928,1.7844760336309267,1.0,0.09729105079279764,2.9144368059227923,0.6039706373039706,0.4368932038834951,0.6568805341849325,0.6494322614197798
"['matrix, the (1999)']","['lord of the rings: the fellowship of the ring, the (2001)', 'lord of the rings: the two towers, the (2002)']",0.4557377049180328,0.2721311475409836,0.22131147540983606,0.4856115107913669,1.7844760336309264,1.0,0.09729105079279764,1.4150177691161299,0.8077197679607319,0.4368932038834951,0.2932950936548058,0.6494322614197798
['men in black (a.k.a. mib) (1997)'],"['matrix, the (1999)']",0.27049180327868855,0.4557377049180328,0.21967213114754097,0.812121212121212,1.7819925877479832,1.0,0.09639881752217144,2.89687995769434,0.6015428475599529,0.43365695792880243,0.6548010222709016,0.6470678003052104
"['matrix, the (1999)']",['men in black (a.k.a. mib) (1997)'],0.4557377049180328,0.27049180327868855,0.21967213114754097,0.48201438848920863,1.7819925877479832,1.0,0.09639881752217144,1.408356102003643,0.8062848408559611,0.43365695792880243,0.289952307816668,0.6470678003052104
"['pulp fiction (1994)', 'matrix, the (1999)']",['star wars: episode iv - a new hope (1977)'],0.29180327868852457,0.41147540983606556,0.21311475409836064,0.7303370786516854,1.7749227807869645,1.0,0.09304488040849233,2.182445355191257,0.616488603988604,0.4347826086956522,0.5417983787674877,0.6241326827521375
['star wars: episode iv - a new hope (1977)'],"['pulp fiction (1994)', 'matrix, the (1999)']",0.41147540983606556,0.29180327868852457,0.21311475409836064,0.5179282868525896,1.7749227807869645,1.0,0.09304488040849233,1.4690692318114078,0.7418470109277908,0.4347826086956522,0.3192968865279622,0.6241326827521375
"['star wars: episode iv - a new hope (1977)', 'shawshank redemption, the (1994)']","['matrix, the (1999)']",0.25573770491803277,0.4557377049180328,0.20655737704918034,0.8076923076923078,1.7722744881018266,1.0,0.09000806234883098,2.8301639344262313,0.5854835326200964,0.40909090909090906,0.6466635773864692,0.6304648588821251
"['matrix, the (1999)']","['star wars: episode iv - a new hope (1977)', 'shawshank redemption, the (1994)']",0.4557377049180328,0.25573770491803277,0.20655737704918034,0.45323741007194246,1.7722744881018264,1.0,0.09000806234883098,1.3612165660051772,0.8006310958118188,0.40909090909090906,0.26536303996450417,0.6304648588821251
"['silence of the lambs, the (1991)', 'usual suspects, the (1995)']",['pulp fiction (1994)'],0.22459016393442624,0.5032786885245901,0.2,0.8905109489051095,1.7694191492902829,1.0,0.08696855683955927,4.536721311475411,0.5607909056250651,0.37888198757763986,0.779576497795765,0.6439525428564636
['pulp fiction (1994)'],"['silence of the lambs, the (1991)', 'usual suspects, the (1995)']",0.5032786885245901,0.22459016393442624,0.2,0.39739413680781766,1.7694191492902829,1.0,0.08696855683955927,1.2867611874169254,0.8754260671968837,0.37888198757763986,0.22285501787054707,0.6439525428564636
"['star wars: episode vi - return of the jedi (1983)', 'star wars: episode iv - a new hope (1977)']","['matrix, the (1999)']",0.28688524590163933,0.4557377049180328,0.23114754098360657,0.8057142857142858,1.7679342240493323,1.0,0.10040311744154798,2.801350048216009,0.6091138827749246,0.451923076923077,0.64302925989673,0.6564542651593013
"['matrix, the (1999)']","['star wars: episode vi - return of the jedi (1983)', 'star wars: episode iv - a new hope (1977)']",0.4557377049180328,0.28688524590163933,0.23114754098360657,0.5071942446043166,1.7679342240493323,1.0,0.10040311744154798,1.4470503769295204,0.7980859608647355,0.451923076923077,0.3089390556520302,0.6564542651593013
"['matrix, the (1999)']","['star wars: episode iv - a new hope (1977)', 'forrest gump (1994)']",0.4557377049180328,0.26885245901639343,0.21639344262295082,0.4748201438848921,1.7660993156694158,1.0,0.09386723998925021,1.3921850437907028,0.797006206644761,0.4258064516129032,0.28170468109817076,0.6398490963326899
"['star wars: episode iv - a new hope (1977)', 'forrest gump (1994)']","['matrix, the (1999)']",0.26885245901639343,0.4557377049180328,0.21639344262295082,0.8048780487804879,1.7660993156694158,1.0,0.09386723998925021,2.789344262295083,0.5932871314037235,0.4258064516129032,0.6414928004701734,0.6398490963326899
['pulp fiction (1994)'],"['seven (a.k.a. se7en) (1995)', 'forrest gump (1994)']",0.5032786885245901,0.26229508196721313,0.23278688524590163,0.4625407166123779,1.7634364820846906,1.0,0.10077936038699273,1.3725782414307002,0.8715660298424207,0.43692307692307686,0.27144408251900115,0.6750203583061889
"['seven (a.k.a. se7en) (1995)', 'forrest gump (1994)']",['pulp fiction (1994)'],0.26229508196721313,0.5032786885245901,0.23278688524590163,0.8875,1.7634364820846906,1.0,0.10077936038699273,4.415300546448086,0.5868544600938967,0.43692307692307686,0.7735148514851484,0.6750203583061889
['terminator 2: judgment day (1991)'],"['star wars: episode v - the empire strikes back (1980)', 'star wars: episode iv - a new hope (1977)']",0.36721311475409835,0.3114754098360656,0.20163934426229507,0.5491071428571429,1.762922932330827,1.0,0.08726148884708411,1.5270248336309042,0.6838956990606174,0.422680412371134,0.3451318027210885,0.5982377819548872
"['star wars: episode v - the empire strikes back (1980)', 'star wars: episode iv - a new hope (1977)']",['terminator 2: judgment day (1991)'],0.3114754098360656,0.36721311475409835,0.20163934426229507,0.6473684210526315,1.7629229323308269,1.0,0.08726148884708411,1.7944702715928549,0.6285327138985676,0.422680412371134,0.44273247886555755,0.5982377819548872
"['pulp fiction (1994)', 'shawshank redemption, the (1994)']","['jurassic park (1993)', 'forrest gump (1994)']",0.3639344262295082,0.32459016393442625,0.2081967213114754,0.572072072072072,1.7624442624442622,1.0,0.09006718624025797,1.5783261432269196,0.6801282571637307,0.43344709897610906,0.3664173882620483,0.6067431067431066
"['jurassic park (1993)', 'forrest gump (1994)']","['pulp fiction (1994)', 'shawshank redemption, the (1994)']",0.32459016393442625,0.3639344262295082,0.2081967213114754,0.6414141414141413,1.762444262444262,1.0,0.09006718624025797,1.7738166705148921,0.6405091353872027,0.43344709897610906,0.4362438821201706,0.6067431067431066
"['silence of the lambs, the (1991)', 'pulp fiction (1994)']","['usual suspects, the (1995)']",0.33934426229508197,0.3344262295081967,0.2,0.5893719806763286,1.7623377853556883,1.0,0.08651437785541521,1.6208678881388623,0.6547614204938371,0.42214532871972316,0.3830465719521193,0.5937055981813015
"['usual suspects, the (1995)']","['silence of the lambs, the (1991)', 'pulp fiction (1994)']",0.3344262295081967,0.33934426229508197,0.2,0.5980392156862745,1.762337785355688,1.0,0.08651437785541521,1.6435825669732107,0.6499232819187596,0.42214532871972316,0.39157300637376535,0.5937055981813015
['jurassic park (1993)'],"['pulp fiction (1994)', 'forrest gump (1994)']",0.3901639344262295,0.3770491803278688,0.25901639344262295,0.6638655462184875,1.7606868834490321,1.0,0.11190540177371677,1.8532786885245907,0.7084524295630872,0.5096774193548387,0.46041574524546675,0.675411033978809
"['pulp fiction (1994)', 'forrest gump (1994)']",['jurassic park (1993)'],0.3770491803278688,0.3901639344262295,0.25901639344262295,0.6869565217391305,1.760686883449032,1.0,0.11190540177371677,1.9480874316939891,0.6935376415722853,0.5096774193548387,0.48667601683029466,0.675411033978809
"['pulp fiction (1994)', 'star wars: episode iv - a new hope (1977)']","['silence of the lambs, the (1991)']",0.25245901639344265,0.45737704918032784,0.20327868852459016,0.8051948051948051,1.7604617604617605,1.0,0.08780972856758935,2.785464480874316,0.5778508771929824,0.401294498381877,0.6409934476399732,0.6248196248196248
"['silence of the lambs, the (1991)']","['pulp fiction (1994)', 'star wars: episode iv - a new hope (1977)']",0.45737704918032784,0.25245901639344265,0.20327868852459016,0.4444444444444445,1.7604617604617605,1.0,0.08780972856758935,1.3455737704918034,0.7960725075528701,0.401294498381877,0.25682261208576995,0.6248196248196248
['apollo 13 (1995)'],['jurassic park (1993)'],0.3295081967213115,0.3901639344262295,0.2262295081967213,0.6865671641791045,1.7596889502069486,1.0,0.0976672937382424,1.9456674473067914,0.6438822153715318,0.4584717607973422,0.4860375541646606,0.6331995484761068
['jurassic park (1993)'],['apollo 13 (1995)'],0.3901639344262295,0.3295081967213115,0.2262295081967213,0.5798319327731093,1.7596889502069486,1.0,0.0976672937382424,1.595770491803279,0.7079242636746144,0.4584717607973422,0.3733434694171068,0.6331995484761068
['forrest gump (1994)'],"['pulp fiction (1994)', 'jurassic park (1993)', 'shawshank redemption, the (1994)']",0.5393442622950819,0.21967213114754097,0.2081967213114754,0.3860182370820669,1.7572471986571703,1.0,0.08971781779091643,1.2709300438240545,0.935466696556169,0.3779761904761905,0.21317463155474958,0.6668897155559588
"['pulp fiction (1994)', 'jurassic park (1993)', 'shawshank redemption, the (1994)']",['forrest gump (1994)'],0.21967213114754097,0.5393442622950819,0.2081967213114754,0.9477611940298507,1.75724719865717,1.0,0.08971781779091643,8.818266978922711,0.5522397935552175,0.3779761904761905,0.8865990333032346,0.6668897155559588
"['lord of the rings: the return of the king, the (2003)']","['matrix, the (1999)']",0.30327868852459017,0.4557377049180328,0.24262295081967214,0.8,1.7553956834532376,1.0,0.10440741736092449,2.721311475409837,0.6176470588235294,0.46984126984126984,0.6325301204819278,0.6661870503597123
"['matrix, the (1999)']","['lord of the rings: the return of the king, the (2003)']",0.4557377049180328,0.30327868852459017,0.24262295081967214,0.5323741007194245,1.7553956834532374,1.0,0.10440741736092449,1.4899117276166458,0.7906626506024097,0.46984126984126984,0.32881929750317396,0.6661870503597123
"['pulp fiction (1994)', 'forrest gump (1994)']",['batman (1989)'],0.3770491803278688,0.30983606557377047,0.20491803278688525,0.5434782608695653,1.7540832758224068,1.0,0.08809459822628328,1.511787665886027,0.6901052631578949,0.42517006802721097,0.3385314468656409,0.6024269611226134
['batman (1989)'],"['pulp fiction (1994)', 'forrest gump (1994)']",0.30983606557377047,0.3770491803278688,0.20491803278688525,0.6613756613756614,1.7540832758224065,1.0,0.08809459822628328,1.8396516393442626,0.6228978622327792,0.42517006802721097,0.4564188248398775,0.6024269611226134
['pulp fiction (1994)'],"['jurassic park (1993)', 'shawshank redemption, the (1994)', 'forrest gump (1994)']",0.5032786885245901,0.2360655737704918,0.2081967213114754,0.41368078175895767,1.7523977560622512,1.0,0.0893899489384574,1.3029326047358833,0.8643746264390219,0.39197530864197533,0.2325005941479918,0.647812613101701
"['jurassic park (1993)', 'shawshank redemption, the (1994)', 'forrest gump (1994)']",['pulp fiction (1994)'],0.2360655737704918,0.5032786885245901,0.2081967213114754,0.8819444444444444,1.7523977560622512,1.0,0.0893899489384574,4.207521697203471,0.5620289953026258,0.39197530864197533,0.7623303997066373,0.647812613101701
"['silence of the lambs, the (1991)', 'forrest gump (1994)']",['jurassic park (1993)'],0.3262295081967213,0.3901639344262295,0.22295081967213115,0.6834170854271358,1.7516152189519028,1.0,0.0956678312281645,1.9263075722092118,0.6368613138686132,0.45182724252491696,0.48087210244772266,0.6274228284278536
['jurassic park (1993)'],"['silence of the lambs, the (1991)', 'forrest gump (1994)']",0.3901639344262295,0.3262295081967213,0.22295081967213115,0.5714285714285715,1.7516152189519025,1.0,0.0956678312281645,1.572131147540984,0.7036290322580647,0.45182724252491696,0.36392075078206476,0.6274228284278536
['star wars: episode vi - return of the jedi (1983)'],['terminator 2: judgment day (1991)'],0.32131147540983607,0.36721311475409835,0.20655737704918034,0.6428571428571429,1.7506377551020411,1.0,0.08856758935769957,1.771803278688525,0.6317767042404725,0.4285714285714286,0.43560325684678025,0.6026785714285715
['terminator 2: judgment day (1991)'],['star wars: episode vi - return of the jedi (1983)'],0.36721311475409835,0.32131147540983607,0.20655737704918034,0.5625000000000001,1.7506377551020411,1.0,0.08856758935769957,1.5512880562060893,0.6776050662061025,0.4285714285714286,0.35537439613526584,0.6026785714285715
['pulp fiction (1994)'],"['forrest gump (1994)', 'shawshank redemption, the (1994)', 'braveheart (1995)']",0.5032786885245901,0.23278688524590163,0.20491803278688525,0.4071661237785017,1.7490939120062396,1.0,0.08776135447460362,1.294145199063232,0.8622046204620463,0.3858024691358025,0.22728917842924368,0.6437239069596734
"['forrest gump (1994)', 'shawshank redemption, the (1994)', 'braveheart (1995)']",['pulp fiction (1994)'],0.23278688524590163,0.5032786885245901,0.20491803278688525,0.8802816901408451,1.7490939120062396,1.0,0.08776135447460362,4.149083895853425,0.5582222222222224,0.3858024691358025,0.758982940547576,0.6437239069596734
['braveheart (1995)'],['jurassic park (1993)'],0.3885245901639344,0.3901639344262295,0.2639344262295082,0.679324894514768,1.7411268304790273,1.0,0.1123461435098092,1.901725625539258,0.6961184287212963,0.5127388535031847,0.4741617893924959,0.6778977413750311
['jurassic park (1993)'],['braveheart (1995)'],0.3901639344262295,0.3885245901639344,0.2639344262295082,0.6764705882352942,1.741126830479027,1.0,0.1123461435098092,1.8900149031296574,0.6979897148200095,0.5127388535031847,0.470903642958524,0.6778977413750311
"['matrix, the (1999)']","['lord of the rings: the fellowship of the ring, the (2001)']",0.4557377049180328,0.32459016393442625,0.2573770491803279,0.564748201438849,1.7398808226146356,1.0,0.10944907282988445,1.551768053109335,0.7813291382088865,0.49216300940438873,0.3555737933924705,0.6788387471840709
"['lord of the rings: the fellowship of the ring, the (2001)']","['matrix, the (1999)']",0.32459016393442625,0.4557377049180328,0.2573770491803279,0.7929292929292929,1.7398808226146356,1.0,0.10944907282988445,2.6283886445421833,0.6296147424401707,0.49216300940438873,0.6195387611050261,0.6788387471840709
"['lord of the rings: the two towers, the (2002)']","['matrix, the (1999)']",0.3081967213114754,0.4557377049180328,0.2442622950819672,0.7925531914893617,1.7390555640593908,1.0,0.10380542864821285,2.623623371164354,0.6143007093100926,0.47003154574132483,0.6188477313509355,0.6642622072554722
"['matrix, the (1999)']","['lord of the rings: the two towers, the (2002)']",0.4557377049180328,0.3081967213114754,0.2442622950819672,0.5359712230215827,1.7390555640593908,1.0,0.10380542864821285,1.49086287965434,0.780828010026684,0.47003154574132483,0.32924750247195606,0.6642622072554722
"['usual suspects, the (1995)', 'forrest gump (1994)']",['pulp fiction (1994)'],0.24918032786885247,0.5032786885245901,0.2180327868852459,0.875,1.7385993485342022,1.0,0.09262563826928247,3.973770491803279,0.5658140985651903,0.4079754601226994,0.7483498349834984,0.6541123778501629
['pulp fiction (1994)'],"['usual suspects, the (1995)', 'forrest gump (1994)']",0.5032786885245901,0.24918032786885247,0.2180327868852459,0.43322475570032576,1.738599348534202,1.0,0.09262563826928247,1.3247220651969096,0.8552569542668552,0.4079754601226994,0.2451246746227046,0.6541123778501629
['mrs. doubtfire (1993)'],['forrest gump (1994)'],0.2360655737704918,0.5393442622950819,0.22131147540983606,0.9375,1.7382218844984805,1.0,0.09399086267132492,7.370491803278689,0.5559370529327612,0.39940828402366874,0.8643238434163701,0.6739171732522796
['forrest gump (1994)'],['mrs. doubtfire (1993)'],0.5393442622950819,0.2360655737704918,0.22131147540983606,0.4103343465045593,1.7382218844984803,1.0,0.09399086267132492,1.2955382795335475,0.9219454329774615,0.39940828402366874,0.2281200673128351,0.6739171732522796
"['jurassic park (1993)', 'shawshank redemption, the (1994)']",['forrest gump (1994)'],0.25245901639344265,0.5393442622950819,0.2360655737704918,0.935064935064935,1.733707022460822,1.0,0.09990325181402848,7.094098360655736,0.5661245126705652,0.42477876106194695,0.8590377593936313,0.6863774523348991
['forrest gump (1994)'],"['jurassic park (1993)', 'shawshank redemption, the (1994)']",0.5393442622950819,0.25245901639344265,0.2360655737704918,0.4376899696048633,1.733707022460822,1.0,0.09990325181402848,1.3294107221976077,0.9186931593515222,0.42477876106194695,0.24778702074334777,0.6863774523348991
['forrest gump (1994)'],"['jurassic park (1993)', 'apollo 13 (1995)']",0.5393442622950819,0.2262295081967213,0.21147540983606558,0.39209726443769,1.7331835601955863,1.0,0.08945982262832575,1.2728524590163937,0.9183149879996692,0.38165680473372793,0.2143629900571841,0.6634399365666711
"['jurassic park (1993)', 'apollo 13 (1995)']",['forrest gump (1994)'],0.2262295081967213,0.5393442622950819,0.21147540983606558,0.9347826086956522,1.7331835601955863,1.0,0.08945982262832575,7.063387978142082,0.5467087110760742,0.38165680473372793,0.8584248800866472,0.6634399365666711
['pulp fiction (1994)'],"['terminator 2: judgment day (1991)', 'jurassic park (1993)', 'forrest gump (1994)']",0.5032786885245901,0.22950819672131148,0.2,0.39739413680781766,1.731503024662634,1.0,0.08449341574845473,1.2785999113867967,0.8505112806362605,0.37538461538461537,0.2178945179846144,0.6344113541181946
"['terminator 2: judgment day (1991)', 'jurassic park (1993)', 'forrest gump (1994)']",['pulp fiction (1994)'],0.22950819672131148,0.5032786885245901,0.2,0.8714285714285714,1.731503024662634,1.0,0.08449341574845473,3.863387978142077,0.5483083362399722,0.37538461538461537,0.7411598302687412,0.6344113541181946
"['silence of the lambs, the (1991)', 'shawshank redemption, the (1994)', 'forrest gump (1994)']",['pulp fiction (1994)'],0.2540983606557377,0.5032786885245901,0.22131147540983606,0.8709677419354839,1.7305873699695284,1.0,0.09342918570276806,3.8495901639344265,0.5659747659747659,0.4128440366972478,0.7402320877249016,0.6553535778081329
['pulp fiction (1994)'],"['silence of the lambs, the (1991)', 'shawshank redemption, the (1994)', 'forrest gump (1994)']",0.5032786885245901,0.2540983606557377,0.22131147540983606,0.4397394136807818,1.7305873699695282,1.0,0.09342918570276806,1.3313476934807473,0.8498961007211832,0.4128440366972478,0.24888141174786127,0.6553535778081329
"['pulp fiction (1994)', 'forrest gump (1994)']","['usual suspects, the (1995)']",0.3770491803278688,0.3344262295081967,0.2180327868852459,0.5782608695652175,1.7291133844842288,1.0,0.0919376511690406,1.5781646104444822,0.6768895924020578,0.4418604651162791,0.3663525380167061,0.6151108269394715
"['usual suspects, the (1995)']","['pulp fiction (1994)', 'forrest gump (1994)']",0.3344262295081967,0.3770491803278688,0.2180327868852459,0.6519607843137255,1.7291133844842286,1.0,0.0919376511690406,1.789886862156546,0.6335419830364089,0.4418604651162791,0.4413054695562436,0.6151108269394715
['pulp fiction (1994)'],"['jurassic park (1993)', 'shawshank redemption, the (1994)']",0.5032786885245901,0.25245901639344265,0.21967213114754097,0.4364820846905538,1.7289225432547908,1.0,0.09261488847084115,1.3265611674405382,0.848775922368356,0.40978593272171254,0.2461712097834162,0.6533059774102119
"['jurassic park (1993)', 'shawshank redemption, the (1994)']",['pulp fiction (1994)'],0.25245901639344265,0.5032786885245901,0.21967213114754097,0.87012987012987,1.7289225432547906,1.0,0.09261488847084115,3.8247540983606516,0.5639892642052892,0.40978593272171254,0.7385452830997382,0.6533059774102119
"['pulp fiction (1994)', 'forrest gump (1994)']",['apollo 13 (1995)'],0.3770491803278688,0.3295081967213115,0.21475409836065573,0.5695652173913044,1.72853125675968,1.0,0.09051330287557108,1.5577082298393774,0.6765769385295298,0.43666666666666665,0.3580312533219943,0.6106532554618214
['apollo 13 (1995)'],"['pulp fiction (1994)', 'forrest gump (1994)']",0.3295081967213115,0.3770491803278688,0.21475409836065573,0.6517412935323382,1.7285312567596798,1.0,0.09051330287557108,1.7887587822014048,0.6286044905653334,0.43666666666666665,0.44095312909138507,0.6106532554618214
"['matrix, the (1999)']",['memento (2000)'],0.4557377049180328,0.260655737704918,0.20491803278688525,0.4496402877697842,1.7250350662865936,1.0,0.08612738511152918,1.3433836922747244,0.7722409638554218,0.40064102564102566,0.25561103223851084,0.6179019048911815
['memento (2000)'],"['matrix, the (1999)']",0.260655737704918,0.4557377049180328,0.20491803278688525,0.7861635220125787,1.7250350662865934,1.0,0.08612738511152918,2.545226615236259,0.568478935698448,0.40064102564102566,0.6071076759869668,0.6179019048911815
"['matrix, the (1999)']",['star wars: episode vi - return of the jedi (1983)'],0.4557377049180328,0.32131147540983607,0.25245901639344265,0.5539568345323742,1.7240493319630013,1.0,0.10602526202633702,1.5215758857747228,0.771631982475356,0.4812500000000001,0.34278664025301514,0.66983556012333
['star wars: episode vi - return of the jedi (1983)'],"['matrix, the (1999)']",0.32131147540983607,0.4557377049180328,0.25245901639344265,0.7857142857142858,1.7240493319630013,1.0,0.10602526202633702,2.539890710382515,0.6187966622749232,0.4812500000000001,0.6062822719449227,0.66983556012333
"['silence of the lambs, the (1991)', 'pulp fiction (1994)']","['shawshank redemption, the (1994)', 'forrest gump (1994)']",0.33934426229508197,0.37868852459016394,0.22131147540983606,0.6521739130434783,1.7221908526256353,1.0,0.09280569739317387,1.7862704918032788,0.6347394540942929,0.4455445544554456,0.44017437191694386,0.6182947487295314
"['shawshank redemption, the (1994)', 'forrest gump (1994)']","['silence of the lambs, the (1991)', 'pulp fiction (1994)']",0.37868852459016394,0.33934426229508197,0.22131147540983606,0.5844155844155844,1.722190852625635,1.0,0.09280569739317387,1.5897028688524588,0.674934036939314,0.4455445544554456,0.3709516290161451,0.6182947487295314
"['silence of the lambs, the (1991)']","['pulp fiction (1994)', 'seven (a.k.a. se7en) (1995)']",0.45737704918032784,0.28524590163934427,0.22459016393442624,0.4910394265232975,1.7214600585012154,1.0,0.09412523515184093,1.4043407988917112,0.7723553928595057,0.4335443037974684,0.28792213343855844,0.639197874181189
"['pulp fiction (1994)', 'seven (a.k.a. se7en) (1995)']","['silence of the lambs, the (1991)']",0.28524590163934427,0.45737704918032784,0.22459016393442624,0.7873563218390804,1.7214600585012154,1.0,0.09412523515184093,2.5517944173681877,0.5863523739369183,0.4335443037974684,0.6081189012744382,0.639197874181189
['pretty woman (1990)'],['forrest gump (1994)'],0.22131147540983606,0.5393442622950819,0.20491803278688525,0.9259259259259259,1.7167623550602276,1.0,0.08555495834453106,6.218852459016395,0.5361684210526317,0.36873156342182895,0.8391986292342164,0.6529325678261848
['forrest gump (1994)'],['pretty woman (1990)'],0.5393442622950819,0.22131147540983606,0.20491803278688525,0.3799392097264438,1.7167623550602276,1.0,0.08555495834453106,1.255826100932176,0.9063345195729537,0.36873156342182895,0.20371140617501204,0.6529325678261848
['braveheart (1995)'],['apollo 13 (1995)'],0.3885245901639344,0.3295081967213115,0.21967213114754097,0.5654008438818565,1.7158931082981714,1.0,0.09165009406073635,1.542782110456788,0.6823056300268097,0.4407894736842105,0.3518203295059474,0.6160337552742616
['apollo 13 (1995)'],['braveheart (1995)'],0.3295081967213115,0.3885245901639344,0.21967213114754097,0.6666666666666666,1.7158931082981714,1.0,0.09165009406073635,1.8344262295081963,0.6222493887530561,0.4407894736842105,0.4548704200178731,0.6160337552742616
"['terminator 2: judgment day (1991)', 'shawshank redemption, the (1994)']",['pulp fiction (1994)'],0.23934426229508196,0.5032786885245901,0.20655737704918034,0.8630136986301371,1.714782919102227,1.0,0.08610051061542599,3.626065573770495,0.5479953475643132,0.3853211009174312,0.7242189972421902,0.6367185756994334
['pulp fiction (1994)'],"['terminator 2: judgment day (1991)', 'shawshank redemption, the (1994)']",0.5032786885245901,0.23934426229508196,0.20655737704918034,0.4104234527687297,1.714782919102227,1.0,0.08610051061542599,1.29017299157685,0.8391743936298394,0.3853211009174312,0.22491014264854553,0.6367185756994334
['independence day (a.k.a. id4) (1996)'],['toy story (1995)'],0.33114754098360655,0.3524590163934426,0.2,0.603960396039604,1.7135620538798069,1.0,0.08328406342381081,1.6350409836065576,0.6225891996142721,0.4135593220338984,0.38839453565609744,0.5857011282523602
['toy story (1995)'],['independence day (a.k.a. id4) (1996)'],0.3524590163934426,0.33114754098360655,0.2,0.5674418604651164,1.7135620538798069,1.0,0.08328406342381081,1.5462718138551035,0.6430794770699316,0.4135593220338984,0.35328317373461027,0.5857011282523602
"['pulp fiction (1994)', 'shawshank redemption, the (1994)']",['apollo 13 (1995)'],0.3639344262295082,0.3295081967213115,0.20491803278688525,0.5630630630630631,1.7087983505893953,1.0,0.08499865627519483,1.5345276322460708,0.6521237113402061,0.41946308724832215,0.34833366373708674,0.5924768051633723
['apollo 13 (1995)'],"['pulp fiction (1994)', 'shawshank redemption, the (1994)']",0.3295081967213115,0.3639344262295082,0.20491803278688525,0.6218905472636815,1.708798350589395,1.0,0.08499865627519483,1.6822260569456424,0.6186405867970659,0.41946308724832215,0.4055495717289838,0.5924768051633723
['pulp fiction (1994)'],['seven (a.k.a. se7en) (1995)'],0.5032786885245901,0.33278688524590166,0.28524590163934427,0.5667752442996743,1.703117729176361,1.0,0.11776135447460362,1.540108467891039,0.8311331133113312,0.5178571428571428,0.35069508359410645,0.7119590507212656
['seven (a.k.a. se7en) (1995)'],['pulp fiction (1994)'],0.33278688524590166,0.5032786885245901,0.28524590163934427,0.8571428571428571,1.703117729176361,1.0,0.11776135447460362,3.477049180327868,0.6187551187551189,0.5178571428571428,0.7123998114097123,0.7119590507212656
['pulp fiction (1994)'],"['batman (1989)', 'forrest gump (1994)']",0.5032786885245901,0.23934426229508196,0.20491803278688525,0.4071661237785017,1.701173530855384,1.0,0.0844611663531309,1.2830841289857684,0.8297821782178219,0.38109756097560976,0.2206278782432889,0.6316652536700729
"['batman (1989)', 'forrest gump (1994)']",['pulp fiction (1994)'],0.23934426229508196,0.5032786885245901,0.20491803278688525,0.8561643835616439,1.701173530855384,1.0,0.0844611663531309,3.453395784543328,0.5418620689655174,0.38109756097560976,0.7104299471042996,0.6316652536700729
['braveheart (1995)'],['seven (a.k.a. se7en) (1995)'],0.3885245901639344,0.33278688524590166,0.21967213114754097,0.5654008438818565,1.6989877574774999,1.0,0.09037624294544475,1.5352379436574881,0.6728222159977592,0.43790849673202614,0.3486351714199815,0.612749683024672
['seven (a.k.a. se7en) (1995)'],['braveheart (1995)'],0.33278688524590166,0.3885245901639344,0.21967213114754097,0.6600985221674875,1.6989877574774996,1.0,0.09037624294544475,1.7989783796626269,0.6166159375114598,0.43790849673202614,0.44412895046157486,0.612749683024672
"['silence of the lambs, the (1991)', 'braveheart (1995)']",['pulp fiction (1994)'],0.2459016393442623,0.5032786885245901,0.2098360655737705,0.8533333333333334,1.6955483170466887,1.0,0.08607901101854341,3.386736214605069,0.5439877717391306,0.3890577507598785,0.7047304730473049,0.6351357220412596
['pulp fiction (1994)'],"['silence of the lambs, the (1991)', 'braveheart (1995)']",0.5032786885245901,0.2459016393442623,0.2098360655737705,0.4169381107491857,1.6955483170466885,1.0,0.08607901101854341,1.2933418811246449,0.8258560231023102,0.3890577507598785,0.22680923381957235,0.6351357220412596
['apollo 13 (1995)'],"['shawshank redemption, the (1994)', 'forrest gump (1994)']",0.3295081967213115,0.37868852459016394,0.21147540983606558,0.6417910447761194,1.6947728888027394,1.0,0.08669443697930664,1.7344945355191257,0.6114175243077272,0.42574257425742573,0.4234631591383451,0.6001163016088389
"['shawshank redemption, the (1994)', 'forrest gump (1994)']",['apollo 13 (1995)'],0.37868852459016394,0.3295081967213115,0.21147540983606558,0.5584415584415584,1.6947728888027394,1.0,0.08669443697930664,1.5184667309546769,0.6598146898202122,0.42574257425742573,0.34144095513288664,0.6001163016088389
['apollo 13 (1995)'],['terminator 2: judgment day (1991)'],0.3295081967213115,0.36721311475409835,0.20491803278688525,0.6218905472636815,1.6935412224591329,1.0,0.08391830153184629,1.6735547886108713,0.6107775061124695,0.4166666666666667,0.4024695176964916,0.589963130774698
['terminator 2: judgment day (1991)'],['apollo 13 (1995)'],0.36721311475409835,0.3295081967213115,0.20491803278688525,0.5580357142857143,1.6935412224591329,1.0,0.08391830153184629,1.5170723629740024,0.6471709844559586,0.4166666666666667,0.34083566189311915,0.589963130774698
['forrest gump (1994)'],"['pulp fiction (1994)', 'jurassic park (1993)']",0.5393442622950819,0.2836065573770492,0.25901639344262295,0.48024316109422494,1.693342937962296,1.0,0.10605482397205052,1.3783242258652095,0.8888463444299292,0.4593023255813954,0.27448130038324303,0.696768979391043
"['pulp fiction (1994)', 'jurassic park (1993)']",['forrest gump (1994)'],0.2836065573770492,0.5393442622950819,0.25901639344262295,0.9132947976878611,1.693342937962296,1.0,0.10605482397205052,5.312896174863381,0.5715465052283984,0.4593023255813954,0.8117787423117271,0.696768979391043
"['pulp fiction (1994)', 'forrest gump (1994)']",['terminator 2: judgment day (1991)'],0.3770491803278688,0.36721311475409835,0.23442622950819672,0.6217391304347827,1.6931288819875778,1.0,0.0959688255845203,1.6728848690408897,0.6571586308428414,0.45980707395498394,0.4022302320342421,0.63006599378882
['terminator 2: judgment day (1991)'],"['pulp fiction (1994)', 'forrest gump (1994)']",0.36721311475409835,0.3770491803278688,0.23442622950819672,0.6383928571428572,1.6931288819875778,1.0,0.0959688255845203,1.7227281926735483,0.6469437298452844,0.45980707395498394,0.41952537593984973,0.63006599378882
"['shawshank redemption, the (1994)', 'matrix, the (1999)']",['star wars: episode iv - a new hope (1977)'],0.2967213114754098,0.41147540983606556,0.20655737704918034,0.696132596685083,1.6917963505095643,1.0,0.08446385380274123,1.9367809239940394,0.5814370814370816,0.411764705882353,0.48367934255682626,0.5990623142787965
['fargo (1996)'],['star wars: episode iv - a new hope (1977)'],0.2967213114754098,0.41147540983606556,0.20655737704918034,0.696132596685083,1.6917963505095643,1.0,0.08446385380274123,1.9367809239940394,0.5814370814370816,0.411764705882353,0.48367934255682626,0.5990623142787965
['star wars: episode iv - a new hope (1977)'],"['shawshank redemption, the (1994)', 'matrix, the (1999)']",0.41147540983606556,0.2967213114754098,0.20655737704918034,0.50199203187251,1.6917963505095641,1.0,0.08446385380274123,1.4121836065573772,0.6948092143078217,0.411764705882353,0.2918767819166226,0.5990623142787965
['star wars: episode iv - a new hope (1977)'],['fargo (1996)'],0.41147540983606556,0.2967213114754098,0.20655737704918034,0.50199203187251,1.6917963505095641,1.0,0.08446385380274123,1.4121836065573772,0.6948092143078217,0.411764705882353,0.2918767819166226,0.5990623142787965
"['silence of the lambs, the (1991)', 'terminator 2: judgment day (1991)']",['pulp fiction (1994)'],0.24262295081967214,0.5032786885245901,0.20655737704918034,0.8513513513513514,1.6916101769521967,1.0,0.08445041655468961,3.341579731743668,0.539819968391397,0.3829787234042554,0.7007403443047009,0.6308874020600406
['pulp fiction (1994)'],"['silence of the lambs, the (1991)', 'terminator 2: judgment day (1991)']",0.5032786885245901,0.24262295081967214,0.20655737704918034,0.4104234527687297,1.6916101769521967,1.0,0.08445041655468961,1.2846119010959154,0.8230918329928231,0.3829787234042554,0.22155477530070372,0.6308874020600406
['terminator 2: judgment day (1991)'],['seven (a.k.a. se7en) (1995)'],0.36721311475409835,0.33278688524590166,0.20655737704918034,0.5625000000000001,1.6902709359605914,1.0,0.08435366836871809,1.525058548009368,0.6453655728267126,0.4186046511627908,0.34428746928746945,0.591594827586207
['seven (a.k.a. se7en) (1995)'],['terminator 2: judgment day (1991)'],0.33278688524590166,0.36721311475409835,0.20655737704918034,0.6206896551724138,1.6902709359605912,1.0,0.08435366836871809,1.6682563338301044,0.6120666120666122,0.4186046511627908,0.40057173485795966,0.591594827586207
['braveheart (1995)'],"['pulp fiction (1994)', 'forrest gump (1994)']",0.3885245901639344,0.3770491803278688,0.24754098360655738,0.6371308016877637,1.6897816914327648,1.0,0.10104810534802475,1.7167365611894778,0.6675780764518937,0.4778481012658228,0.4174994448145681,0.6468262704090992
"['pulp fiction (1994)', 'forrest gump (1994)']",['braveheart (1995)'],0.3770491803278688,0.3885245901639344,0.24754098360655738,0.6565217391304349,1.6897816914327648,1.0,0.10104810534802475,1.7802448640796849,0.655280585569885,0.4778481012658228,0.4382795197575477,0.6468262704090992
"['matrix, the (1999)']",['raiders of the lost ark (indiana jones and the raiders of the lost ark) (1981)'],0.4557377049180328,0.32786885245901637,0.25245901639344265,0.5539568345323742,1.6895683453237416,1.0,0.10303681805966142,1.5068746694870445,0.749882647473009,0.47530864197530864,0.33637480259694696,0.6619784172661871
['raiders of the lost ark (indiana jones and the raiders of the lost ark) (1981)'],"['matrix, the (1999)']",0.32786885245901637,0.4557377049180328,0.25245901639344265,0.7700000000000001,1.6895683453237413,1.0,0.10303681805966142,2.3663578047042066,0.6072220462464366,0.47530864197530864,0.5774096385542171,0.6619784172661871
['pulp fiction (1994)'],"['shawshank redemption, the (1994)', 'braveheart (1995)']",0.5032786885245901,0.27377049180327867,0.23278688524590163,0.4625407166123779,1.689519982835632,1.0,0.0950040311744155,1.3512270243417785,0.8216194858922513,0.427710843373494,0.25993191226535106,0.6564200589049913
"['shawshank redemption, the (1994)', 'braveheart (1995)']",['pulp fiction (1994)'],0.27377049180327867,0.5032786885245901,0.23278688524590163,0.8502994011976048,1.689519982835632,1.0,0.0950040311744155,3.318098360655739,0.5619654722919913,0.427710843373494,0.6986225568664652,0.6564200589049913
"['terminator 2: judgment day (1991)', 'pulp fiction (1994)', 'jurassic park (1993)']",['forrest gump (1994)'],0.21967213114754097,0.5393442622950819,0.2,0.9104477611940299,1.6880642380801165,1.0,0.08152109647944104,5.1439890710382565,0.5223515635762503,0.3577712609970675,0.8055983428055454,0.6406342149435196
['forrest gump (1994)'],"['terminator 2: judgment day (1991)', 'pulp fiction (1994)', 'jurassic park (1993)']",0.5393442622950819,0.21967213114754097,0.2,0.37082066869300917,1.6880642380801165,1.0,0.08152109647944104,1.2402312504949713,0.8848375240651073,0.3577712609970675,0.19369875609818402,0.6406342149435196
"['matrix, the (1999)', 'fight club (1999)']",['star wars: episode iv - a new hope (1977)'],0.29508196721311475,0.41147540983606556,0.20491803278688525,0.6944444444444445,1.6876936697653833,1.0,0.0834990593926364,1.9260804769001496,0.578046511627907,0.40849673202614384,0.4808108944599197,0.5962262062859673
['star wars: episode iv - a new hope (1977)'],"['matrix, the (1999)', 'fight club (1999)']",0.41147540983606556,0.29508196721311475,0.20491803278688525,0.49800796812749004,1.687693669765383,1.0,0.0834990593926364,1.4042414780119699,0.6923676880222841,0.40849673202614384,0.2878717687389975,0.5962262062859673
['saving private ryan (1998)'],['star wars: episode iv - a new hope (1977)'],0.3081967213114754,0.41147540983606556,0.21311475409836064,0.6914893617021276,1.6805119945748919,1.0,0.08629938188658962,1.9076314301865458,0.5853445133065985,0.4207119741100324,0.4757897232264564,0.6047088242773586
['star wars: episode iv - a new hope (1977)'],['saving private ryan (1998)'],0.41147540983606556,0.3081967213114754,0.21311475409836064,0.5179282868525896,1.6805119945748919,1.0,0.08629938188658962,1.435062999593551,0.6880651382044138,0.4207119741100324,0.30316648099544946,0.6047088242773586
['jurassic park (1993)'],['star wars: episode vi - return of the jedi (1983)'],0.3901639344262295,0.32131147540983607,0.2098360655737705,0.5378151260504201,1.6738123820956954,1.0,0.08447191615157215,1.468435171385991,0.6601142473118279,0.41830065359477125,0.31900296350424223,0.595438175270108
['star wars: episode vi - return of the jedi (1983)'],['jurassic park (1993)'],0.32131147540983607,0.3901639344262295,0.2098360655737705,0.6530612244897959,1.6738123820956954,1.0,0.08447191615157215,1.757762777242044,0.5931461352657005,0.41830065359477125,0.4310950186526223,0.595438175270108
"['terminator 2: judgment day (1991)', 'forrest gump (1994)']",['pulp fiction (1994)'],0.2786885245901639,0.5032786885245901,0.23442622950819672,0.8411764705882354,1.671392987162292,1.0,0.09416823434560603,3.1275045537340644,0.5568976478067388,0.42814371257485034,0.68025626092021,0.6534872580954206
['pulp fiction (1994)'],"['terminator 2: judgment day (1991)', 'forrest gump (1994)']",0.5032786885245901,0.2786885245901639,0.23442622950819672,0.4657980456026059,1.671392987162292,1.0,0.09416823434560603,1.3502598960415835,0.8086962542408088,0.42814371257485034,0.2594018359490673,0.6534872580954206
"['godfather, the (1972)']",['star wars: episode iv - a new hope (1977)'],0.31475409836065577,0.41147540983606556,0.21639344262295082,0.6875,1.670816733067729,1.0,0.0868798710024187,1.8832786885245902,0.5859069160504567,0.4244372990353697,0.46901114206128136,0.6066982071713147
['star wars: episode iv - a new hope (1977)'],"['godfather, the (1972)']",0.41147540983606556,0.31475409836065577,0.21639344262295082,0.5258964143426295,1.6708167330677288,1.0,0.0868798710024187,1.4453505992560955,0.6821980248164092,0.4244372990353697,0.30812634628948316,0.6066982071713147
['saving private ryan (1998)'],['braveheart (1995)'],0.3081967213114754,0.3885245901639344,0.2,0.648936170212766,1.6702576532902416,1.0,0.08025799516259072,1.7417784401390957,0.5800637091135111,0.4026402640264027,0.4258741657635047,0.5818520513511087
['braveheart (1995)'],['saving private ryan (1998)'],0.3885245901639344,0.3081967213114754,0.2,0.5147679324894515,1.6702576532902416,1.0,0.08025799516259072,1.4257163221667857,0.6562651078978597,0.4026402640264027,0.2985981962525247,0.5818520513511087
"['terminator 2: judgment day (1991)', 'pulp fiction (1994)']","['silence of the lambs, the (1991)']",0.27049180327868855,0.45737704918032784,0.20655737704918034,0.7636363636363637,1.6695992179863148,1.0,0.08284063423810804,2.295712484237075,0.5497592295345104,0.3962264150943396,0.564405383136501,0.6076246334310851
"['silence of the lambs, the (1991)']","['terminator 2: judgment day (1991)', 'pulp fiction (1994)']",0.45737704918032784,0.27049180327868855,0.20655737704918034,0.4516129032258065,1.6695992179863148,1.0,0.08284063423810804,1.3302796528447447,0.7391022874406561,0.3962264150943396,0.2482783617252628,0.6076246334310851
['terminator 2: judgment day (1991)'],"['silence of the lambs, the (1991)', 'forrest gump (1994)']",0.36721311475409835,0.3262295081967213,0.2,0.5446428571428572,1.669508255563532,1.0,0.08020424617038432,1.4796528447444555,0.6337382145587362,0.4053156146179402,0.3241657977059438,0.5788540918880115
"['silence of the lambs, the (1991)', 'forrest gump (1994)']",['terminator 2: judgment day (1991)'],0.3262295081967213,0.36721311475409835,0.2,0.6130653266331658,1.6695082555635319,1.0,0.08020424617038432,1.6353842878433043,0.5951896613617328,0.4053156146179402,0.38852292550837086,0.5788540918880115
"['matrix, the (1999)']",['shrek (2001)'],0.4557377049180328,0.2786885245901639,0.21147540983606558,0.46402877697841727,1.6650444350402034,1.0,0.08446654125235153,1.3458026185498955,0.7338656953394976,0.4043887147335424,0.25694898626553303,0.6114261531950911
['shrek (2001)'],"['matrix, the (1999)']",0.2786885245901639,0.4557377049180328,0.21147540983606558,0.7588235294117648,1.6650444350402034,1.0,0.08446654125235153,2.256697321071572,0.5537350246652573,0.4043887147335424,0.5568745570517365,0.6114261531950911
['terminator 2: judgment day (1991)'],['star wars: episode v - the empire strikes back (1980)'],0.36721311475409835,0.34590163934426227,0.21147540983606558,0.5758928571428572,1.6649035206499665,1.0,0.08445579145391027,1.5422950819672134,0.6311202152869826,0.42156862745098045,0.3516156462585035,0.5936336323628979
['star wars: episode v - the empire strikes back (1980)'],['terminator 2: judgment day (1991)'],0.34590163934426227,0.36721311475409835,0.21147540983606558,0.6113744075829385,1.6649035206499665,1.0,0.08445579145391027,1.6282686925229912,0.6105574012550758,0.42156862745098045,0.3858507477346955,0.5936336323628979
['star wars: episode iv - a new hope (1977)'],['independence day (a.k.a. id4) (1996)'],0.41147540983606556,0.33114754098360655,0.2262295081967213,0.549800796812749,1.6602895349295885,1.0,0.08997043805428648,1.4856811257797764,0.6757498687981914,0.43809523809523804,0.32690805405827666,0.616484556822216
['independence day (a.k.a. id4) (1996)'],['star wars: episode iv - a new hope (1977)'],0.33114754098360655,0.41147540983606556,0.2262295081967213,0.6831683168316831,1.6602895349295885,1.0,0.08997043805428648,1.8575307377049177,0.5945936345552714,0.43809523809523804,0.4616509004660911,0.616484556822216
['pulp fiction (1994)'],"['usual suspects, the (1995)', 'shawshank redemption, the (1994)']",0.5032786885245901,0.26721311475409837,0.22295081967213115,0.4429967426710098,1.6578405707319999,1.0,0.08846815372211772,1.3155881507046303,0.7988497379149679,0.407185628742515,0.23988369805216103,0.6386762854459344
"['usual suspects, the (1995)', 'shawshank redemption, the (1994)']",['pulp fiction (1994)'],0.26721311475409837,0.5032786885245901,0.22295081967213115,0.8343558282208589,1.6578405707319999,1.0,0.08846815372211772,2.998724954462659,0.541502171338334,0.407185628742515,0.6665249347020591,0.6386762854459344
['terminator 2: judgment day (1991)'],"['silence of the lambs, the (1991)', 'pulp fiction (1994)']",0.36721311475409835,0.33934426229508197,0.20655737704918034,0.5625000000000001,1.6576086956521743,1.0,0.08194571351787155,1.5100702576112417,0.6269430051813472,0.4131147540983607,0.3377791563275436,0.5855978260869565
"['silence of the lambs, the (1991)', 'pulp fiction (1994)']",['terminator 2: judgment day (1991)'],0.33934426229508197,0.36721311475409835,0.20655737704918034,0.6086956521739131,1.657608695652174,1.0,0.08194571351787155,1.6171220400728599,0.6004962779156329,0.4131147540983607,0.3816174814147331,0.5855978260869565
"['matrix, the (1999)']",['american beauty (1999)'],0.4557377049180328,0.3344262295081967,0.25245901639344265,0.5539568345323742,1.656439554238962,1.0,0.10004837409298578,1.4921734531993656,0.7281333124706619,0.4695121951219513,0.3298366233121879,0.654429397658344
['american beauty (1999)'],"['matrix, the (1999)']",0.3344262295081967,0.4557377049180328,0.25245901639344265,0.7549019607843138,1.656439554238962,1.0,0.10004837409298578,2.220590163934427,0.5954193589661572,0.4695121951219513,0.5496692652964802,0.654429397658344
"['lord of the rings: the return of the king, the (2003)']",['star wars: episode iv - a new hope (1977)'],0.30327868852459017,0.41147540983606556,0.20655737704918034,0.6810810810810811,1.655216969958006,1.0,0.08176565439398013,1.8453737149208116,0.5681605975723624,0.40645161290322585,0.45810434389821586,0.5915365564767956
['star wars: episode iv - a new hope (1977)'],"['lord of the rings: the return of the king, the (2003)']",0.41147540983606556,0.30327868852459017,0.20655737704918034,0.50199203187251,1.6552169699580057,1.0,0.08176565439398013,1.399016393442623,0.6726135208029359,0.40645161290322585,0.28521209280524956,0.5915365564767956
['jurassic park (1993)'],['seven (a.k.a. se7en) (1995)'],0.3901639344262295,0.33278688524590166,0.21475409836065573,0.5504201680672269,1.6539719336010266,1.0,0.08491265788766461,1.4840815075838822,0.6483624722974637,0.4225806451612903,0.3261825614766792,0.5978701825557808
['seven (a.k.a. se7en) (1995)'],['jurassic park (1993)'],0.33278688524590166,0.3901639344262295,0.21475409836065573,0.6453201970443349,1.6539719336010263,1.0,0.08491265788766461,1.7193989071038245,0.5926064857362568,0.4225806451612903,0.4184013983791513,0.5978701825557808
"['matrix, the (1999)', 'forrest gump (1994)']",['star wars: episode iv - a new hope (1977)'],0.3180327868852459,0.41147540983606556,0.21639344262295082,0.6804123711340206,1.6535918182938352,1.0,0.08553077129803818,1.84151242728715,0.5795818764568766,0.42172523961661335,0.45696809579875375,0.603154392738325
['star wars: episode iv - a new hope (1977)'],"['matrix, the (1999)', 'forrest gump (1994)']",0.41147540983606556,0.3180327868852459,0.21639344262295082,0.5258964143426295,1.653591818293835,1.0,0.08553077129803818,1.4384350461496072,0.6716046256436231,0.42172523961661335,0.3048000306466442,0.603154392738325
['pulp fiction (1994)'],"['matrix, the (1999)', 'fight club (1999)', 'forrest gump (1994)']",0.5032786885245901,0.2442622950819672,0.20327868852459016,0.40390879478827363,1.6535863410795095,1.0,0.08034668099973127,1.2678222699991042,0.7957255402959652,0.37349397590361455,0.21124591067428833,0.6180617799444724
"['matrix, the (1999)', 'fight club (1999)', 'forrest gump (1994)']",['pulp fiction (1994)'],0.2442622950819672,0.5032786885245901,0.20327868852459016,0.8322147651006712,1.6535863410795095,1.0,0.08034668099973127,2.960459016393443,0.5230039885242461,0.37349397590361455,0.6622145436020113,0.6180617799444724
"['silence of the lambs, the (1991)', 'matrix, the (1999)']",['pulp fiction (1994)'],0.26229508196721313,0.5032786885245901,0.2180327868852459,0.83125,1.651669381107492,1.0,0.08602526202633701,2.943533697632059,0.5348370927318297,0.39820359281437123,0.6602722772277229,0.6322373778501629
['pulp fiction (1994)'],"['silence of the lambs, the (1991)', 'matrix, the (1999)']",0.5032786885245901,0.26229508196721313,0.2180327868852459,0.43322475570032576,1.6516693811074918,1.0,0.08602526202633701,1.301582815149802,0.7943125139581626,0.39820359281437123,0.23170466883821936,0.6322373778501629
['forrest gump (1994)'],"['speed (1994)', 'jurassic park (1993)']",0.5393442622950819,0.22459016393442624,0.2,0.37082066869300917,1.6510993277571941,1.0,0.07886858371405538,1.2324146669834481,0.8560469050813839,0.35465116279069775,0.1885847947203712,0.6306658087990593
"['speed (1994)', 'jurassic park (1993)']",['forrest gump (1994)'],0.22459016393442624,0.5393442622950819,0.2,0.8905109489051095,1.6510993277571941,1.0,0.07886858371405538,4.2073224043715856,0.5085606349426404,0.35465116279069775,0.7623191417513053,0.6306658087990593
"['pulp fiction (1994)', 'shawshank redemption, the (1994)', 'forrest gump (1994)']","['silence of the lambs, the (1991)']",0.2934426229508197,0.45737704918032784,0.22131147540983606,0.7541899441340781,1.6489457559920706,1.0,0.0870975544208546,2.2074888226527567,0.5569992266047951,0.4179566563467492,0.5469965737818359,0.6190304559380069
"['silence of the lambs, the (1991)']","['pulp fiction (1994)', 'shawshank redemption, the (1994)', 'forrest gump (1994)']",0.45737704918032784,0.2934426229508197,0.22131147540983606,0.4838709677419355,1.6489457559920706,1.0,0.0870975544208546,1.368954918032787,0.7252769385699899,0.4179566563467492,0.2695157548087718,0.6190304559380069
['pulp fiction (1994)'],['dances with wolves (1990)'],0.5032786885245901,0.26885245901639343,0.22295081967213115,0.4429967426710098,1.647731786764122,1.0,0.08764310669174954,1.3126450004793404,0.791399728208115,0.40597014925373137,0.2381794014110224,0.6361325176769683
['dances with wolves (1990)'],['pulp fiction (1994)'],0.26885245901639343,0.5032786885245901,0.22295081967213115,0.8292682926829269,1.647731786764122,1.0,0.08764310669174954,2.9093676814988303,0.5376549723028226,0.40597014925373137,0.656282701440876,0.6361325176769683
['pulp fiction (1994)'],"['silence of the lambs, the (1991)', 'shawshank redemption, the (1994)']",0.5032786885245901,0.3262295081967213,0.27049180327868855,0.5374592833876223,1.6474882556102994,1.0,0.10630744423542063,1.4566728238282158,0.7912191219121915,0.4838709677419356,0.3135040459037703,0.6833025060154192
"['silence of the lambs, the (1991)', 'shawshank redemption, the (1994)']",['pulp fiction (1994)'],0.3262295081967213,0.5032786885245901,0.27049180327868855,0.8291457286432161,1.6474882556102992,1.0,0.10630744423542063,2.9072806171648997,0.5833075278330754,0.4838709677419356,0.6560359553543295,0.6833025060154192
"['silence of the lambs, the (1991)']","['usual suspects, the (1995)', 'pulp fiction (1994)']",0.45737704918032784,0.26557377049180325,0.2,0.4372759856630825,1.646533032435064,1.0,0.07853265251276542,1.3051268664508722,0.7236392452082614,0.3824451410658308,0.23379096262160792,0.5951812027080845
"['usual suspects, the (1995)', 'pulp fiction (1994)']","['silence of the lambs, the (1991)']",0.26557377049180325,0.45737704918032784,0.2,0.7530864197530865,1.6465330324350638,1.0,0.07853265251276542,2.197622950819673,0.5346531030444968,0.3824451410658308,0.5449628883667154,0.5951812027080845
"['pulp fiction (1994)', 'shawshank redemption, the (1994)']",['braveheart (1995)'],0.3639344262295082,0.3885245901639344,0.23278688524590163,0.6396396396396395,1.6463298741779753,1.0,0.09138941144853532,1.6968442622950815,0.6172135908232902,0.4479495268138801,0.4106707243436465,0.6193978788915497
['braveheart (1995)'],"['pulp fiction (1994)', 'shawshank redemption, the (1994)']",0.3885245901639344,0.3639344262295082,0.23278688524590163,0.5991561181434599,1.6463298741779753,1.0,0.09138941144853532,1.586816220880069,0.6420345127062643,0.4479495268138801,0.3698072991430684,0.6193978788915497
"['apollo 13 (1995)', 'shawshank redemption, the (1994)']",['pulp fiction (1994)'],0.24754098360655738,0.5032786885245901,0.20491803278688525,0.8278145695364238,1.6448432814893115,1.0,0.08033593120128998,2.884804539722573,0.5210108932461874,0.3753753753753754,0.6533560640832295,0.6174903466574628
['pulp fiction (1994)'],"['apollo 13 (1995)', 'shawshank redemption, the (1994)']",0.5032786885245901,0.24754098360655738,0.20491803278688525,0.4071661237785017,1.6448432814893115,1.0,0.08033593120128998,1.2692577913889391,0.7892541254125413,0.3753753753753754,0.21213798584942492,0.6174903466574628
"['silence of the lambs, the (1991)', 'forrest gump (1994)']",['braveheart (1995)'],0.3262295081967213,0.3885245901639344,0.2081967213114754,0.6381909547738693,1.6426011916120689,1.0,0.08144853533996238,1.690050091074681,0.580627239113359,0.41100323624595464,0.40830156142643514,0.5870279668384115
['braveheart (1995)'],"['silence of the lambs, the (1991)', 'forrest gump (1994)']",0.3885245901639344,0.3262295081967213,0.2081967213114754,0.5358649789029536,1.6426011916120689,1.0,0.08144853533996238,1.4516691505216097,0.6397796119989024,0.41100323624595464,0.3111378032379603,0.5870279668384115
['forrest gump (1994)'],"['matrix, the (1999)', 'pulp fiction (1994)', 'fight club (1999)']",0.5393442622950819,0.22950819672131148,0.20327868852459016,0.37689969604863227,1.642205818497612,1.0,0.07949475947325989,1.2365453818472611,0.8489266444725061,0.35942028985507246,0.19129535019077806,0.631306990881459
['forrest gump (1994)'],"['batman (1989)', 'jurassic park (1993)']",0.5393442622950819,0.22950819672131148,0.20327868852459016,0.37689969604863227,1.642205818497612,1.0,0.07949475947325989,1.2365453818472611,0.8489266444725061,0.35942028985507246,0.19129535019077806,0.631306990881459
"['batman (1989)', 'jurassic park (1993)']",['forrest gump (1994)'],0.22950819672131148,0.5393442622950819,0.20327868852459016,0.8857142857142857,1.6422058184976118,1.0,0.07949475947325989,4.030737704918032,0.5075497597803708,0.35942028985507246,0.751906456532791,0.631306990881459
"['matrix, the (1999)', 'pulp fiction (1994)', 'fight club (1999)']",['forrest gump (1994)'],0.22950819672131148,0.5393442622950819,0.20327868852459016,0.8857142857142857,1.6422058184976118,1.0,0.07949475947325989,4.030737704918032,0.5075497597803708,0.35942028985507246,0.751906456532791,0.631306990881459
['pulp fiction (1994)'],"['forrest gump (1994)', 'braveheart (1995)']",0.5032786885245901,0.3,0.24754098360655738,0.49185667752443,1.6395222584147668,1.0,0.09655737704918035,1.3775641025641026,0.7852818394422225,0.44542772861356933,0.2740809678920429,0.658496644773144
"['forrest gump (1994)', 'braveheart (1995)']",['pulp fiction (1994)'],0.3,0.5032786885245901,0.24754098360655738,0.825136612021858,1.6395222584147668,1.0,0.09655737704918035,2.8406250000000006,0.5572374645222329,0.44542772861356933,0.647964796479648,0.658496644773144
"['shawshank redemption, the (1994)', 'forrest gump (1994)']",['seven (a.k.a. se7en) (1995)'],0.37868852459016394,0.33278688524590166,0.20655737704918034,0.5454545454545455,1.6390506045678461,1.0,0.08053480247245365,1.4678688524590164,0.6275285839929639,0.40909090909090906,0.31874022783113704,0.5830721003134797
['seven (a.k.a. se7en) (1995)'],"['shawshank redemption, the (1994)', 'forrest gump (1994)']",0.33278688524590166,0.37868852459016394,0.20655737704918034,0.6206896551724138,1.639050604567846,1.0,0.08053480247245365,1.6380029806259317,0.5843570843570844,0.40909090909090906,0.38950050040942585,0.5830721003134797
['pulp fiction (1994)'],"['matrix, the (1999)', 'american beauty (1999)']",0.5032786885245901,0.25245901639344265,0.2081967213114754,0.41368078175895767,1.6386056939802867,1.0,0.08113947863477558,1.2749726775956285,0.7845949949325639,0.38023952095808383,0.2156694668266758,0.6191780532171411
"['matrix, the (1999)', 'american beauty (1999)']",['pulp fiction (1994)'],0.25245901639344265,0.5032786885245901,0.2081967213114754,0.8246753246753246,1.6386056939802867,1.0,0.08113947863477558,2.8331511839708545,0.52134272689598,0.38023952095808383,0.6470361321846468,0.6191780532171411
"['silence of the lambs, the (1991)', 'forrest gump (1994)']",['pulp fiction (1994)'],0.3262295081967213,0.5032786885245901,0.26885245901639343,0.8241206030150754,1.6375034783035702,1.0,0.10466809997312551,2.8242154566744735,0.5778143730342412,0.4795321637426901,0.6459193658059273,0.6791612787062348
['pulp fiction (1994)'],"['silence of the lambs, the (1991)', 'forrest gump (1994)']",0.5032786885245901,0.3262295081967213,0.26885245901639343,0.5342019543973942,1.63750347830357,1.0,0.10466809997312551,1.4464863005846613,0.7837680109474363,0.4795321637426901,0.30866956735379664,0.6791612787062348
"['silence of the lambs, the (1991)']","['pulp fiction (1994)', 'matrix, the (1999)']",0.45737704918032784,0.29180327868852457,0.2180327868852459,0.47670250896057353,1.6336434295839881,1.0,0.0845686643375437,1.3533348304513815,0.7148081684573975,0.4104938271604938,0.26108456126377283,0.6119467600982643
"['pulp fiction (1994)', 'matrix, the (1999)']","['silence of the lambs, the (1991)']",0.29180327868852457,0.45737704918032784,0.2180327868852459,0.7471910112359551,1.633643429583988,1.0,0.0845686643375437,2.1463752276867036,0.5476886661097189,0.4104938271604938,0.5340982382294037,0.6119467600982643
"['pulp fiction (1994)', 'shawshank redemption, the (1994)', 'braveheart (1995)']",['forrest gump (1994)'],0.23278688524590163,0.5393442622950819,0.20491803278688525,0.8802816901408451,1.6321332248812024,1.0,0.07936576189196454,3.8478302796528467,0.5048205128205129,0.3612716763005781,0.7401132775299485,0.6301104499336445
['forrest gump (1994)'],"['pulp fiction (1994)', 'shawshank redemption, the (1994)', 'braveheart (1995)']",0.5393442622950819,0.23278688524590163,0.20491803278688525,0.3799392097264438,1.6321332248812022,1.0,0.07936576189196454,1.2373191899710705,0.8407686832740213,0.3612716763005781,0.19180110669472375,0.6301104499336445
['independence day (a.k.a. id4) (1996)'],['braveheart (1995)'],0.33114754098360655,0.3885245901639344,0.2098360655737705,0.6336633663366337,1.630947904917074,1.0,0.08117710292932007,1.669162605228179,0.5783930759803921,0.41157556270096474,0.4008971942770685,0.5868738772611438
['braveheart (1995)'],['independence day (a.k.a. id4) (1996)'],0.3885245901639344,0.33114754098360655,0.2098360655737705,0.540084388185654,1.6309479049170739,1.0,0.08117710292932007,1.4542938787787636,0.6326658847184987,0.41157556270096474,0.3123810705716885,0.5868738772611438
"['silence of the lambs, the (1991)']","['pulp fiction (1994)', 'shawshank redemption, the (1994)']",0.45737704918032784,0.3639344262295082,0.27049180327868855,0.5913978494623656,1.6250121088830767,1.0,0.10403654931470038,1.5566867989646247,0.7088162592694316,0.4910714285714286,0.35761002106196654,0.6673205463528045
"['pulp fiction (1994)', 'shawshank redemption, the (1994)']","['silence of the lambs, the (1991)']",0.3639344262295082,0.45737704918032784,0.27049180327868855,0.7432432432432432,1.6250121088830767,1.0,0.10403654931470038,2.113373597929249,0.6046860356138708,0.4910714285714286,0.5268228954029558,0.6673205463528045
"['jurassic park (1993)', 'braveheart (1995)']",['forrest gump (1994)'],0.2639344262295082,0.5393442622950819,0.23114754098360657,0.875776397515528,1.6237799467613134,1.0,0.08879602257457675,3.7082786885245933,0.5219005196733483,0.4040114613180516,0.730333104926947,0.6521739130434783
['forrest gump (1994)'],"['jurassic park (1993)', 'braveheart (1995)']",0.5393442622950819,0.2639344262295082,0.23114754098360657,0.4285714285714286,1.6237799467613134,1.0,0.08879602257457675,1.2881147540983606,0.8339264531435351,0.4040114613180516,0.22367165128857786,0.6521739130434783
['pulp fiction (1994)'],"['silence of the lambs, the (1991)', 'jurassic park (1993)']",0.5032786885245901,0.2573770491803279,0.2098360655737705,0.4169381107491857,1.6199506213821864,1.0,0.08030368180596614,1.27366059162927,0.7704465759075907,0.38095238095238093,0.2148614736357688,0.6161123674765037
"['silence of the lambs, the (1991)', 'jurassic park (1993)']",['pulp fiction (1994)'],0.2573770491803279,0.5032786885245901,0.2098360655737705,0.8152866242038216,1.6199506213821864,1.0,0.08030368180596614,2.689146410401356,0.5153318156732892,0.38095238095238093,0.628134788001093,0.6161123674765037
"['silence of the lambs, the (1991)']",['fargo (1996)'],0.45737704918032784,0.2967213114754098,0.21967213114754097,0.48028673835125446,1.618645913780471,1.0,0.08395861327600107,1.3532052006783493,0.7043558641836136,0.41104294478527603,0.2610137771428094,0.6103091150319808
['fargo (1996)'],"['silence of the lambs, the (1991)']",0.2967213114754098,0.45737704918032784,0.21967213114754097,0.7403314917127072,1.618645913780471,1.0,0.08395861327600107,2.0896756191140566,0.5434540583794315,0.41104294478527603,0.5214568276276477,0.6103091150319808
['fight club (1999)'],['star wars: episode v - the empire strikes back (1980)'],0.35737704918032787,0.34590163934426227,0.2,0.5596330275229359,1.6178964302795777,1.0,0.07638269282450956,1.4853483606557383,0.5943041150886584,0.39739413680781766,0.32675726012278417,0.5689160398278187
['star wars: episode v - the empire strikes back (1980)'],['fight club (1999)'],0.34590163934426227,0.35737704918032787,0.2,0.5781990521327015,1.6178964302795775,1.0,0.07638269282450956,1.5235218272241668,0.5838777271046469,0.39739413680781766,0.34362607602282635,0.5689160398278187
"['pulp fiction (1994)', 'jurassic park (1993)']","['silence of the lambs, the (1991)']",0.2836065573770492,0.45737704918032784,0.2098360655737705,0.7398843930635838,1.6176683862680505,1.0,0.08012093523246439,2.0860837887067394,0.5329841247139587,0.3950617283950617,0.5206328693921031,0.5993328775353761
"['silence of the lambs, the (1991)']","['pulp fiction (1994)', 'jurassic park (1993)']",0.45737704918032784,0.2836065573770492,0.2098360655737705,0.45878136200716846,1.6176683862680505,1.0,0.08012093523246439,1.3236673542503528,0.7036678625377643,0.3950617283950617,0.24452318266446854,0.5993328775353761
['seven (a.k.a. se7en) (1995)'],"['silence of the lambs, the (1991)']",0.33278688524590166,0.45737704918032784,0.2459016393442623,0.7389162561576353,1.6155516711690237,1.0,0.09369255576457941,2.0783482833281774,0.5710565110565111,0.4518072289156627,0.5188486895956422,0.6382753323798929
"['silence of the lambs, the (1991)']",['seven (a.k.a. se7en) (1995)'],0.45737704918032784,0.33278688524590166,0.2459016393442623,0.5376344086021505,1.6155516711690237,1.0,0.09369255576457941,1.4430423179565381,0.7021752265861027,0.4518072289156627,0.30701962960027473,0.6382753323798929
"['usual suspects, the (1995)', 'pulp fiction (1994)']","['shawshank redemption, the (1994)']",0.26557377049180325,0.519672131147541,0.22295081967213115,0.8395061728395062,1.6154535187132455,1.0,0.08493953238376784,2.9928121059268613,0.5187434348739498,0.3965014577259475,0.6658660936249106,0.6342641274292169
"['shawshank redemption, the (1994)']","['usual suspects, the (1995)', 'pulp fiction (1994)']",0.519672131147541,0.26557377049180325,0.22295081967213115,0.42902208201892744,1.6154535187132455,1.0,0.08493953238376784,1.2862603025088306,0.7931640232884966,0.3965014577259475,0.22255238846327177,0.6342641274292169
['pulp fiction (1994)'],"['fight club (1999)', 'forrest gump (1994)']",0.5032786885245901,0.26229508196721313,0.21311475409836064,0.4234527687296417,1.614413680781759,1.0,0.08110722923945174,1.279522089469297,0.766184310738766,0.38575667655786344,0.2184581976112921,0.6179763843648208
"['fight club (1999)', 'forrest gump (1994)']",['pulp fiction (1994)'],0.26229508196721313,0.5032786885245901,0.21311475409836064,0.8124999999999999,1.6144136807817588,1.0,0.08110722923945174,2.649180327868851,0.5158974358974359,0.38575667655786344,0.6225247524752473,0.6179763843648208
"['terminator 2: judgment day (1991)', 'shawshank redemption, the (1994)']",['forrest gump (1994)'],0.23934426229508196,0.5393442622950819,0.2081967213114754,0.8698630136986302,1.6128159220552112,1.0,0.07910776672937384,3.539775668679898,0.499524843877274,0.36494252873563215,0.7174962219080584,0.6279406253903486
['forrest gump (1994)'],"['terminator 2: judgment day (1991)', 'shawshank redemption, the (1994)']",0.5393442622950819,0.23934426229508196,0.2081967213114754,0.3860182370820669,1.612815922055211,1.0,0.07910776672937384,1.238889790618406,0.8248381763667443,0.36494252873563215,0.19282569961220003,0.6279406253903486
"['fugitive, the (1993)']","['silence of the lambs, the (1991)']",0.3114754098360656,0.45737704918032784,0.22950819672131148,0.7368421052631579,1.6110167892850407,1.0,0.08704649287825855,2.061967213114754,0.5508503401360545,0.4255319148936171,0.515026236285578,0.6193171099792492
"['silence of the lambs, the (1991)']","['fugitive, the (1993)']",0.45737704918032784,0.3114754098360656,0.22950819672131148,0.5017921146953406,1.6110167892850407,1.0,0.08704649287825855,1.3820025946455952,0.6989641778161416,0.4255319148936171,0.27641235705751843,0.6193171099792492
"['fugitive, the (1993)', 'jurassic park (1993)']",['forrest gump (1994)'],0.2360655737704918,0.5393442622950819,0.20491803278688525,0.8680555555555556,1.6094647078689635,1.0,0.07759742004837411,3.4912855910267484,0.4956909871244636,0.35919540229885066,0.7135725583234481,0.6239973826409997
['forrest gump (1994)'],"['fugitive, the (1993)', 'jurassic park (1993)']",0.5393442622950819,0.2360655737704918,0.20491803278688525,0.3799392097264438,1.6094647078689632,1.0,0.07759742004837411,1.2320315011250402,0.8220355871886121,0.35919540229885066,0.1883324419165895,0.6239973826409997
"['pulp fiction (1994)', 'apollo 13 (1995)']",['forrest gump (1994)'],0.24754098360655738,0.5393442622950819,0.21475409836065573,0.8675496688741722,1.608526741681596,1.0,0.08124428916957807,3.4779508196721314,0.5027690465499177,0.3753581661891117,0.7124743701538969,0.6328629803337427
['forrest gump (1994)'],"['pulp fiction (1994)', 'apollo 13 (1995)']",0.5393442622950819,0.24754098360655738,0.21475409836065573,0.3981762917933131,1.608526741681596,1.0,0.08124428916957807,1.2502980625931446,0.8212490831544919,0.3753581661891117,0.20019071458370585,0.6328629803337427
['forrest gump (1994)'],"['terminator 2: judgment day (1991)', 'pulp fiction (1994)']",0.5393442622950819,0.27049180327868855,0.23442622950819672,0.4346504559270517,1.6068895643363728,1.0,0.08853802741198602,1.290366649039309,0.819874076101834,0.40740740740740744,0.2250264676752843,0.6506585612968592
"['terminator 2: judgment day (1991)', 'pulp fiction (1994)']",['forrest gump (1994)'],0.27049180327868855,0.5393442622950819,0.23442622950819672,0.8666666666666666,1.6068895643363728,1.0,0.08853802741198602,3.4549180327868836,0.5177182368193604,0.40740740740740744,0.7105575326215894,0.6506585612968592
['forrest gump (1994)'],"['silence of the lambs, the (1991)', 'jurassic park (1993)']",0.5393442622950819,0.2573770491803279,0.22295081967213115,0.4133738601823709,1.6061022593073007,1.0,0.08413598495028218,1.2659220249723946,0.8192118484404437,0.3885714285714286,0.21006193092990336,0.6398079491994657
"['silence of the lambs, the (1991)', 'jurassic park (1993)']",['forrest gump (1994)'],0.2573770491803279,0.5393442622950819,0.22295081967213115,0.8662420382165604,1.6061022593073007,1.0,0.08413598495028218,3.4439500390320044,0.5081645240877809,0.3885714285714286,0.7096357413242059,0.6398079491994657
"['shawshank redemption, the (1994)', 'forrest gump (1994)']","['usual suspects, the (1995)']",0.37868852459016394,0.3344262295081967,0.20327868852459016,0.5367965367965368,1.6051268992445464,1.0,0.0766353130878796,1.4368929063888463,0.606775044684654,0.3987138263665595,0.30405390996524007,0.5723198370257194
"['usual suspects, the (1995)']","['shawshank redemption, the (1994)', 'forrest gump (1994)']",0.3344262295081967,0.37868852459016394,0.20327868852459016,0.6078431372549019,1.6051268992445462,1.0,0.0766353130878796,1.5843442622950819,0.5664230096933102,0.3987138263665595,0.3688240467691033,0.5723198370257194
['star wars: episode iv - a new hope (1977)'],"['matrix, the (1999)']",0.41147540983606556,0.4557377049180328,0.3,0.7290836653386454,1.5997878987646537,1.0,0.11247514109110454,2.0089681774349084,0.6370458316209264,0.5289017341040462,0.5022320357125715,0.6936785233168048
"['matrix, the (1999)']",['star wars: episode iv - a new hope (1977)'],0.4557377049180328,0.41147540983606556,0.3,0.658273381294964,1.5997878987646537,1.0,0.11247514109110454,1.7222088006902503,0.6888537757587728,0.5289017341040462,0.41935031362096953,0.6936785233168048
['jurassic park (1993)'],"['shawshank redemption, the (1994)', 'forrest gump (1994)']",0.3901639344262295,0.37868852459016394,0.2360655737704918,0.6050420168067228,1.5977300010913458,1.0,0.08831496909432948,1.57310777816533,0.6134632616487455,0.44307692307692303,0.3643156471031685,0.6142093200916731
"['shawshank redemption, the (1994)', 'forrest gump (1994)']",['jurassic park (1993)'],0.37868852459016394,0.3901639344262295,0.2360655737704918,0.6233766233766234,1.5977300010913458,1.0,0.08831496909432948,1.6192198982475974,0.6021328056288477,0.44307692307692303,0.38241865661220503,0.6142093200916731
['star wars: episode iv - a new hope (1977)'],"['lord of the rings: the fellowship of the ring, the (2001)']",0.41147540983606556,0.32459016393442625,0.21311475409836064,0.5179282868525896,1.5956376514145436,1.0,0.07955388336468688,1.4010567673756944,0.6342832654810368,0.40752351097178685,0.2862530460681545,0.5872469717091231
"['lord of the rings: the fellowship of the ring, the (2001)']",['star wars: episode iv - a new hope (1977)'],0.32459016393442625,0.41147540983606556,0.21311475409836064,0.6565656565656565,1.5956376514145436,1.0,0.07955388336468688,1.7136451301832203,0.5526885735623598,0.40752351097178685,0.4164486086491656,0.5872469717091231
"['terminator 2: judgment day (1991)', 'jurassic park (1993)']",['pulp fiction (1994)'],0.27377049180327867,0.5032786885245901,0.21967213114754097,0.8023952095808383,1.5943357584505258,1.0,0.08188927707605484,2.51371087928465,0.5133081769482162,0.3941176470588235,0.6021817750637339,0.6194386471356961
['pulp fiction (1994)'],"['terminator 2: judgment day (1991)', 'jurassic park (1993)']",0.5032786885245901,0.27377049180327867,0.21967213114754097,0.4364820846905538,1.5943357584505258,1.0,0.08188927707605484,1.288742537667014,0.7504802719077879,0.3941176470588235,0.22404982316306501,0.6194386471356961
"['pulp fiction (1994)', 'apollo 13 (1995)']","['shawshank redemption, the (1994)']",0.24754098360655738,0.519672131147541,0.20491803278688525,0.8278145695364238,1.592955480811415,1.0,0.07627788228970708,2.789596469104666,0.4946928104575164,0.3644314868804665,0.6415252130280497,0.611068168048969
"['shawshank redemption, the (1994)']","['pulp fiction (1994)', 'apollo 13 (1995)']",0.519672131147541,0.24754098360655738,0.20491803278688525,0.39432176656151424,1.592955480811415,1.0,0.07627788228970708,1.24234118852459,0.774962457337884,0.3644314868804665,0.19506814292488822,0.611068168048969
"['forrest gump (1994)', 'pulp fiction (1994)', 'braveheart (1995)']","['shawshank redemption, the (1994)']",0.24754098360655738,0.519672131147541,0.20491803278688525,0.8278145695364238,1.592955480811415,1.0,0.07627788228970708,2.789596469104666,0.4946928104575164,0.3644314868804665,0.6415252130280497,0.611068168048969
"['shawshank redemption, the (1994)']","['forrest gump (1994)', 'pulp fiction (1994)', 'braveheart (1995)']",0.519672131147541,0.24754098360655738,0.20491803278688525,0.39432176656151424,1.592955480811415,1.0,0.07627788228970708,1.24234118852459,0.774962457337884,0.3644314868804665,0.19506814292488822,0.611068168048969
['pulp fiction (1994)'],"['jurassic park (1993)', 'braveheart (1995)']",0.5032786885245901,0.2639344262295082,0.21147540983606558,0.42019543973941376,1.5920448337952944,1.0,0.07864283794678853,1.2695063547614662,0.7486632384168652,0.38053097345132747,0.2122922455257069,0.6107188378821293
"['jurassic park (1993)', 'braveheart (1995)']",['pulp fiction (1994)'],0.2639344262295082,0.5032786885245901,0.21147540983606558,0.8012422360248448,1.5920448337952944,1.0,0.07864283794678853,2.499129098360657,0.5052226308247443,0.38053097345132747,0.5998606071787305,0.6107188378821293
"['silence of the lambs, the (1991)', 'pulp fiction (1994)']",['braveheart (1995)'],0.33934426229508197,0.3885245901639344,0.2098360655737705,0.6183574879227053,1.5915530279867098,1.0,0.07799247514109112,1.6022203776717159,0.5625969292803972,0.4050632911392405,0.3758661330639417,0.5792209380541796
['braveheart (1995)'],"['silence of the lambs, the (1991)', 'pulp fiction (1994)']",0.3885245901639344,0.33934426229508197,0.2098360655737705,0.540084388185654,1.5915530279867098,1.0,0.07799247514109112,1.436471649872161,0.6078460120643434,0.4050632911392405,0.3038498183455308,0.5792209380541796
['pulp fiction (1994)'],"['silence of the lambs, the (1991)', 'star wars: episode iv - a new hope (1977)']",0.5032786885245901,0.2540983606557377,0.20327868852459016,0.40390879478827363,1.5895765472312704,1.0,0.07539639881752216,1.2513213293917407,0.7466996699669965,0.3668639053254439,0.20084475784801517,0.6019543973941368
"['silence of the lambs, the (1991)', 'star wars: episode iv - a new hope (1977)']",['pulp fiction (1994)'],0.2540983606557377,0.5032786885245901,0.20327868852459016,0.7999999999999999,1.5895765472312704,1.0,0.07539639881752216,2.4836065573770485,0.49725274725274715,0.3668639053254439,0.5973597359735973,0.6019543973941368
['pulp fiction (1994)'],"['jurassic park (1993)', 'forrest gump (1994)']",0.5032786885245901,0.32459016393442625,0.25901639344262295,0.5146579804560261,1.5855624650412923,1.0,0.0956570814297232,1.3916162394102762,0.7434933366754397,0.45533141210374645,0.28141108756838806,0.6563188892179119
"['jurassic park (1993)', 'forrest gump (1994)']",['pulp fiction (1994)'],0.32459016393442625,0.5032786885245901,0.25901639344262295,0.7979797979797979,1.5855624650412923,1.0,0.0956570814297232,2.458770491803278,0.5467924296423744,0.45533141210374645,0.5932926625995931,0.6563188892179119
"['silence of the lambs, the (1991)', 'pulp fiction (1994)']",['jurassic park (1993)'],0.33934426229508197,0.3901639344262295,0.2098360655737705,0.6183574879227053,1.584865830390127,1.0,0.0774361730717549,1.597924880680639,0.5585840570719603,0.4037854889589906,0.374188353851748,0.5780863069865627
['jurassic park (1993)'],"['silence of the lambs, the (1991)', 'pulp fiction (1994)']",0.3901639344262295,0.33934426229508197,0.2098360655737705,0.5378151260504201,1.584865830390127,1.0,0.0774361730717549,1.429418777943368,0.6051327284946236,0.4037854889589906,0.30041495506391136,0.5780863069865627
"['silence of the lambs, the (1991)', 'pulp fiction (1994)', 'forrest gump (1994)']","['shawshank redemption, the (1994)']",0.26885245901639343,0.519672131147541,0.22131147540983606,0.8231707317073171,1.5840193890897902,1.0,0.08159634506852997,2.716336913510459,0.5042683939544926,0.39017341040462433,0.631857154749022,0.6245191197968762
"['shawshank redemption, the (1994)']","['silence of the lambs, the (1991)', 'pulp fiction (1994)', 'forrest gump (1994)']",0.519672131147541,0.26885245901639343,0.22131147540983606,0.42586750788643535,1.58401938908979,1.0,0.08159634506852997,1.2734822554494687,0.7675894324358489,0.39017341040462433,0.214751524239295,0.6245191197968762
['forrest gump (1994)'],"['apollo 13 (1995)', 'shawshank redemption, the (1994)']",0.5393442622950819,0.24754098360655738,0.21147540983606558,0.39209726443769,1.583969081503251,1.0,0.07796560064498792,1.2377950819672132,0.8003255262214131,0.36752136752136755,0.1921118329128342,0.6232009500996397
"['apollo 13 (1995)', 'shawshank redemption, the (1994)']",['forrest gump (1994)'],0.24754098360655738,0.5393442622950819,0.21147540983606558,0.8543046357615894,1.583969081503251,1.0,0.07796560064498792,3.161773472429211,0.48995963587846864,0.36752136752136755,0.6837218071692867,0.6232009500996397
['forrest gump (1994)'],"['jurassic park (1993)', 'independence day (a.k.a. id4) (1996)']",0.5393442622950819,0.2360655737704918,0.20163934426229507,0.3738601823708207,1.5837132725430598,1.0,0.07431873152378393,1.2200700302403313,0.8001041576252061,0.3514285714285714,0.18037491683734036,0.6140134245187436
"['jurassic park (1993)', 'independence day (a.k.a. id4) (1996)']",['forrest gump (1994)'],0.2360655737704918,0.5393442622950819,0.20163934426229507,0.8541666666666666,1.5837132725430598,1.0,0.07431873152378393,3.1587822014051516,0.4824662409714226,0.3514285714285714,0.6834223013048636,0.6140134245187436
"['shawshank redemption, the (1994)', 'forrest gump (1994)']",['braveheart (1995)'],0.37868852459016394,0.3885245901639344,0.23278688524590163,0.6147186147186147,1.5821871518074049,1.0,0.08565708142972317,1.5870878614846193,0.5922367980972907,0.43558282208588955,0.36991516079987924,0.6069373664310374
['braveheart (1995)'],"['shawshank redemption, the (1994)', 'forrest gump (1994)']",0.3885245901639344,0.37868852459016394,0.23278688524590163,0.5991561181434599,1.5821871518074049,1.0,0.08565708142972317,1.5500086281276964,0.6017633953857191,0.43558282208588955,0.3548423009696848,0.6069373664310374
"['pulp fiction (1994)', 'forrest gump (1994)']",['fight club (1999)'],0.3770491803278688,0.35737704918032787,0.21311475409836064,0.5652173913043478,1.5815715995213402,1.0,0.07836603063692554,1.4780327868852459,0.5902834008097165,0.4088050314465409,0.32342502218278607,0.5807738332668528
['fight club (1999)'],"['pulp fiction (1994)', 'forrest gump (1994)']",0.35737704918032787,0.3770491803278688,0.21311475409836064,0.5963302752293578,1.5815715995213402,1.0,0.07836603063692554,1.5432190760059612,0.5722135007849293,0.4088050314465409,0.35200386286817964,0.5807738332668528
['pulp fiction (1994)'],['fargo (1996)'],0.5032786885245901,0.2967213114754098,0.2360655737704918,0.4690553745928339,1.5807943563625897,1.0,0.08673206127385114,1.3245801066076637,0.7396635496883023,0.41860465116279083,0.24504377273106923,0.6323177425450358
['fargo (1996)'],['pulp fiction (1994)'],0.2967213114754098,0.5032786885245901,0.2360655737704918,0.7955801104972376,1.5807943563625897,1.0,0.08673206127385114,2.4299069561364655,0.52241970991971,0.41860465116279083,0.5884616085917986,0.6323177425450358
"['star wars: episode iv - a new hope (1977)', 'shawshank redemption, the (1994)']",['pulp fiction (1994)'],0.25573770491803277,0.5032786885245901,0.20327868852459016,0.7948717948717949,1.579386953979788,1.0,0.07457135178715402,2.421516393442624,0.4928946994457866,0.3657817109144544,0.5870356266395872,0.5993902948300343
['pulp fiction (1994)'],"['star wars: episode iv - a new hope (1977)', 'shawshank redemption, the (1994)']",0.5032786885245901,0.25573770491803277,0.20327868852459016,0.40390879478827363,1.579386953979788,1.0,0.07457135178715402,1.2485711726238466,0.7385286915788355,0.3657817109144544,0.199084504010676,0.5993902948300343
['pulp fiction (1994)'],"['usual suspects, the (1995)']",0.5032786885245901,0.3344262295081967,0.26557377049180325,0.5276872964169381,1.5778884843839815,1.0,0.09726417629669443,1.4091803278688524,0.7373181762620705,0.4641833810888252,0.2903676128431829,0.6609024717378809
"['usual suspects, the (1995)']",['pulp fiction (1994)'],0.3344262295081967,0.5032786885245901,0.26557377049180325,0.7941176470588235,1.5778884843839815,1.0,0.09726417629669443,2.412646370023419,0.5502645502645503,0.4641833810888252,0.5855173752669384,0.6609024717378809
"['apollo 13 (1995)', 'forrest gump (1994)']",['pulp fiction (1994)'],0.27049180327868855,0.5032786885245901,0.21475409836065573,0.7939393939393938,1.5775343006613365,1.0,0.07862133834990592,2.410559305689488,0.501844068959602,0.38416422287390034,0.585158515851585,0.6103247458296318
['pulp fiction (1994)'],"['apollo 13 (1995)', 'forrest gump (1994)']",0.5032786885245901,0.27049180327868855,0.21475409836065573,0.42671009771986973,1.5775343006613365,1.0,0.07862133834990592,1.2724944113263785,0.7370317184390193,0.38416422287390034,0.2141419317058888,0.6103247458296318
['pulp fiction (1994)'],['batman (1989)'],0.5032786885245901,0.30983606557377047,0.2459016393442623,0.488599348534202,1.5769608603484828,1.0,0.08996775060467618,1.3495562284640286,0.7365676567656767,0.43352601156069376,0.25901568314931883,0.6411250710924978
['batman (1989)'],['pulp fiction (1994)'],0.30983606557377047,0.5032786885245901,0.2459016393442623,0.7936507936507937,1.5769608603484828,1.0,0.08996775060467618,2.407187894073141,0.5301187648456058,0.43352601156069376,0.5845775053695847,0.6411250710924978
"['shawshank redemption, the (1994)', 'braveheart (1995)']",['forrest gump (1994)'],0.27377049180327867,0.5393442622950819,0.23278688524590163,0.8502994011976048,1.5765429627068055,1.0,0.08513034130610053,3.0771803278688536,0.5035608685975902,0.40112994350282494,0.6750271698595692,0.6409551717234225
['forrest gump (1994)'],"['shawshank redemption, the (1994)', 'braveheart (1995)']",0.5393442622950819,0.27377049180327867,0.23278688524590163,0.4316109422492401,1.5765429627068053,1.0,0.08513034130610053,1.2776979047953012,0.7938699814545638,0.40112994350282494,0.21734238097525163,0.6409551717234225
"['shawshank redemption, the (1994)', 'forrest gump (1994)']",['fight club (1999)'],0.37868852459016394,0.35737704918032787,0.21311475409836064,0.5627705627705627,1.574724969220382,1.0,0.07778016662187581,1.469761402369745,0.5874162776537444,0.40752351097178685,0.3196174573725593,0.5795504189999603
['fight club (1999)'],"['shawshank redemption, the (1994)', 'forrest gump (1994)']",0.35737704918032787,0.37868852459016394,0.21311475409836064,0.5963302752293578,1.574724969220382,1.0,0.07778016662187581,1.5391579731743668,0.5679356357927784,0.40752351097178685,0.35029411052746234,0.5795504189999603
['toy story (1995)'],['jurassic park (1993)'],0.3524590163934426,0.3901639344262295,0.21639344262295082,0.6139534883720931,1.5735782685167092,1.0,0.07887664606288633,1.5796958325103694,0.5629075565784427,0.411214953271028,0.3669667416854215,0.5842876685557945
['jurassic park (1993)'],['toy story (1995)'],0.3901639344262295,0.3524590163934426,0.21639344262295082,0.5546218487394958,1.573578268516709,1.0,0.07887664606288633,1.4539127745128364,0.597710980775497,0.411214953271028,0.3122008296989683,0.5842876685557945
"['pulp fiction (1994)', 'braveheart (1995)']",['forrest gump (1994)'],0.29180327868852457,0.5393442622950819,0.24754098360655738,0.8483146067415731,1.572862948669786,1.0,0.09015855952700891,3.036915604128721,0.5142874662742214,0.4241573033707866,0.6707185413251231,0.6536405860455586
['forrest gump (1994)'],"['pulp fiction (1994)', 'braveheart (1995)']",0.5393442622950819,0.29180327868852457,0.24754098360655738,0.4589665653495441,1.572862948669786,1.0,0.09015855952700891,1.308970344446491,0.7906483467276286,0.4241573033707866,0.23604075199819885,0.6536405860455586
['american beauty (1999)'],['star wars: episode iv - a new hope (1977)'],0.3344262295081967,0.41147540983606556,0.21639344262295082,0.6470588235294118,1.572533395828451,1.0,0.07878527277613545,1.6674863387978145,0.5470219435736678,0.40866873065015474,0.40029493691627077,0.5864776189360206
['star wars: episode iv - a new hope (1977)'],['american beauty (1999)'],0.41147540983606556,0.3344262295081967,0.21639344262295082,0.5258964143426295,1.5725333958284509,1.0,0.07878527277613545,1.4038572806171647,0.6186376297796912,0.40866873065015474,0.28767687869212805,0.5864776189360206
"['shawshank redemption, the (1994)', 'forrest gump (1994)']","[""schindler's list (1993)""]",0.37868852459016394,0.36065573770491804,0.21475409836065573,0.5670995670995671,1.5724124360487997,1.0,0.07817790916420317,1.4768852459016395,0.5859131100324276,0.409375,0.3228993228993229,0.5812770562770563
"[""schindler's list (1993)""]","['shawshank redemption, the (1994)', 'forrest gump (1994)']",0.36065573770491804,0.37868852459016394,0.21475409836065573,0.5954545454545455,1.5724124360487997,1.0,0.07817790916420317,1.5358261189906062,0.5693873556468976,0.409375,0.34888462461021824,0.5812770562770563
"['pulp fiction (1994)', 'braveheart (1995)']","['silence of the lambs, the (1991)']",0.29180327868852457,0.45737704918032784,0.2098360655737705,0.7191011235955057,1.5722282630582742,1.0,0.07637194302606828,1.9317377049180335,0.5139250578703706,0.3890577507598785,0.4823313758104486,0.5889412428013371
"['silence of the lambs, the (1991)']","['pulp fiction (1994)', 'braveheart (1995)']",0.45737704918032784,0.29180327868852457,0.2098360655737705,0.45878136200716846,1.572228263058274,1.0,0.07637194302606828,1.3085224188470308,0.6707420694864049,0.3890577507598785,0.2357792380193814,0.5889412428013371
['forrest gump (1994)'],['speed (1994)'],0.5393442622950819,0.28032786885245903,0.23770491803278687,0.4407294832826748,1.5721928935814715,1.0,0.08651169040580489,1.2868050605844619,0.7900601300773101,0.408450704225352,0.2228815143563363,0.6443413498284718
['speed (1994)'],['forrest gump (1994)'],0.28032786885245903,0.5393442622950819,0.23770491803278687,0.8479532163742689,1.5721928935814713,1.0,0.08651169040580489,3.0296973518284975,0.5057104705050665,0.408450704225352,0.6699340284281282,0.6443413498284718
"['usual suspects, the (1995)', 'forrest gump (1994)']","['shawshank redemption, the (1994)']",0.24918032786885247,0.519672131147541,0.20327868852459016,0.8157894736842105,1.5698157064585756,1.0,0.0737866165009406,2.607494145199063,0.4834483730102831,0.35942028985507246,0.6164900305370936,0.6034783330566162
"['shawshank redemption, the (1994)']","['usual suspects, the (1995)', 'forrest gump (1994)']",0.519672131147541,0.24918032786885247,0.20327868852459016,0.3911671924290221,1.5698157064585754,1.0,0.0737866165009406,1.2332115858319885,0.7556974567874049,0.35942028985507246,0.18910914275481108,0.6034783330566162
"['silence of the lambs, the (1991)', 'braveheart (1995)']",['forrest gump (1994)'],0.2459016393442623,0.5393442622950819,0.2081967213114754,0.8466666666666667,1.5698074974670722,1.0,0.07557108304219295,3.004276550249466,0.48134200616227324,0.36079545454545453,0.667141162514828,0.6163424518743668
['forrest gump (1994)'],"['silence of the lambs, the (1991)', 'braveheart (1995)']",0.5393442622950819,0.2459016393442623,0.2081967213114754,0.3860182370820669,1.5698074974670722,1.0,0.07557108304219295,1.2282097062165231,0.7879620029702692,0.36079545454545453,0.18580679265230612,0.6163424518743668
"['silence of the lambs, the (1991)']","['terminator 2: judgment day (1991)', 'forrest gump (1994)']",0.45737704918032784,0.2786885245901639,0.2,0.4372759856630825,1.569049125026355,1.0,0.0725342649825316,1.2818210295499637,0.6683670942499135,0.3730886850152905,0.21985988921472804,0.577461522243306
"['terminator 2: judgment day (1991)', 'forrest gump (1994)']","['silence of the lambs, the (1991)']",0.2786885245901639,0.45737704918032784,0.2,0.7176470588235295,1.569049125026355,1.0,0.0725342649825316,1.9217896174863396,0.5027943368107304,0.3730886850152905,0.4796516794028792,0.577461522243306
"['seven (a.k.a. se7en) (1995)', 'shawshank redemption, the (1994)']",['forrest gump (1994)'],0.2442622950819672,0.5393442622950819,0.20655737704918034,0.8456375838926176,1.5678994716550054,1.0,0.07481590970169313,2.9842480399144713,0.47927211376235257,0.3579545454545455,0.6649072105853976,0.6143081536484365
['forrest gump (1994)'],"['seven (a.k.a. se7en) (1995)', 'shawshank redemption, the (1994)']",0.5393442622950819,0.2442622950819672,0.20655737704918034,0.3829787234042554,1.5678994716550052,1.0,0.07481590970169313,1.2248162803843983,0.7862791617240019,0.3579545454545455,0.18355102229196482,0.6143081536484365
"['shawshank redemption, the (1994)']","['fight club (1999)', 'forrest gump (1994)']",0.519672131147541,0.26229508196721313,0.21311475409836064,0.41009463722397477,1.5634858044164037,1.0,0.07680730986294004,1.2505479091785745,0.7503281701233917,0.37463976945244953,0.2003505082369436,0.6112973186119873
"['fight club (1999)', 'forrest gump (1994)']","['shawshank redemption, the (1994)']",0.26229508196721313,0.519672131147541,0.21311475409836064,0.8124999999999999,1.5634858044164037,1.0,0.07680730986294004,2.56174863387978,0.4885470085470085,0.37463976945244953,0.6096416382252557,0.6112973186119873
"['pulp fiction (1994)', 'forrest gump (1994)']","['silence of the lambs, the (1991)']",0.3770491803278688,0.45737704918032784,0.26885245901639343,0.7130434782608696,1.5589839488857722,1.0,0.09639881752217147,1.8909587680079483,0.5755776636713736,0.4753623188405797,0.4711677393931433,0.6504285491662771
"['silence of the lambs, the (1991)']","['pulp fiction (1994)', 'forrest gump (1994)']",0.45737704918032784,0.3770491803278688,0.26885245901639343,0.5878136200716846,1.5589839488857722,1.0,0.09639881752217147,1.5113328581610834,0.6607840247586767,0.4753623188405797,0.33833239011507266,0.6504285491662771
"['mask, the (1994)']",['pulp fiction (1994)'],0.2573770491803279,0.5032786885245901,0.20163934426229507,0.7834394904458598,1.5566713002344448,1.0,0.07210696049449072,2.293683702989392,0.4815413054792799,0.36070381231671556,0.5640200962771436,0.5920454781219527
['pulp fiction (1994)'],"['mask, the (1994)']",0.5032786885245901,0.2573770491803279,0.20163934426229507,0.4006514657980456,1.5566713002344446,1.0,0.07210696049449072,1.2390502494654312,0.7199280903700125,0.36070381231671556,0.19293022988257796,0.5920454781219527
['forrest gump (1994)'],"['terminator 2: judgment day (1991)', 'jurassic park (1993)']",0.5393442622950819,0.27377049180327867,0.22950819672131148,0.4255319148936171,1.5543381322461463,1.0,0.08185165278151038,1.2641772920461447,0.774199288256228,0.39325842696629226,0.2089717112530619,0.6319276340935152
"['terminator 2: judgment day (1991)', 'jurassic park (1993)']",['forrest gump (1994)'],0.27377049180327867,0.5393442622950819,0.22950819672131148,0.8383233532934132,1.5543381322461463,1.0,0.08185165278151038,2.849241044323013,0.4910835214446954,0.39325842696629226,0.6490293434483349,0.6319276340935152
['pulp fiction (1994)'],"['terminator 2: judgment day (1991)', 'braveheart (1995)']",0.5032786885245901,0.25573770491803277,0.2,0.39739413680781766,1.553912970851082,1.0,0.07129266326256387,1.2350731058927782,0.7176324189796032,0.3577712609970675,0.19033132919112064,0.5897227094295499
"['terminator 2: judgment day (1991)', 'braveheart (1995)']",['pulp fiction (1994)'],0.25573770491803277,0.5032786885245901,0.2,0.7820512820512822,1.553912970851082,1.0,0.07129266326256387,2.2790742526518817,0.47894850870224615,0.3577712609970675,0.5612253533045615,0.5897227094295499
['forrest gump (1994)'],"['lion king, the (1994)']",0.5393442622950819,0.2819672131147541,0.2360655737704918,0.4376899696048633,1.5522725666218988,1.0,0.08398817522171462,1.2769339831634914,0.7723408461842627,0.4033613445378151,0.21687415858211556,0.6374496359652224
"['lion king, the (1994)']",['forrest gump (1994)'],0.2819672131147541,0.5393442622950819,0.2360655737704918,0.8372093023255814,1.5522725666218988,1.0,0.08398817522171462,2.8297423887587834,0.49549720953830556,0.4033613445378151,0.6466109409914758,0.6374496359652224
"['shawshank redemption, the (1994)']","['pulp fiction (1994)', 'star wars: episode iv - a new hope (1977)']",0.519672131147541,0.25245901639344265,0.20327868852459016,0.3911671924290221,1.5494284894915809,1.0,0.07208277344799785,1.2278263824004079,0.7382472751293625,0.35734870317002887,0.18555260390724443,0.5981809988119136
"['pulp fiction (1994)', 'star wars: episode iv - a new hope (1977)']","['shawshank redemption, the (1994)']",0.25245901639344265,0.519672131147541,0.20327868852459016,0.8051948051948051,1.5494284894915809,1.0,0.07208277344799785,2.465683060109289,0.47435625353706845,0.35734870317002887,0.5944328708833827,0.5981809988119136
"['pulp fiction (1994)', ""schindler's list (1993)""]",['forrest gump (1994)'],0.24754098360655738,0.5393442622950819,0.20655737704918034,0.8344370860927153,1.5471325912357337,1.0,0.07304756785810268,2.782360655737706,0.4699830549503753,0.3559322033898305,0.6405929626923713,0.6087079047484854
['forrest gump (1994)'],"['pulp fiction (1994)', ""schindler's list (1993)""]",0.5393442622950819,0.24754098360655738,0.20655737704918034,0.3829787234042554,1.5471325912357337,1.0,0.07304756785810268,1.2195025438100624,0.7676947410043496,0.3559322033898305,0.17999351040652675,0.6087079047484854
"['pulp fiction (1994)', 'shawshank redemption, the (1994)']",['jurassic park (1993)'],0.3639344262295082,0.3901639344262295,0.21967213114754097,0.6036036036036035,1.5470512529336058,1.0,0.07767804353668367,1.538450074515648,0.5559316817971994,0.41104294478527603,0.3499951564467693,0.5833144068438185
['jurassic park (1993)'],"['pulp fiction (1994)', 'shawshank redemption, the (1994)']",0.3901639344262295,0.3639344262295082,0.21967213114754097,0.5630252100840336,1.5470512529336058,1.0,0.07767804353668367,1.4556116015132408,0.5798427218744984,0.41104294478527603,0.31300355193623836,0.5833144068438185
"['shawshank redemption, the (1994)']","['pulp fiction (1994)', 'jurassic park (1993)', 'forrest gump (1994)']",0.519672131147541,0.25901639344262295,0.2081967213114754,0.40063091482649843,1.546739607874456,1.0,0.07359312012899757,1.2362726488352027,0.7359114240412781,0.36494252873563215,0.19111694257558418,0.6022141915904644
"['pulp fiction (1994)', 'jurassic park (1993)', 'forrest gump (1994)']","['shawshank redemption, the (1994)']",0.25901639344262295,0.519672131147541,0.2081967213114754,0.8037974683544303,1.546739607874456,1.0,0.07359312012899757,2.448122686409307,0.47703992753118246,0.36494252873563215,0.5915237395774829,0.6022141915904644
['terminator 2: judgment day (1991)'],"['pulp fiction (1994)', 'shawshank redemption, the (1994)']",0.36721311475409835,0.3639344262295082,0.20655737704918034,0.5625000000000001,1.5456081081081083,1.0,0.07291588282719699,1.4538641686182674,0.5578583765112262,0.39375,0.31217783505154656,0.5650337837837838
"['pulp fiction (1994)', 'shawshank redemption, the (1994)']",['terminator 2: judgment day (1991)'],0.3639344262295082,0.36721311475409835,0.20655737704918034,0.5675675675675675,1.5456081081081081,1.0,0.07291588282719699,1.4633196721311474,0.5549828178694157,0.39375,0.31662232180366895,0.5650337837837838
['pulp fiction (1994)'],"['matrix, the (1999)', 'fight club (1999)']",0.5032786885245901,0.29508196721311475,0.22950819672131148,0.45602605863192186,1.545421643141513,1.0,0.08099973125503898,1.295867281829783,0.7105139085337105,0.40345821325648423,0.22831603666388917,0.6169019182048499
"['matrix, the (1999)', 'fight club (1999)']",['pulp fiction (1994)'],0.29508196721311475,0.5032786885245901,0.22950819672131148,0.7777777777777778,1.545421643141513,1.0,0.08099973125503898,2.2352459016393444,0.5006644518272426,0.40345821325648423,0.5526219288595526,0.6169019182048499
"['terminator 2: judgment day (1991)', 'braveheart (1995)']",['forrest gump (1994)'],0.25573770491803277,0.5393442622950819,0.21311475409836064,0.8333333333333334,1.545086119554205,1.0,0.07518409029830692,2.763934426229509,0.47400881057268723,0.3661971830985916,0.6381969157769871,0.6142350557244174
"['pulp fiction (1994)', 'batman (1989)']",['forrest gump (1994)'],0.2459016393442623,0.5393442622950819,0.20491803278688525,0.8333333333333334,1.545086119554205,1.0,0.0722923945176028,2.763934426229509,0.4678260869565218,0.3531073446327684,0.6381969157769871,0.6066362715298885
['forrest gump (1994)'],"['terminator 2: judgment day (1991)', 'braveheart (1995)']",0.5393442622950819,0.25573770491803277,0.21311475409836064,0.3951367781155015,1.5450861195542047,1.0,0.07518409029830692,1.230463794381745,0.7658362989323844,0.3661971830985916,0.1872983142080527,0.6142350557244174
['forrest gump (1994)'],"['pulp fiction (1994)', 'batman (1989)']",0.5393442622950819,0.2459016393442623,0.20491803278688525,0.3799392097264438,1.5450861195542047,1.0,0.0722923945176028,1.2161684345869495,0.7658362989323844,0.3531073446327684,0.1777454737676755,0.6066362715298885
"['godfather, the (1972)']","['matrix, the (1999)']",0.31475409836065577,0.4557377049180328,0.22131147540983606,0.7031249999999999,1.5428282374100717,1.0,0.07786616500940605,1.8333045729076785,0.5134502923976607,0.4029850746268657,0.45453689759036126,0.5943682553956834
"['matrix, the (1999)']","['godfather, the (1972)']",0.4557377049180328,0.31475409836065577,0.22131147540983606,0.4856115107913669,1.5428282374100717,1.0,0.07786616500940605,1.3321563682219417,0.6464524765729582,0.4029850746268657,0.24933737220749713,0.5943682553956834
['jurassic park (1993)'],['star wars: episode v - the empire strikes back (1980)'],0.3901639344262295,0.34590163934426227,0.2081967213114754,0.5336134453781513,1.5426739416145605,1.0,0.07323837678043538,1.4024811696942845,0.5768351536703076,0.3944099378881988,0.2869779490743666,0.5677545899876538
['star wars: episode v - the empire strikes back (1980)'],['jurassic park (1993)'],0.34590163934426227,0.3901639344262295,0.2081967213114754,0.6018957345971564,1.5426739416145605,1.0,0.07323837678043538,1.5318501170960186,0.5378011959031438,0.3944099378881988,0.3471946185598533,0.5677545899876538
['jurassic park (1993)'],['forrest gump (1994)'],0.3901639344262295,0.5393442622950819,0.32459016393442625,0.8319327731092437,1.542489336159996,1.0,0.11415748454716479,2.7409016393442633,0.5767079396111657,0.5365853658536586,0.6351565537246928,0.7168782406579653
['forrest gump (1994)'],['jurassic park (1993)'],0.5393442622950819,0.3901639344262295,0.32459016393442625,0.601823708206687,1.542489336159996,1.0,0.11415748454716479,1.531573019647103,0.7634710090226106,0.5365853658536586,0.34707651076902973,0.7168782406579653
['pulp fiction (1994)'],['true lies (1994)'],0.5032786885245901,0.29180327868852457,0.2262295081967213,0.44951140065146583,1.5404604179628887,1.0,0.07937113679118518,1.2864875351634495,0.7063184579327499,0.39769452449567727,0.22268970925322723,0.6123961497639352
['true lies (1994)'],['pulp fiction (1994)'],0.29180327868852457,0.5032786885245901,0.2262295081967213,0.7752808988764045,1.5404604179628885,1.0,0.07937113679118518,2.210409836065574,0.4954039184111648,0.39769452449567727,0.5475952089590982,0.6123961497639352
"['shawshank redemption, the (1994)', 'forrest gump (1994)']",['pulp fiction (1994)'],0.37868852459016394,0.5032786885245901,0.2934426229508197,0.774891774891775,1.539687240012973,1.0,0.10285675893576998,2.2065889029003793,0.564157367963326,0.498607242339833,0.546811824039547,0.6789768320712947
['pulp fiction (1994)'],"['shawshank redemption, the (1994)', 'forrest gump (1994)']",0.5032786885245901,0.37868852459016394,0.2934426229508197,0.5830618892508144,1.539687240012973,1.0,0.10285675893576998,1.490176741803279,0.7056621863303649,0.498607242339833,0.3289386607994637,0.6789768320712947
['fight club (1999)'],"['pulp fiction (1994)', 'shawshank redemption, the (1994)']",0.35737704918032787,0.3639344262295082,0.2,0.5596330275229359,1.5377303909414002,1.0,0.06993818865896265,1.4443989071038255,0.5441619270659083,0.3836477987421384,0.3076704814149249,0.5545912885362427
"['pulp fiction (1994)', 'shawshank redemption, the (1994)']",['fight club (1999)'],0.3639344262295082,0.35737704918032787,0.2,0.5495495495495495,1.5377303909414,1.0,0.06993818865896265,1.426622950819672,0.5497718438397837,0.3836477987421384,0.2990439419010847,0.5545912885362427
"['usual suspects, the (1995)']","['shawshank redemption, the (1994)']",0.3344262295081967,0.519672131147541,0.26721311475409837,0.7990196078431373,1.5375456176161317,1.0,0.09342112335393712,2.3899240303878457,0.5252803046329597,0.4553072625698324,0.5815766579669411,0.656607595719676
"['shawshank redemption, the (1994)']","['usual suspects, the (1995)']",0.519672131147541,0.3344262295081967,0.26721311475409837,0.5141955835962145,1.5375456176161317,1.0,0.09342112335393712,1.3700447093889716,0.7278628111978894,0.4553072625698324,0.27009681279234204,0.656607595719676
"['forrest gump (1994)', ""schindler's list (1993)""]","['shawshank redemption, the (1994)']",0.26885245901639343,0.519672131147541,0.21475409836065573,0.7987804878048781,1.5370854812649075,1.0,0.07503896801934964,2.38708395429707,0.47790367302228465,0.3742857142857143,0.5810788312661285,0.6060148495806725
"['shawshank redemption, the (1994)']","['forrest gump (1994)', ""schindler's list (1993)""]",0.519672131147541,0.26885245901639343,0.21475409836065573,0.41324921135646686,1.5370854812649073,1.0,0.07503896801934964,1.2460955402785123,0.7274574681499623,0.3742857142857143,0.19749331598081793,0.6060148495806725
"['sixth sense, the (1999)', 'matrix, the (1999)']",['forrest gump (1994)'],0.24918032786885247,0.5393442622950819,0.20655737704918034,0.8289473684210527,1.5369540873460248,1.0,0.07216339693630747,2.6930643127364444,0.46530810286268814,0.35492957746478876,0.6286757819816446,0.605963045912654
['forrest gump (1994)'],"['sixth sense, the (1999)', 'matrix, the (1999)']",0.5393442622950819,0.24918032786885247,0.20655737704918034,0.3829787234042554,1.5369540873460248,1.0,0.07216339693630747,1.2168456755228945,0.7584025306445237,0.35492957746478876,0.17820310322400823,0.605963045912654
"['pulp fiction (1994)', 'braveheart (1995)']","['shawshank redemption, the (1994)']",0.29180327868852457,0.519672131147541,0.23278688524590163,0.7977528089887641,1.5351079289689151,1.0,0.08114485353399625,2.3749544626593817,0.4922078768909755,0.4022662889518414,0.5789392951643212,0.6228511679013221
"['shawshank redemption, the (1994)']","['pulp fiction (1994)', 'braveheart (1995)']",0.519672131147541,0.29180327868852457,0.23278688524590163,0.4479495268138801,1.5351079289689151,1.0,0.08114485353399625,1.2828477751756442,0.7257126376003462,0.4022662889518414,0.22048428554737703,0.6228511679013221
['forrest gump (1994)'],"['matrix, the (1999)', 'fight club (1999)']",0.5393442622950819,0.29508196721311475,0.2442622950819672,0.452887537993921,1.5347855454238435,1.0,0.08511152915882828,1.2884335154826958,0.7564068881511381,0.41388888888888886,0.22386371668905075,0.6403326578858494
"['matrix, the (1999)', 'fight club (1999)']",['forrest gump (1994)'],0.29508196721311475,0.5393442622950819,0.2442622950819672,0.8277777777777777,1.5347855454238433,1.0,0.08511152915882828,2.674775251189846,0.4943031059778368,0.41388888888888886,0.6261368129695531,0.6403326578858494
"['silence of the lambs, the (1991)', 'pulp fiction (1994)']","['shawshank redemption, the (1994)']",0.33934426229508197,0.519672131147541,0.27049180327868855,0.7971014492753624,1.5338545238421801,1.0,0.09414404729911316,2.367330210772835,0.526821565531243,0.45961002785515326,0.5775832220408569,0.6588030905682807
"['shawshank redemption, the (1994)']","['silence of the lambs, the (1991)', 'pulp fiction (1994)']",0.519672131147541,0.33934426229508197,0.27049180327868855,0.5205047318611988,1.5338545238421801,1.0,0.09414404729911316,1.3778149266609148,0.7246044058330748,0.45961002785515326,0.2742131177055367,0.6588030905682807
"['pulp fiction (1994)', 'matrix, the (1999)']",['forrest gump (1994)'],0.29180327868852457,0.5393442622950819,0.24098360655737705,0.8258426966292135,1.5311977049964143,1.0,0.08360118247782858,2.645055526176627,0.48985890652557335,0.40833333333333344,0.621936103002919,0.6363256036337557
['forrest gump (1994)'],"['pulp fiction (1994)', 'matrix, the (1999)']",0.5393442622950819,0.29180327868852457,0.24098360655737705,0.4468085106382979,1.5311977049964143,1.0,0.08360118247782858,1.2802017654476674,0.7530926961531946,0.40833333333333344,0.2188731284475966,0.6363256036337557
['ace ventura: pet detective (1994)'],['pulp fiction (1994)'],0.2639344262295082,0.5032786885245901,0.20327868852459016,0.7701863354037267,1.5303376696947015,1.0,0.07044611663531311,2.1614089499335405,0.4708132768158634,0.3604651162790698,0.5373388270504069,0.5870475650960002
['pulp fiction (1994)'],['ace ventura: pet detective (1994)'],0.5032786885245901,0.2639344262295082,0.20327868852459016,0.40390879478827363,1.5303376696947013,1.0,0.07044611663531311,1.2348203887843767,0.6976737996380286,0.3604651162790698,0.1901656232090132,0.5870475650960002
['forrest gump (1994)'],"['silence of the lambs, the (1991)', 'terminator 2: judgment day (1991)']",0.5393442622950819,0.24262295081967214,0.2,0.37082066869300917,1.5283824858292945,1.0,0.06914270357430799,1.2037538607745308,0.7504813021410653,0.343661971830986,0.16926538507085626,0.5975724965086667
"['silence of the lambs, the (1991)', 'terminator 2: judgment day (1991)']",['forrest gump (1994)'],0.24262295081967214,0.5393442622950819,0.2,0.8243243243243243,1.5283824858292945,1.0,0.06914270357430799,2.62219419924338,0.4564615712156696,0.343661971830986,0.6186399923054728,0.5975724965086667
['pulp fiction (1994)'],"['forrest gump (1994)', ""schindler's list (1993)""]",0.5032786885245901,0.26885245901639343,0.20655737704918034,0.4104234527687297,1.5265750377373484,1.0,0.07124966406879873,1.2401231772484378,0.6944313478966946,0.3652173913043479,0.19362848921283662,0.5893580678477796
"['forrest gump (1994)', ""schindler's list (1993)""]",['pulp fiction (1994)'],0.26885245901639343,0.5032786885245901,0.20655737704918034,0.7682926829268294,1.5265750377373484,1.0,0.07124966406879873,2.1437446074201914,0.47177735070111765,0.3652173913043479,0.533526523384046,0.5893580678477796
"['pulp fiction (1994)', 'seven (a.k.a. se7en) (1995)']","['shawshank redemption, the (1994)']",0.28524590163934427,0.519672131147541,0.2262295081967213,0.793103448275862,1.5261612096160122,1.0,0.07799516259070141,2.321584699453551,0.4823494216194655,0.3909348441926345,0.5692597387313167,0.6142173392798869
"['shawshank redemption, the (1994)']","['pulp fiction (1994)', 'seven (a.k.a. se7en) (1995)']",0.519672131147541,0.28524590163934427,0.2262295081967213,0.4353312302839117,1.5261612096160122,1.0,0.07799516259070141,1.2657935708398205,0.7177622792699213,0.3909348441926345,0.20998176714033515,0.6142173392798869
"['pulp fiction (1994)', 'fight club (1999)']",['forrest gump (1994)'],0.25901639344262295,0.5393442622950819,0.21311475409836064,0.8227848101265822,1.525528067407949,1.0,0.07341574845471646,2.5994145199063228,0.4649081007488087,0.36414565826330536,0.6152979863957835,0.6089607941210419
['forrest gump (1994)'],"['pulp fiction (1994)', 'fight club (1999)']",0.5393442622950819,0.25901639344262295,0.21311475409836064,0.3951367781155015,1.525528067407949,1.0,0.07341574845471646,1.2250432490320455,0.7478237065425676,0.36414565826330536,0.18370228904968125,0.6089607941210419
"['usual suspects, the (1995)', 'pulp fiction (1994)']",['forrest gump (1994)'],0.26557377049180325,0.5393442622950819,0.2180327868852459,0.8209876543209877,1.5221959548200685,1.0,0.07479709755442088,2.573318258903337,0.4671052631578949,0.3715083798882681,0.6113966873160233,0.612621486734962
['forrest gump (1994)'],"['usual suspects, the (1995)', 'pulp fiction (1994)']",0.5393442622950819,0.26557377049180325,0.2180327868852459,0.4042553191489362,1.5221959548200685,1.0,0.07479709755442088,1.2327868852459016,0.744708746956359,0.3715083798882681,0.18882978723404265,0.612621486734962
['apollo 13 (1995)'],['forrest gump (1994)'],0.3295081967213115,0.5393442622950819,0.27049180327868855,0.8208955223880597,1.5220251326951868,1.0,0.09277344799785006,2.5719945355191265,0.5115358968659703,0.4520547945205481,0.6111966856110905,0.6612076396134827
['forrest gump (1994)'],['apollo 13 (1995)'],0.5393442622950819,0.3295081967213115,0.27049180327868855,0.5015197568389058,1.5220251326951868,1.0,0.09277344799785006,1.3450719712115156,0.7445486897444193,0.4520547945205481,0.256545358610593,0.6612076396134827
"[""schindler's list (1993)""]","['pulp fiction (1994)', 'forrest gump (1994)']",0.36065573770491804,0.3770491803278688,0.20655737704918034,0.5727272727272728,1.5189723320158104,1.0,0.07057242676699813,1.4579700034879666,0.5343915343915344,0.38888888888888895,0.31411483253588524,0.5602766798418972
"['pulp fiction (1994)', 'forrest gump (1994)']","[""schindler's list (1993)""]",0.3770491803278688,0.36065573770491804,0.20655737704918034,0.5478260869565218,1.5189723320158104,1.0,0.07057242676699813,1.4139344262295084,0.5484544695071011,0.38888888888888895,0.29275362318840586,0.5602766798418972
"['forrest gump (1994)', 'braveheart (1995)']","['silence of the lambs, the (1991)']",0.3,0.45737704918032784,0.2081967213114754,0.6939890710382514,1.5173237753882916,1.0,0.07098360655737707,1.7732142857142859,0.48706411698537694,0.3791044776119403,0.43605236656596175,0.5745931018273694
"['silence of the lambs, the (1991)']","['forrest gump (1994)', 'braveheart (1995)']",0.45737704918032784,0.3,0.2081967213114754,0.4551971326164875,1.5173237753882916,1.0,0.07098360655737707,1.2848684210526313,0.6283274258391419,0.3791044776119403,0.221710189452125,0.5745931018273694
['forrest gump (1994)'],"['silence of the lambs, the (1991)', 'pulp fiction (1994)', 'shawshank redemption, the (1994)']",0.5393442622950819,0.27049180327868855,0.22131147540983606,0.4103343465045593,1.516993644653219,1.0,0.07542327331362536,1.2371556532026364,0.7398181099248714,0.3760445682451254,0.19169427273658687,0.6142580823431887
"['silence of the lambs, the (1991)', 'pulp fiction (1994)', 'shawshank redemption, the (1994)']",['forrest gump (1994)'],0.27049180327868855,0.5393442622950819,0.22131147540983606,0.8181818181818181,1.516993644653219,1.0,0.07542327331362536,2.5336065573770488,0.46716604244694127,0.3760445682451254,0.6053057263021675,0.6142580823431887
"['seven (a.k.a. se7en) (1995)', 'forrest gump (1994)']","['shawshank redemption, the (1994)']",0.26229508196721313,0.519672131147541,0.20655737704918034,0.7875,1.515378548895899,1.0,0.07024993281375974,2.2603664416586304,0.46102292768959435,0.358974358974359,0.55759385665529,0.5924881703470032
"['shawshank redemption, the (1994)']","['seven (a.k.a. se7en) (1995)', 'forrest gump (1994)']",0.519672131147541,0.26229508196721313,0.20655737704918034,0.39747634069400634,1.515378548895899,1.0,0.07024993281375974,1.224358424169599,0.7080556909908445,0.358974358974359,0.18324570627409748,0.5924881703470032
['dances with wolves (1990)'],['forrest gump (1994)'],0.26885245901639343,0.5393442622950819,0.21967213114754097,0.8170731707317073,1.5149380977092446,1.0,0.07466809997312551,2.518251366120218,0.4648952546683623,0.37325905292479106,0.602899053901571,0.6121840017792275
['forrest gump (1994)'],['dances with wolves (1990)'],0.5393442622950819,0.26885245901639343,0.21967213114754097,0.4072948328267477,1.5149380977092446,1.0,0.07466809997312551,1.2335771332492644,0.7378764540287884,0.37325905292479106,0.18934943503209892,0.6121840017792275
['star wars: episode iv - a new hope (1977)'],['toy story (1995)'],0.41147540983606556,0.3524590163934426,0.21967213114754097,0.5338645418326693,1.5146854442694337,1.0,0.07464391292663261,1.3891691186773152,0.5773708061364485,0.4036144578313252,0.2801452418175399,0.5785601778930788
['toy story (1995)'],['star wars: episode iv - a new hope (1977)'],0.3524590163934426,0.41147540983606556,0.21967213114754097,0.6232558139534883,1.5146854442694337,1.0,0.07464391292663261,1.5621331714227886,0.5247496693746457,0.4036144578313252,0.3598497117315539,0.5785601778930788
"['pulp fiction (1994)', 'seven (a.k.a. se7en) (1995)']",['forrest gump (1994)'],0.28524590163934427,0.5393442622950819,0.23278688524590163,0.8160919540229885,1.5131188205289454,1.0,0.07894114485353398,2.5048155737704922,0.4744476030494895,0.39335180055401664,0.6007690105125374,0.6238514481361144
['forrest gump (1994)'],"['pulp fiction (1994)', 'seven (a.k.a. se7en) (1995)']",0.5393442622950819,0.28524590163934427,0.23278688524590163,0.4316109422492401,1.5131188205289452,1.0,0.07894114485353398,1.2575085473831857,0.7361535762618413,0.39335180055401664,0.20477677700008365,0.6238514481361144
"['silence of the lambs, the (1991)']",['true lies (1994)'],0.45737704918032784,0.29180327868852457,0.20163934426229507,0.44086021505376344,1.5108130965325601,1.0,0.06817522171459287,1.266582597730139,0.6230933608429741,0.3682634730538921,0.21047391477499006,0.5659357255044098
['true lies (1994)'],"['silence of the lambs, the (1991)']",0.29180327868852457,0.45737704918032784,0.20163934426229507,0.6910112359550562,1.5108130965325601,1.0,0.06817522171459287,1.756125186289121,0.47741644083107504,0.3682634730538921,0.4305645133914933,0.5659357255044098
['speed (1994)'],['pulp fiction (1994)'],0.28032786885245903,0.5032786885245901,0.21311475409836064,0.7602339181286549,1.5105625083338097,1.0,0.07203171190540178,2.0716913234706116,0.4696513054144034,0.3735632183908046,0.5173026074537278,0.5918433434291483
['pulp fiction (1994)'],['speed (1994)'],0.5032786885245901,0.28032786885245903,0.21311475409836064,0.4234527687296417,1.5105625083338097,1.0,0.07203171190540178,1.2482448828378252,0.6804518913429806,0.3735632183908046,0.1988751456152197,0.5918433434291483
['forrest gump (1994)'],"['shawshank redemption, the (1994)', 'matrix, the (1999)']",0.5393442622950819,0.2967213114754098,0.24098360655737705,0.4468085106382979,1.5058187375102858,1.0,0.08094866971244291,1.2713114754098362,0.7291984409422133,0.40495867768595045,0.21341070277240498,0.6294816033854473
"['shawshank redemption, the (1994)', 'matrix, the (1999)']",['forrest gump (1994)'],0.2967213114754098,0.5393442622950819,0.24098360655737705,0.8121546961325967,1.5058187375102858,1.0,0.08094866971244291,2.4523143683702995,0.47763347763347774,0.40495867768595045,0.5922219382237865,0.6294816033854473
['men in black (a.k.a. mib) (1997)'],['forrest gump (1994)'],0.27049180327868855,0.5393442622950819,0.21967213114754097,0.812121212121212,1.505756654692825,1.0,0.07378392905133027,2.4518773135906917,0.4604226060707696,0.37222222222222223,0.5921492505122397,0.6097080224739799
['forrest gump (1994)'],['men in black (a.k.a. mib) (1997)'],0.5393442622950819,0.27049180327868855,0.21967213114754097,0.4072948328267477,1.5057566546928247,1.0,0.07378392905133027,1.2308112652374947,0.7291390024964145,0.37222222222222223,0.18752774836924965,0.6097080224739799
"['matrix, the (1999)', 'forrest gump (1994)']",['pulp fiction (1994)'],0.3180327868852459,0.5032786885245901,0.24098360655737705,0.7577319587628867,1.505591188421371,1.0,0.08092448266595004,2.0502964771538204,0.49241234955520685,0.4152542372881356,0.5122656595556465,0.6182796601632023
['pulp fiction (1994)'],"['matrix, the (1999)', 'forrest gump (1994)']",0.5032786885245901,0.3180327868852459,0.24098360655737705,0.47882736156351796,1.505591188421371,1.0,0.08092448266595004,1.3085245901639344,0.6760512785972476,0.4152542372881356,0.23578050613881243,0.6182796601632023
"['apollo 13 (1995)', 'forrest gump (1994)']","['shawshank redemption, the (1994)']",0.27049180327868855,0.519672131147541,0.21147540983606558,0.7818181818181817,1.504445081732148,1.0,0.0709083579682881,2.2015027322404364,0.45962895218186567,0.36543909348441933,0.5457648153893886,0.5943791224548323
"['shawshank redemption, the (1994)']","['apollo 13 (1995)', 'forrest gump (1994)']",0.519672131147541,0.27049180327868855,0.21147540983606558,0.4069400630914827,1.504445081732148,1.0,0.0709083579682881,1.230074991280084,0.6980712754980554,0.36543909348441933,0.18704143479956048,0.5943791224548323
['pulp fiction (1994)'],"['star wars: episode iv - a new hope (1977)', 'forrest gump (1994)']",0.5032786885245901,0.26885245901639343,0.20327868852459016,0.40390879478827363,1.5023436879319934,1.0,0.06797097554420856,1.226569918480695,0.6731608644735442,0.35734870317002887,0.18471830677319936,0.5800031778819417
"['star wars: episode iv - a new hope (1977)', 'forrest gump (1994)']",['pulp fiction (1994)'],0.26885245901639343,0.5032786885245901,0.20327868852459016,0.7560975609756098,1.5023436879319934,1.0,0.06797097554420856,2.0365573770491805,0.45732677564009844,0.35734870317002887,0.5089752877726798,0.5800031778819417
"['silence of the lambs, the (1991)']","['jurassic park (1993)', 'forrest gump (1994)']",0.45737704918032784,0.32459016393442625,0.22295081967213115,0.48745519713261654,1.5017559103580609,1.0,0.0744907282988444,1.3177576521838819,0.6157366269770748,0.39882697947214074,0.24113512196819434,0.5871619420006517
"['jurassic park (1993)', 'forrest gump (1994)']","['silence of the lambs, the (1991)']",0.32459016393442625,0.45737704918032784,0.22295081967213115,0.6868686868686869,1.5017559103580609,1.0,0.0744907282988444,1.7328926493918562,0.49468161050828097,0.39882697947214074,0.42293020842869783,0.5871619420006517
"['mask, the (1994)']",['forrest gump (1994)'],0.2573770491803279,0.5393442622950819,0.2081967213114754,0.8089171974522292,1.4998160803825529,1.0,0.06938188658962643,2.410765027322404,0.44874936990492076,0.35376044568245124,0.5851939161774372,0.5974677172671481
['forrest gump (1994)'],"['mask, the (1994)']",0.5393442622950819,0.2573770491803279,0.2081967213114754,0.3860182370820669,1.4998160803825529,1.0,0.06938188658962643,1.2095195585132283,0.7234286995264381,0.35376044568245124,0.17322544066238588,0.5974677172671481
"['silence of the lambs, the (1991)', 'forrest gump (1994)']","['shawshank redemption, the (1994)']",0.3262295081967213,0.519672131147541,0.2540983606557377,0.7788944723618091,1.4988190162167305,1.0,0.08456597688793335,2.1723919523099857,0.49394866964916406,0.4293628808864266,0.5396779117430155,0.6339267314490433
"['shawshank redemption, the (1994)']","['silence of the lambs, the (1991)', 'forrest gump (1994)']",0.519672131147541,0.3262295081967213,0.2540983606557377,0.4889589905362776,1.4988190162167303,1.0,0.08456597688793335,1.3184274438372803,0.692876802818452,0.4293628808864266,0.24152064288839256,0.6339267314490433
"['shawshank redemption, the (1994)']","['pulp fiction (1994)', 'forrest gump (1994)']",0.519672131147541,0.3770491803278688,0.2934426229508197,0.5646687697160884,1.497599780551365,1.0,0.0975006718624026,1.4309812306961276,0.6917459530573723,0.4864130434782609,0.30117881454424716,0.671464819640653
"['pulp fiction (1994)', 'forrest gump (1994)']","['shawshank redemption, the (1994)']",0.3770491803278688,0.519672131147541,0.2934426229508197,0.7782608695652175,1.4975997805513648,1.0,0.0975006718624026,2.1661845065895218,0.533372537488974,0.4864130434782609,0.5383588069446507,0.671464819640653
['terminator 2: judgment day (1991)'],"['shawshank redemption, the (1994)', 'forrest gump (1994)']",0.36721311475409835,0.37868852459016394,0.2081967213114754,0.5669642857142857,1.4971784168212738,1.0,0.06913732867508735,1.4347811390907554,0.5247847905022235,0.3871951219512194,0.3030295891443648,0.5583739177489178
"['shawshank redemption, the (1994)', 'forrest gump (1994)']",['terminator 2: judgment day (1991)'],0.37868852459016394,0.36721311475409835,0.2081967213114754,0.5497835497835497,1.4971784168212738,1.0,0.06913732867508735,1.4055170239596466,0.5344773855774624,0.3871951219512194,0.28851804499472883,0.5583739177489178
"['shawshank redemption, the (1994)', 'fight club (1999)']",['pulp fiction (1994)'],0.26557377049180325,0.5032786885245901,0.2,0.7530864197530865,1.4963606385973383,1.0,0.06634238108035478,2.011721311475411,0.45166129976580827,0.3515850144092219,0.5029132542883921,0.5752402782804521
['pulp fiction (1994)'],"['shawshank redemption, the (1994)', 'fight club (1999)']",0.5032786885245901,0.26557377049180325,0.2,0.39739413680781766,1.4963606385973383,1.0,0.06634238108035478,1.2187505538325212,0.6678028458583567,0.3515850144092219,0.17948755234993033,0.5752402782804521
['forrest gump (1994)'],"['pulp fiction (1994)', 'shawshank redemption, the (1994)']",0.5393442622950819,0.3639344262295082,0.2934426229508197,0.5440729483282676,1.4949752183794738,1.0,0.09715667831228167,1.3951038251366124,0.7187419232986739,0.4811827956989248,0.2832074703099052,0.6751896273172869
"['pulp fiction (1994)', 'shawshank redemption, the (1994)']",['forrest gump (1994)'],0.3639344262295082,0.5393442622950819,0.2934426229508197,0.8063063063063063,1.4949752183794738,1.0,0.09715667831228167,2.378269157453298,0.5205321661003284,0.4811827956989248,0.5795261453624443,0.6751896273172869
['fight club (1999)'],['star wars: episode iv - a new hope (1977)'],0.35737704918032787,0.41147540983606556,0.21967213114754097,0.6146788990825688,1.4938411491648087,1.0,0.0726202633700618,1.5273614363778298,0.5144303990252816,0.39999999999999997,0.34527612378932304,0.5742717204576191
['star wars: episode iv - a new hope (1977)'],['fight club (1999)'],0.41147540983606556,0.35737704918032787,0.21967213114754097,0.5338645418326693,1.4938411491648085,1.0,0.0726202633700618,1.3786184671430572,0.5617178730303911,0.39999999999999997,0.2746361492804293,0.5742717204576191
"['forrest gump (1994)', 'braveheart (1995)']","['shawshank redemption, the (1994)']",0.3,0.519672131147541,0.23278688524590163,0.7759562841530054,1.4931650893796005,1.0,0.07688524590163934,2.14390243902439,0.471830985915493,0.3966480446927374,0.5335608646188851,0.6119529054834427
"['shawshank redemption, the (1994)']","['forrest gump (1994)', 'braveheart (1995)']",0.519672131147541,0.3,0.23278688524590163,0.4479495268138801,1.4931650893796005,1.0,0.07688524590163934,1.2679999999999998,0.6876171706003942,0.3966480446927374,0.21135646687697163,0.6119529054834427
['forrest gump (1994)'],"['pulp fiction (1994)', 'star wars: episode iv - a new hope (1977)']",0.5393442622950819,0.25245901639344265,0.20327868852459016,0.37689969604863227,1.4929143804523743,1.0,0.06711636656812683,1.1997121151539385,0.7167374583859486,0.3454038997214485,0.1664666986615475,0.5910472506217187
"['pulp fiction (1994)', 'star wars: episode iv - a new hope (1977)']",['forrest gump (1994)'],0.25245901639344265,0.5393442622950819,0.20327868852459016,0.8051948051948051,1.4929143804523743,1.0,0.06711636656812683,2.364699453551912,0.4416737408036219,0.3454038997214485,0.5771132781808938,0.5910472506217187
['apollo 13 (1995)'],['pulp fiction (1994)'],0.3295081967213115,0.5032786885245901,0.24754098360655738,0.7512437810945274,1.492699369601504,1.0,0.08170653050255308,1.996819672131148,0.4922845253323403,0.4229691876750701,0.4992036517084545,0.6215502293094787
['pulp fiction (1994)'],['apollo 13 (1995)'],0.5032786885245901,0.3295081967213115,0.24754098360655738,0.49185667752443,1.492699369601504,1.0,0.08170653050255308,1.3194934846574191,0.6645028741284724,0.4229691876750701,0.24213343102665602,0.6215502293094787
['pulp fiction (1994)'],['braveheart (1995)'],0.5032786885245901,0.3885245901639344,0.29180327868852457,0.5798045602605864,1.4923239736664882,1.0,0.09626713249126578,1.4552166730207141,0.6641636073719731,0.4863387978142075,0.312817109273345,0.6654297062906307
['braveheart (1995)'],['pulp fiction (1994)'],0.3885245901639344,0.5032786885245901,0.29180327868852457,0.751054852320675,1.492323973666488,1.0,0.09626713249126578,1.9953042511808832,0.539521643522005,0.4863387978142075,0.49882330005152403,0.6654297062906307
"['shawshank redemption, the (1994)']","['pulp fiction (1994)', 'jurassic park (1993)']",0.519672131147541,0.2836065573770492,0.21967213114754097,0.4227129337539432,1.490490691271129,1.0,0.07228970706799245,1.2409656902266417,0.6851153787377106,0.3764044943820224,0.19417594871831886,0.5986397038711911
"['pulp fiction (1994)', 'jurassic park (1993)']","['shawshank redemption, the (1994)']",0.2836065573770492,0.519672131147541,0.21967213114754097,0.7745664739884391,1.490490691271129,1.0,0.07228970706799245,2.130685161832701,0.4593565354007991,0.3764044943820224,0.5306674031841224,0.5986397038711911
"['sixth sense, the (1999)']","['silence of the lambs, the (1991)']",0.2934426229508197,0.45737704918032784,0.2,0.6815642458100559,1.4901583868965382,1.0,0.06578607901101854,1.7040264595916024,0.4655395382450268,0.3630952380952381,0.41315465239919674,0.5594201157365692
"['silence of the lambs, the (1991)']","['sixth sense, the (1999)']",0.45737704918032784,0.2934426229508197,0.2,0.4372759856630825,1.490158386896538,1.0,0.06578607901101854,1.2556019630364417,0.606185924421772,0.3630952380952381,0.20356926045123044,0.5594201157365692
['forrest gump (1994)'],"['shawshank redemption, the (1994)', 'fight club (1999)']",0.5393442622950819,0.26557377049180325,0.21311475409836064,0.3951367781155015,1.487860707718864,1.0,0.06987906476753561,1.2142021583326468,0.7117985217629345,0.3601108033240997,0.17641391663048203,0.5988029569589853
"['shawshank redemption, the (1994)', 'fight club (1999)']",['forrest gump (1994)'],0.26557377049180325,0.5393442622950819,0.21311475409836064,0.8024691358024691,1.487860707718864,1.0,0.06987906476753561,2.332069672131148,0.4464629120879121,0.3601108033240997,0.5711963446245772,0.5988029569589853
['terminator 2: judgment day (1991)'],['star wars: episode iv - a new hope (1977)'],0.36721311475409835,0.41147540983606556,0.22459016393442624,0.6116071428571429,1.486375924871941,1.0,0.07349099704380546,1.51528170341059,0.5171135736167318,0.40532544378698226,0.3400567051333069,0.578711937962436
['star wars: episode iv - a new hope (1977)'],['terminator 2: judgment day (1991)'],0.41147540983606556,0.36721311475409835,0.22459016393442624,0.5458167330677292,1.486375924871941,1.0,0.07349099704380546,1.3932412999712398,0.5560051237216114,0.40532544378698226,0.2822492413764632,0.578711937962436
"['shawshank redemption, the (1994)']","['pulp fiction (1994)', 'fight club (1999)']",0.519672131147541,0.25901639344262295,0.2,0.3848580441640379,1.4858443477219185,1.0,0.06539639881752218,1.2045733501471207,0.6807474962233537,0.3456090651558074,0.16983054632757327,0.5785049714491075
"['pulp fiction (1994)', 'fight club (1999)']","['shawshank redemption, the (1994)']",0.25901639344262295,0.519672131147541,0.2,0.7721518987341772,1.4858443477219183,1.0,0.06539639881752218,2.108105646630237,0.4412810097200059,0.3456090651558074,0.5256404717673997,0.5785049714491075
['pulp fiction (1994)'],"['fugitive, the (1993)']",0.5032786885245901,0.3114754098360656,0.23278688524590163,0.4625407166123779,1.4849991428081606,1.0,0.07602794947594732,1.2810730253353204,0.6575094129131223,0.4,0.21940437412750122,0.6049545688325048
"['fugitive, the (1993)']",['pulp fiction (1994)'],0.3114754098360656,0.5032786885245901,0.23278688524590163,0.7473684210526316,1.4849991428081606,1.0,0.07602794947594732,1.966188524590164,0.4743460764587525,0.4,0.491401771756123,0.6049545688325048
['forrest gump (1994)'],"['matrix, the (1999)', 'american beauty (1999)']",0.5393442622950819,0.25245901639344265,0.20163934426229507,0.3738601823708207,1.480874748351952,1.0,0.06547702230583174,1.1938882699347448,0.7049156612562564,0.3416666666666667,0.16240068255745746,0.5862807405360596
"['matrix, the (1999)', 'american beauty (1999)']",['forrest gump (1994)'],0.25245901639344265,0.5393442622950819,0.20163934426229507,0.7987012987012986,1.480874748351952,1.0,0.06547702230583174,2.2884188260179785,0.43438881757238607,0.3416666666666667,0.5630170541202567,0.5862807405360596
['batman (1989)'],"['silence of the lambs, the (1991)']",0.30983606557377047,0.45737704918032784,0.2098360655737705,0.6772486772486773,1.480722914414671,1.0,0.0681241601719968,1.6812416017199683,0.4704015736342043,0.37647058823529417,0.40520148979363496,0.5680150196279229
"['silence of the lambs, the (1991)']",['batman (1989)'],0.45737704918032784,0.30983606557377047,0.2098360655737705,0.45878136200716846,1.4807229144146707,1.0,0.0681241601719968,1.2752035609597223,0.598305324773414,0.37647058823529417,0.2158114746422156,0.5680150196279229
['back to the future (1985)'],['forrest gump (1994)'],0.28032786885245903,0.5393442622950819,0.22295081967213115,0.7953216374269005,1.4746085070833113,1.0,0.07175759204514917,2.2506323185011707,0.44722296663540145,0.37362637362637363,0.555680422884019,0.6043477488046357
['forrest gump (1994)'],['back to the future (1985)'],0.5393442622950819,0.28032786885245903,0.22295081967213115,0.4133738601823709,1.4746085070833113,1.0,0.07175759204514917,1.2267986069820775,0.6986864140674064,0.37362637362637363,0.18487028408028755,0.6043477488046357
['pulp fiction (1994)'],"['silence of the lambs, the (1991)']",0.5032786885245901,0.45737704918032784,0.33934426229508197,0.6742671009771988,1.4742040558999687,1.0,0.10915614082235961,1.665852459016394,0.6475821495192999,0.5461741424802111,0.39970674198214884,0.7081012924240833
"['silence of the lambs, the (1991)']",['pulp fiction (1994)'],0.45737704918032784,0.5032786885245901,0.33934426229508197,0.7419354838709677,1.4742040558999685,1.0,0.10915614082235961,1.9247950819672133,0.5928017864179694,0.5461741424802111,0.4804641754498031,0.7081012924240833
['forrest gump (1994)'],"['shawshank redemption, the (1994)', ""schindler's list (1993)""]",0.5393442622950819,0.27049180327868855,0.21475409836065573,0.3981762917933131,1.4720456848116423,1.0,0.06886589626444503,1.2121626097035936,0.696123441362636,0.36088154269972456,0.17502817526723813,0.5960578428663534
"['shawshank redemption, the (1994)', ""schindler's list (1993)""]",['forrest gump (1994)'],0.27049180327868855,0.5393442622950819,0.21475409836065573,0.7939393939393938,1.472045684811642,1.0,0.06886589626444503,2.2355351976856306,0.43957457757955226,0.36088154269972456,0.5526798231424565,0.5960578428663534
"['silence of the lambs, the (1991)', 'matrix, the (1999)']",['forrest gump (1994)'],0.26229508196721313,0.5393442622950819,0.2081967213114754,0.79375,1.47169452887538,1.0,0.0667293738242408,2.2334823646299053,0.4344706911636046,0.3508287292817679,0.5522686832740213,0.5898841185410334
['forrest gump (1994)'],"['silence of the lambs, the (1991)', 'matrix, the (1999)']",0.5393442622950819,0.26229508196721313,0.2081967213114754,0.3860182370820669,1.47169452887538,1.0,0.0667293738242408,1.2015094952118162,0.6957715694790819,0.3508287292817679,0.1677136102668018,0.5898841185410334
"[""schindler's list (1993)""]","['silence of the lambs, the (1991)']",0.36065573770491804,0.45737704918032784,0.24262295081967214,0.6727272727272727,1.4708374063212775,1.0,0.07766729373824241,1.6580145719489983,0.5006930006930006,0.4216524216524216,0.3968689920351552,0.6015966112740306
"['silence of the lambs, the (1991)']","[""schindler's list (1993)""]",0.45737704918032784,0.36065573770491804,0.24262295081967214,0.5304659498207885,1.4708374063212772,1.0,0.07766729373824241,1.3616568639719686,0.5899403935657712,0.4216524216524216,0.26560058818123333,0.6015966112740306
['pulp fiction (1994)'],['twelve monkeys (a.k.a. 12 monkeys) (1995)'],0.5032786885245901,0.2901639344262295,0.21475409836065573,0.42671009771986973,1.4705828226503985,1.0,0.06872077398548779,1.238179955290611,0.6442193837704382,0.3711048158640227,0.19236295521736843,0.5834115460350761
['twelve monkeys (a.k.a. 12 monkeys) (1995)'],['pulp fiction (1994)'],0.2901639344262295,0.5032786885245901,0.21475409836065573,0.7401129943502824,1.4705828226503985,1.0,0.06872077398548779,1.9112972202423377,0.45080478818116115,0.3711048158640227,0.47679513714083266,0.5834115460350761
"['terminator 2: judgment day (1991)', 'pulp fiction (1994)']","['shawshank redemption, the (1994)']",0.27049180327868855,0.519672131147541,0.20655737704918034,0.7636363636363637,1.4694579868081448,1.0,0.06599032518140285,2.0321563682219423,0.4379347244515784,0.35393258426966295,0.5079118833385046,0.580556352165185
"['shawshank redemption, the (1994)']","['terminator 2: judgment day (1991)', 'pulp fiction (1994)']",0.519672131147541,0.27049180327868855,0.20655737704918034,0.39747634069400634,1.4694579868081445,1.0,0.06599032518140285,1.2107544416788258,0.6651227043718512,0.35393258426966295,0.17406869173785133,0.580556352165185
['forrest gump (1994)'],"['silence of the lambs, the (1991)', 'pulp fiction (1994)']",0.5393442622950819,0.33934426229508197,0.26885245901639343,0.49848024316109424,1.4689514411993598,1.0,0.08582907820478367,1.3173075012419273,0.693017099210138,0.44086021505376344,0.24087580230339325,0.6453753872810302
"['silence of the lambs, the (1991)', 'pulp fiction (1994)']",['forrest gump (1994)'],0.33934426229508197,0.5393442622950819,0.26885245901639343,0.7922705314009661,1.4689514411993598,1.0,0.08582907820478367,2.21757529546321,0.4832203594988804,0.44086021505376344,0.5490570254611721,0.6453753872810302
"['star wars: episode v - the empire strikes back (1980)', 'star wars: episode vi - return of the jedi (1983)', 'star wars: episode iv - a new hope (1977)']",['forrest gump (1994)'],0.25245901639344265,0.5393442622950819,0.2,0.7922077922077921,1.4688351162515296,1.0,0.06383767804353668,2.2169057377049177,0.4269844693701466,0.3379501385041552,0.54892083005962,0.5815142304504006
['forrest gump (1994)'],"['star wars: episode v - the empire strikes back (1980)', 'star wars: episode vi - return of the jedi (1983)', 'star wars: episode iv - a new hope (1977)']",0.5393442622950819,0.25245901639344265,0.2,0.37082066869300917,1.4688351162515296,1.0,0.06383767804353668,1.188120693751485,0.6929000641736187,0.3379501385041552,0.1583346664533675,0.5815142304504006
"['usual suspects, the (1995)']","['silence of the lambs, the (1991)']",0.3344262295081967,0.45737704918032784,0.22459016393442624,0.6715686274509804,1.4683041675451545,1.0,0.07163128191346413,1.6521654024957184,0.47919887814174256,0.3959537572254336,0.3947337243054323,0.581304026987139
['american beauty (1999)'],"['silence of the lambs, the (1991)']",0.3344262295081967,0.45737704918032784,0.22459016393442624,0.6715686274509804,1.4683041675451545,1.0,0.07163128191346413,1.6521654024957184,0.47919887814174256,0.3959537572254336,0.3947337243054323,0.581304026987139
"['silence of the lambs, the (1991)']","['usual suspects, the (1995)']",0.45737704918032784,0.3344262295081967,0.22459016393442624,0.4910394265232975,1.4683041675451542,1.0,0.07163128191346413,1.307711844839529,0.5877786843672128,0.3959537572254336,0.23530554231332879,0.581304026987139
"['silence of the lambs, the (1991)']",['american beauty (1999)'],0.45737704918032784,0.3344262295081967,0.22459016393442624,0.4910394265232975,1.4683041675451542,1.0,0.07163128191346413,1.307711844839529,0.5877786843672128,0.3959537572254336,0.23530554231332879,0.581304026987139
"['shawshank redemption, the (1994)', 'forrest gump (1994)']","['silence of the lambs, the (1991)']",0.37868852459016394,0.45737704918032784,0.2540983606557377,0.670995670995671,1.4670514670514672,1.0,0.08089492072023652,1.6492881794650565,0.5124010554089711,0.4366197183098591,0.39367782268084395,0.6132756132756133
"['silence of the lambs, the (1991)']","['shawshank redemption, the (1994)', 'forrest gump (1994)']",0.45737704918032784,0.37868852459016394,0.2540983606557377,0.5555555555555556,1.4670514670514672,1.0,0.08089492072023652,1.3979508196721313,0.5867069486404834,0.4366197183098591,0.28466725300498386,0.6132756132756133
['terminator 2: judgment day (1991)'],['pulp fiction (1994)'],0.36721311475409835,0.5032786885245901,0.27049180327868855,0.7366071428571429,1.4636167985109356,1.0,0.08568126847621613,1.885857182550709,0.5005809389229081,0.45081967213114765,0.46973715228665736,0.6370332131223826
['pulp fiction (1994)'],['terminator 2: judgment day (1991)'],0.5032786885245901,0.36721311475409835,0.27049180327868855,0.5374592833876223,1.4636167985109356,1.0,0.08568126847621613,1.3680674209189567,0.6377037703770381,0.45081967213114765,0.2690418727110093,0.6370332131223826
['ace ventura: pet detective (1994)'],['forrest gump (1994)'],0.2639344262295082,0.5393442622950819,0.2081967213114754,0.7888198757763976,1.4625535690687008,1.0,0.06584520290244558,2.1813404050144656,0.42966873016151386,0.349862258953168,0.5415662783758097,0.5874190564292322
['forrest gump (1994)'],['ace ventura: pet detective (1994)'],0.5393442622950819,0.2639344262295082,0.2081967213114754,0.3860182370820669,1.4625535690687006,1.0,0.06584520290244558,1.1988394741113455,0.6865525261299633,0.349862258953168,0.1658599657462379,0.5874190564292322
['forrest gump (1994)'],"['star wars: episode iv - a new hope (1977)', 'shawshank redemption, the (1994)']",0.5393442622950819,0.25573770491803277,0.20163934426229507,0.3738601823708207,1.4618891746551324,1.0,0.06370868046224135,1.1886519178736275,0.6858779619824669,0.3397790055248619,0.15871081772290888,0.5811608604161795
"['star wars: episode iv - a new hope (1977)', 'shawshank redemption, the (1994)']",['forrest gump (1994)'],0.25573770491803277,0.5393442622950819,0.20163934426229507,0.7884615384615384,1.4618891746551321,1.0,0.06370868046224135,2.177645305514158,0.42451917911249604,0.3397790055248619,0.5407883931015603,0.5811608604161795
['seven (a.k.a. se7en) (1995)'],['forrest gump (1994)'],0.33278688524590166,0.5393442622950819,0.26229508196721313,0.7881773399014778,1.4613622411547158,1.0,0.08280838484278422,2.1747235989325193,0.47317260442260456,0.4301075268817205,0.5401714496081902,0.6372497641756629
['forrest gump (1994)'],['seven (a.k.a. se7en) (1995)'],0.5393442622950819,0.33278688524590166,0.26229508196721313,0.4863221884498481,1.4613622411547158,1.0,0.08280838484278422,1.2988941701425938,0.6853425266903915,0.4301075268817205,0.2301143364973153,0.6372497641756629
['pulp fiction (1994)'],"['shawshank redemption, the (1994)', 'matrix, the (1999)']",0.5032786885245901,0.2967213114754098,0.2180327868852459,0.43322475570032576,1.4600392319182252,1.0,0.06869927438860524,1.2408422837761448,0.634333358147845,0.3746478873239438,0.1940958064736567,0.58401569276729
"['shawshank redemption, the (1994)', 'matrix, the (1999)']",['pulp fiction (1994)'],0.2967213114754098,0.5032786885245901,0.2180327868852459,0.7348066298342543,1.4600392319182252,1.0,0.06869927438860524,1.8730532786885257,0.44802565855197446,0.3746478873239438,0.4661123570920631,0.58401569276729
"['matrix, the (1999)', 'forrest gump (1994)']","['shawshank redemption, the (1994)']",0.3180327868852459,0.519672131147541,0.24098360655737705,0.7577319587628867,1.4580961982503498,1.0,0.07571083042192961,1.9826299267527039,0.4606881214024073,0.40384615384615385,0.4956194363322897,0.6107271781196137
"['shawshank redemption, the (1994)']","['matrix, the (1999)', 'forrest gump (1994)']",0.519672131147541,0.3180327868852459,0.24098360655737705,0.4637223974763407,1.4580961982503498,1.0,0.07571083042192961,1.2716682738669238,0.6540827935269672,0.40384615384615385,0.21363140014559576,0.6107271781196137
"['silence of the lambs, the (1991)', 'pulp fiction (1994)']",['star wars: episode iv - a new hope (1977)'],0.33934426229508197,0.41147540983606556,0.20327868852459016,0.5990338164251208,1.4558192351367478,1.0,0.06364686912120399,1.4677661465534269,0.47392539822300495,0.37125748502994016,0.31869255715689043,0.5465288604037954
['star wars: episode iv - a new hope (1977)'],"['silence of the lambs, the (1991)', 'pulp fiction (1994)']",0.41147540983606556,0.33934426229508197,0.20327868852459016,0.4940239043824701,1.4558192351367478,1.0,0.06364686912120399,1.3057054343616885,0.5320109623506156,0.37125748502994016,0.23413047561614586,0.5465288604037954
"['fugitive, the (1993)']",['forrest gump (1994)'],0.3114754098360656,0.5393442622950819,0.2442622950819672,0.7842105263157894,1.4540073588225884,1.0,0.07626981994087612,2.1347461015593754,0.45349952061361465,0.4027027027027027,0.5315602172691514,0.6185490321548552
['forrest gump (1994)'],"['fugitive, the (1993)']",0.5393442622950819,0.3114754098360656,0.2442622950819672,0.452887537993921,1.4540073588225884,1.0,0.07626981994087612,1.2584699453551913,0.6778284649740859,0.4027027027027027,0.20538428137212336,0.6185490321548552
"['fight club (1999)', 'matrix, the (1999)']","['shawshank redemption, the (1994)']",0.29508196721311475,0.519672131147541,0.22295081967213115,0.7555555555555555,1.4539081668419207,1.0,0.069604944907283,1.964977645305514,0.4428864569083448,0.3767313019390582,0.4910883579825559,0.5922888187872415
"['shawshank redemption, the (1994)']","['fight club (1999)', 'matrix, the (1999)']",0.519672131147541,0.29508196721311475,0.22295081967213115,0.42902208201892744,1.4539081668419207,1.0,0.069604944907283,1.2345802010687439,0.6499698855651476,0.3767313019390582,0.19000806984080404,0.5922888187872415
['pulp fiction (1994)'],['american beauty (1999)'],0.5032786885245901,0.3344262295081967,0.2442622950819672,0.48534201954397393,1.4512678035383535,1.0,0.07595270088685838,1.2932351110188836,0.6259995127029482,0.41160220994475133,0.22674539882222686,0.6078670882033594
['american beauty (1999)'],['pulp fiction (1994)'],0.3344262295081967,0.5032786885245901,0.2442622950819672,0.7303921568627451,1.4512678035383535,1.0,0.07595270088685838,1.8423845007451563,0.4671868284457964,0.41160220994475133,0.45722513427813366,0.6078670882033594
"['sixth sense, the (1999)']",['forrest gump (1994)'],0.2934426229508197,0.5393442622950819,0.22950819672131148,0.7821229050279329,1.450136693212885,1.0,0.07124160171996777,2.114291719209752,0.4393271461716939,0.3804347826086957,0.5270283703453348,0.603827409960775
['forrest gump (1994)'],"['sixth sense, the (1999)']",0.5393442622950819,0.2934426229508197,0.22950819672131148,0.4255319148936171,1.450136693212885,1.0,0.07124160171996777,1.2299332119004251,0.6738434163701068,0.3804347826086957,0.1869477217751889,0.603827409960775
"['star wars: episode v - the empire strikes back (1980)', 'star wars: episode iv - a new hope (1977)']","['silence of the lambs, the (1991)']",0.3114754098360656,0.45737704918032784,0.20655737704918034,0.6631578947368422,1.4499151103565366,1.0,0.06409567320612741,1.6109118852459021,0.4506802721088437,0.3673469387755102,0.37923358244553995,0.5573853989813243
"['silence of the lambs, the (1991)']","['star wars: episode v - the empire strikes back (1980)', 'star wars: episode iv - a new hope (1977)']",0.45737704918032784,0.3114754098360656,0.20655737704918034,0.4516129032258065,1.4499151103565366,1.0,0.06409567320612741,1.2555448408871746,0.5718601640051794,0.3673469387755102,0.20353302611367133,0.5573853989813243
['forrest gump (1994)'],['true lies (1994)'],0.5393442622950819,0.29180327868852457,0.2278688524590164,0.4224924012158055,1.4478672176496707,1.0,0.07048642837946792,1.2262985332182919,0.6714969661281653,0.37771739130434795,0.18453788134639204,0.60169563881015
['true lies (1994)'],['forrest gump (1994)'],0.29180327868852457,0.5393442622950819,0.2278688524590164,0.7808988764044944,1.4478672176496705,1.0,0.07048642837946792,2.102480033627575,0.4367839062083668,0.37771739130434795,0.5243712263585111,0.60169563881015
"['silence of the lambs, the (1991)']",['apollo 13 (1995)'],0.45737704918032784,0.3295081967213115,0.2180327868852459,0.47670250896057353,1.4467091067957705,1.0,0.0673233001881215,1.2812822816079048,0.5690434545578449,0.38328530259365995,0.21953185932995073,0.5691970256245653
['apollo 13 (1995)'],"['silence of the lambs, the (1991)']",0.3295081967213115,0.45737704918032784,0.2180327868852459,0.6616915422885572,1.4467091067957702,1.0,0.0673233001881215,1.6039296046287368,0.4605217199477914,0.38328530259365995,0.37653124107558883,0.5691970256245653
"['silence of the lambs, the (1991)']","['godfather, the (1972)']",0.45737704918032784,0.31475409836065577,0.2081967213114754,0.4551971326164875,1.4461992234169654,1.0,0.06423542058586401,1.2577868852459013,0.5685943335632895,0.3691860465116279,0.20495275333985014,0.5583277329749103
"['godfather, the (1972)']","['silence of the lambs, the (1991)']",0.31475409836065577,0.45737704918032784,0.2081967213114754,0.6614583333333333,1.4461992234169652,1.0,0.06423542058586401,1.602824716267339,0.4502505368647101,0.3691860465116279,0.3761014602215507,0.5583277329749103
['apollo 13 (1995)'],"['shawshank redemption, the (1994)']",0.3295081967213115,0.519672131147541,0.24754098360655738,0.7512437810945274,1.4456110614121822,1.0,0.07630475678581028,1.9309180327868856,0.4597386615715929,0.4114441416893733,0.4821116261694939,0.6137922375504183
"['shawshank redemption, the (1994)']",['apollo 13 (1995)'],0.519672131147541,0.3295081967213115,0.24754098360655738,0.4763406940063092,1.445611061412182,1.0,0.07630475678581028,1.280396997827375,0.6417512374838958,0.4114441416893733,0.21899223311454424,0.6137922375504183
['terminator 2: judgment day (1991)'],"['silence of the lambs, the (1991)']",0.36721311475409835,0.45737704918032784,0.24262295081967214,0.6607142857142858,1.444572452636969,1.0,0.07466809997312554,1.5993097497842974,0.48634645007702026,0.4169014084507043,0.3747302546396204,0.5955901177675371
"['silence of the lambs, the (1991)']",['terminator 2: judgment day (1991)'],0.45737704918032784,0.36721311475409835,0.24262295081967214,0.5304659498207885,1.4445724526369688,1.0,0.07466809997312554,1.347691152546615,0.5671593043194254,0.4169014084507043,0.2579902315820752,0.5955901177675371
['pulp fiction (1994)'],['jurassic park (1993)'],0.5032786885245901,0.3901639344262295,0.2836065573770492,0.5635179153094464,1.4443106232721106,1.0,0.08724536414942224,1.397161732321997,0.6193174230717872,0.4650537634408603,0.28426324822247934,0.6452043358059838
['jurassic park (1993)'],['pulp fiction (1994)'],0.3901639344262295,0.5032786885245901,0.2836065573770492,0.7268907563025211,1.4443106232721103,1.0,0.08724536414942224,1.8187641866330397,0.5044440300826654,0.4650537634408603,0.4501761100479798,0.6452043358059838
"['silence of the lambs, the (1991)', 'shawshank redemption, the (1994)']",['forrest gump (1994)'],0.3262295081967213,0.5393442622950819,0.2540983606557377,0.7788944723618091,1.444150845412473,1.0,0.07814834721848968,2.0834202682563343,0.45646338591947266,0.41554959785522794,0.5200200289704753,0.6250095462112997
['forrest gump (1994)'],"['silence of the lambs, the (1991)', 'shawshank redemption, the (1994)']",0.5393442622950819,0.3262295081967213,0.2540983606557377,0.4711246200607903,1.4441508454124727,1.0,0.07814834721848968,1.2739683436970044,0.6676386178395134,0.41554959785522794,0.21505113926297345,0.6250095462112997
"[""schindler's list (1993)""]","['shawshank redemption, the (1994)']",0.36065573770491804,0.519672131147541,0.27049180327868855,0.75,1.443217665615142,1.0,0.08306906745498524,1.9213114754098362,0.4803418803418804,0.44354838709677424,0.4795221843003413,0.6352523659305994
"['shawshank redemption, the (1994)']","[""schindler's list (1993)""]",0.519672131147541,0.36065573770491804,0.27049180327868855,0.5205047318611988,1.443217665615142,1.0,0.08306906745498524,1.3333692838654017,0.6393629124004552,0.44354838709677424,0.2500202216290546,0.6352523659305994
"['star wars: episode iv - a new hope (1977)', 'forrest gump (1994)']","['shawshank redemption, the (1994)']",0.26885245901639343,0.519672131147541,0.20163934426229507,0.75,1.443217665615142,1.0,0.061924213920988985,1.9213114754098362,0.42002989536621826,0.34357541899441335,0.4795221843003413,0.569006309148265
"['shawshank redemption, the (1994)']","['star wars: episode iv - a new hope (1977)', 'forrest gump (1994)']",0.519672131147541,0.26885245901639343,0.20163934426229507,0.38801261829652994,1.4432176656151419,1.0,0.061924213920988985,1.1947101571742438,0.6393629124004552,0.34357541899441335,0.16297689946386384,0.569006309148265
['jurassic park (1993)'],"['silence of the lambs, the (1991)']",0.3901639344262295,0.45737704918032784,0.2573770491803279,0.6596638655462186,1.4422758350652092,1.0,0.0789250201558721,1.5943736085812594,0.5028422710773237,0.4361111111111112,0.37279443499454185,0.6111939399415681
"['silence of the lambs, the (1991)']",['jurassic park (1993)'],0.45737704918032784,0.3901639344262295,0.2573770491803279,0.5627240143369177,1.4422758350652092,1.0,0.0789250201558721,1.3946251007793606,0.5651278696095601,0.4361111111111112,0.28296142135892416,0.6111939399415681
"['star wars: episode v - the empire strikes back (1980)', 'star wars: episode vi - return of the jedi (1983)']",['forrest gump (1994)'],0.26557377049180325,0.5393442622950819,0.20655737704918034,0.7777777777777779,1.4420803782505913,1.0,0.06332168771835531,2.0729508196721325,0.41741071428571447,0.3452054794520548,0.5175958877026496,0.5803782505910167
['forrest gump (1994)'],"['star wars: episode v - the empire strikes back (1980)', 'star wars: episode vi - return of the jedi (1983)']",0.5393442622950819,0.26557377049180325,0.20655737704918034,0.3829787234042554,1.4420803782505913,1.0,0.06332168771835531,1.1902769926512156,0.6654804270462635,0.3452054794520548,0.15985942249240134,0.5803782505910167
['fight club (1999)'],['pulp fiction (1994)'],0.35737704918032787,0.5032786885245901,0.25901639344262295,0.7247706422018348,1.440098018707229,1.0,0.07915614082235958,1.8047540983606558,0.475555412038233,0.43051771117166215,0.4459078935416478,0.6197143113289305
['pulp fiction (1994)'],['fight club (1999)'],0.5032786885245901,0.35737704918032787,0.25901639344262295,0.5146579804560261,1.440098018707229,1.0,0.07915614082235958,1.3240620530311367,0.6152400050131596,0.43051771117166215,0.24474838795453036,0.6197143113289305
['braveheart (1995)'],"[""schindler's list (1993)""]",0.3885245901639344,0.36065573770491804,0.20163934426229507,0.5189873417721519,1.4390103567318757,1.0,0.06151572158022037,1.32916307161346,0.49892107500163474,0.3682634730538921,0.2476468679000324,0.5390391254315305
"[""schindler's list (1993)""]",['braveheart (1995)'],0.36065573770491804,0.3885245901639344,0.20163934426229507,0.5590909090909091,1.4390103567318757,1.0,0.06151572158022037,1.3868514449890146,0.4771732332707942,0.3682634730538921,0.27894223738727764,0.5390391254315305
"['shawshank redemption, the (1994)']","['pulp fiction (1994)', 'matrix, the (1999)']",0.519672131147541,0.29180327868852457,0.2180327868852459,0.41955835962145116,1.4378123560060967,1.0,0.06639075517334053,1.2200997861724878,0.633939798301214,0.36740331491712713,0.1803949059469565,0.5833746854287032
"['pulp fiction (1994)', 'matrix, the (1999)']","['shawshank redemption, the (1994)']",0.29180327868852457,0.519672131147541,0.2180327868852459,0.7471910112359551,1.4378123560060967,1.0,0.06639075517334053,1.899963570127505,0.42996379838485116,0.36740331491712713,0.47367411895540146,0.5833746854287032
"['shawshank redemption, the (1994)']","['terminator 2: judgment day (1991)', 'forrest gump (1994)']",0.519672131147541,0.2786885245901639,0.2081967213114754,0.40063091482649843,1.4375579884950827,1.0,0.06337006181134106,1.2034512510785158,0.6336835881862892,0.35277777777777775,0.1690564955549183,0.5738448691779551
"['terminator 2: judgment day (1991)', 'forrest gump (1994)']","['shawshank redemption, the (1994)']",0.2786885245901639,0.519672131147541,0.2081967213114754,0.7470588235294118,1.4375579884950827,1.0,0.06337006181134106,1.8989706443004195,0.4219756621331426,0.35277777777777775,0.4733989158803454,0.5738448691779551
['batman (1989)'],['forrest gump (1994)'],0.30983606557377047,0.5393442622950819,0.23934426229508196,0.7724867724867726,1.4322703076502472,1.0,0.07223595807578609,2.0247426610751056,0.43729866918296295,0.39247311827957,0.5061100755050935,0.6081278847236294
['forrest gump (1994)'],['batman (1989)'],0.5393442622950819,0.30983606557377047,0.23934426229508196,0.44376899696048633,1.432270307650247,1.0,0.07223595807578609,1.240786526919287,0.6551698922634427,0.39247311827957,0.19405959179547902,0.6081278847236294
['forrest gump (1994)'],['braveheart (1995)'],0.5393442622950819,0.3885245901639344,0.3,0.5562310030395137,1.4316494171059213,1.0,0.09045149153453375,1.377913766000449,0.6545125721953212,0.47780678851174935,0.27426517923352106,0.6641914508868454
['braveheart (1995)'],['forrest gump (1994)'],0.3885245901639344,0.5393442622950819,0.3,0.7721518987341772,1.4316494171059213,1.0,0.09045149153453375,2.0217668488160294,0.49307783588977294,0.47780678851174935,0.5053831253660075,0.6641914508868454
"['silence of the lambs, the (1991)']","['matrix, the (1999)', 'forrest gump (1994)']",0.45737704918032784,0.3180327868852459,0.2081967213114754,0.4551971326164875,1.4312899530724608,1.0,0.06273582370330558,1.2517687661777392,0.5553203130575447,0.3670520231213873,0.20113041080783023,0.5549181539371097
"['matrix, the (1999)', 'forrest gump (1994)']","['silence of the lambs, the (1991)']",0.3180327868852459,0.45737704918032784,0.2081967213114754,0.654639175257732,1.4312899530724605,1.0,0.06273582370330558,1.571176902373379,0.4418534221683829,0.3670520231213873,0.3635344317438565,0.5549181539371097
['saving private ryan (1998)'],"['silence of the lambs, the (1991)']",0.3081967213114754,0.45737704918032784,0.20163934426229507,0.6542553191489362,1.4304506977808282,1.0,0.06067723730180058,1.5694325346784366,0.43497861518899544,0.35755813953488363,0.36282702320498816,0.5475577671013498
"['silence of the lambs, the (1991)']",['saving private ryan (1998)'],0.45737704918032784,0.3081967213114754,0.20163934426229507,0.44086021505376344,1.4304506977808282,1.0,0.06067723730180058,1.2372635561160155,0.5545648809962419,0.35755813953488363,0.19176476583600874,0.5475577671013498
['fight club (1999)'],"['shawshank redemption, the (1994)']",0.35737704918032787,0.519672131147541,0.26557377049180325,0.7431192660550457,1.4299771365728011,1.0,0.07985487772104272,1.8698477751756433,0.4679075333837238,0.4343163538873995,0.46519710680402016,0.627080137759384
"['shawshank redemption, the (1994)']",['fight club (1999)'],0.519672131147541,0.35737704918032787,0.26557377049180325,0.5110410094637223,1.4299771365728011,1.0,0.07985487772104272,1.3142675832892647,0.6260059832301015,0.4343163538873995,0.23911993819609853,0.627080137759384
['star wars: episode iv - a new hope (1977)'],['jurassic park (1993)'],0.41147540983606556,0.3901639344262295,0.22950819672131148,0.5577689243027889,1.429575814389501,1.0,0.0689653319000269,1.3789986708019497,0.5105849582172703,0.4011461318051576,0.27483613931371303,0.573002109210218
['jurassic park (1993)'],['star wars: episode iv - a new hope (1977)'],0.3901639344262295,0.41147540983606556,0.22950819672131148,0.5882352941176471,1.429575814389501,1.0,0.0689653319000269,1.4292740046838408,0.4927419354838712,0.4011461318051576,0.3003440930689825,0.573002109210218
['forrest gump (1994)'],['aladdin (1992)'],0.5393442622950819,0.3,0.23114754098360657,0.4285714285714286,1.4285714285714288,1.0,0.069344262295082,1.225,0.6512455516014237,0.38005390835579517,0.18367346938775517,0.5995316159250585
['aladdin (1992)'],['forrest gump (1994)'],0.3,0.5393442622950819,0.23114754098360657,0.7704918032786886,1.4285714285714288,1.0,0.069344262295082,2.007142857142858,0.42857142857142877,0.38005390835579517,0.5017793594306053,0.5995316159250585
['forrest gump (1994)'],"['lord of the rings: the two towers, the (2002)', 'lord of the rings: the return of the king, the (2003)']",0.5393442622950819,0.2639344262295082,0.20327868852459016,0.37689969604863227,1.4280050595631408,1.0,0.06092717011556034,1.1812954818072772,0.6506428653426702,0.33879781420765026,0.15347174741573652,0.5735430157261795
"['lord of the rings: the two towers, the (2002)', 'lord of the rings: the return of the king, the (2003)']",['forrest gump (1994)'],0.2639344262295082,0.5393442622950819,0.20327868852459016,0.7701863354037267,1.4280050595631408,1.0,0.06092717011556034,2.004474966770049,0.4071952008046556,0.33879781420765026,0.5011162441148517,0.5735430157261795
['seven (a.k.a. se7en) (1995)'],"['matrix, the (1999)']",0.33278688524590166,0.4557377049180328,0.21639344262295082,0.6502463054187192,1.426799447141794,1.0,0.06472991131416286,1.5561302239667512,0.4483284937830393,0.37822349570200575,0.35738025995608047,0.5625332246518057
"['matrix, the (1999)']",['seven (a.k.a. se7en) (1995)'],0.4557377049180328,0.33278688524590166,0.21639344262295082,0.4748201438848921,1.4267994471417937,1.0,0.06472991131416286,1.2704468897372554,0.5496075209930632,0.37822349570200575,0.2128753999257596,0.5625332246518057
['pulp fiction (1994)'],"['lion king, the (1994)']",0.5032786885245901,0.2819672131147541,0.20163934426229507,0.4006514657980456,1.4209150821907433,1.0,0.059731255038968034,1.1980220955096221,0.5963669537685476,0.34550561797752805,0.1652908541936252,0.5578838724339065
"['lion king, the (1994)']",['pulp fiction (1994)'],0.2819672131147541,0.5032786885245901,0.20163934426229507,0.7151162790697674,1.420915082190743,1.0,0.059731255038968034,1.7435931749749078,0.4125552214426255,0.34550561797752805,0.4264717169391357,0.5578838724339065
"['lord of the rings: the return of the king, the (2003)']","['shawshank redemption, the (1994)']",0.30327868852459017,0.519672131147541,0.22295081967213115,0.7351351351351352,1.414613351521869,1.0,0.06534533727492611,1.8134827701572436,0.42067474048442915,0.37158469945355194,0.4485748547181995,0.5820786085770313
"['shawshank redemption, the (1994)']","['lord of the rings: the return of the king, the (2003)']",0.519672131147541,0.30327868852459017,0.22295081967213115,0.42902208201892744,1.4146133515218688,1.0,0.06534533727492611,1.2202246173353863,0.6101937361975508,0.37158469945355194,0.18047875301540173,0.5820786085770313
"['star wars: episode v - the empire strikes back (1980)', 'matrix, the (1999)']",['pulp fiction (1994)'],0.2836065573770492,0.5032786885245901,0.20163934426229507,0.7109826589595375,1.412701700212762,1.0,0.05890620800859983,1.7186557377049176,0.40778776208814715,0.34453781512605036,0.41814990747629666,0.5558170623787916
['pulp fiction (1994)'],"['star wars: episode v - the empire strikes back (1980)', 'matrix, the (1999)']",0.5032786885245901,0.2836065573770492,0.20163934426229507,0.4006514657980456,1.4127017002127618,1.0,0.05890620800859983,1.1952868852459015,0.5881295446617831,0.34453781512605036,0.16338076461512085,0.5558170623787916
"['shawshank redemption, the (1994)']",['seven (a.k.a. se7en) (1995)'],0.519672131147541,0.33278688524590166,0.2442622950819672,0.47003154574132494,1.4124100635576757,1.0,0.07132222520827733,1.2589676034348163,0.6078979316031792,0.40161725067385434,0.20569838550911107,0.602010846762288
['seven (a.k.a. se7en) (1995)'],"['shawshank redemption, the (1994)']",0.33278688524590166,0.519672131147541,0.2442622950819672,0.7339901477832511,1.4124100635576757,1.0,0.07132222520827733,1.805676988463873,0.4376267664858269,0.40161725067385434,0.44619109265455015,0.602010846762288
['aladdin (1992)'],['pulp fiction (1994)'],0.3,0.5032786885245901,0.21311475409836064,0.7103825136612022,1.4115092290988058,1.0,0.06213114754098362,1.7150943396226417,0.4164835164835166,0.3611111111111111,0.416941694169417,0.566917641195422
"['star wars: episode iv - a new hope (1977)', 'matrix, the (1999)']",['pulp fiction (1994)'],0.3,0.5032786885245901,0.21311475409836064,0.7103825136612022,1.4115092290988058,1.0,0.06213114754098362,1.7150943396226417,0.4164835164835166,0.3611111111111111,0.416941694169417,0.566917641195422
['pulp fiction (1994)'],"['star wars: episode iv - a new hope (1977)', 'matrix, the (1999)']",0.5032786885245901,0.3,0.21311475409836064,0.4234527687296417,1.4115092290988058,1.0,0.06213114754098362,1.2141242937853105,0.586925615638487,0.3611111111111111,0.1763610981852025,0.566917641195422
['pulp fiction (1994)'],['aladdin (1992)'],0.5032786885245901,0.3,0.21311475409836064,0.4234527687296417,1.4115092290988058,1.0,0.06213114754098362,1.2141242937853105,0.586925615638487,0.3611111111111111,0.1763610981852025,0.566917641195422
"['matrix, the (1999)']",['terminator 2: judgment day (1991)'],0.4557377049180328,0.36721311475409835,0.2360655737704918,0.5179856115107914,1.4105858170606373,1.0,0.06871271163665682,1.3127966723758258,0.5348058902275771,0.40223463687150834,0.23826741715435942,0.5804213771839671
['terminator 2: judgment day (1991)'],"['matrix, the (1999)']",0.36721311475409835,0.4557377049180328,0.2360655737704918,0.6428571428571429,1.4105858170606373,1.0,0.06871271163665682,1.5239344262295085,0.4599884858952217,0.40223463687150834,0.343803786574871,0.5804213771839671
"['usual suspects, the (1995)', 'shawshank redemption, the (1994)']",['forrest gump (1994)'],0.26721311475409837,0.5393442622950819,0.20327868852459016,0.7607361963190183,1.4104835250899734,1.0,0.059158828271969915,1.9253047498949136,0.3971458468644008,0.3369565217391305,0.48060170731174806,0.5688179461838253
['forrest gump (1994)'],"['usual suspects, the (1995)', 'shawshank redemption, the (1994)']",0.5393442622950819,0.26721311475409837,0.20327868852459016,0.37689969604863227,1.4104835250899734,1.0,0.059158828271969915,1.176033586565374,0.6317586959017336,0.3369565217391305,0.14968414897016932,0.5688179461838253
"['silence of the lambs, the (1991)', 'pulp fiction (1994)']","['matrix, the (1999)']",0.33934426229508197,0.4557377049180328,0.2180327868852459,0.6425120772946861,1.409828658812081,1.0,0.06338081160978232,1.5224634470536114,0.4400082091083789,0.37784090909090917,0.3431697805715618,0.5604646717408682
"['matrix, the (1999)']","['silence of the lambs, the (1991)', 'pulp fiction (1994)']",0.4557377049180328,0.33934426229508197,0.2180327868852459,0.4784172661870504,1.4098286588120807,1.0,0.06338081160978232,1.2666365178066705,0.5341063502128816,0.37784090909090917,0.21050752450149066,0.5604646717408682
['forrest gump (1994)'],['terminator 2: judgment day (1991)'],0.5393442622950819,0.36721311475409835,0.2786885245901639,0.5167173252279635,1.4071320017368651,1.0,0.08063423810803547,1.3093514795339727,0.6280929453631985,0.44386422976501305,0.23626313054160045,0.6378229483282675
['terminator 2: judgment day (1991)'],['forrest gump (1994)'],0.36721311475409835,0.5393442622950819,0.2786885245901639,0.7589285714285714,1.407132001736865,1.0,0.08063423810803547,1.9108682452944747,0.4572386467540384,0.44386422976501305,0.4766776817488561,0.6378229483282675
"['lord of the rings: the fellowship of the ring, the (2001)', 'lord of the rings: the return of the king, the (2003)']",['forrest gump (1994)'],0.27049180327868855,0.5393442622950819,0.20491803278688525,0.7575757575757576,1.4046237450492771,1.0,0.05902983069067455,1.9002049180327871,0.39487640449438205,0.3387533875338754,0.47374096840289015,0.5687574836511007
['forrest gump (1994)'],"['lord of the rings: the fellowship of the ring, the (2001)', 'lord of the rings: the return of the king, the (2003)']",0.5393442622950819,0.27049180327868855,0.20491803278688525,0.3799392097264438,1.404623745049277,1.0,0.05902983069067455,1.176510768241723,0.6253380782918149,0.3387533875338754,0.15002902906321505,0.5687574836511007
['forrest gump (1994)'],"['lord of the rings: the return of the king, the (2003)']",0.5393442622950819,0.30327868852459017,0.22950819672131148,0.4255319148936171,1.4031052328924671,1.0,0.06593657618919646,1.2128111718275654,0.6236654804270463,0.3743315508021391,0.17546933667083864,0.5911443358251869
"['lord of the rings: the return of the king, the (2003)']",['forrest gump (1994)'],0.30327868852459017,0.5393442622950819,0.22950819672131148,0.7567567567567568,1.4031052328924671,1.0,0.06593657618919646,1.8938069216757747,0.41235294117647064,0.3743315508021391,0.4719630662691162,0.5911443358251869
"['matrix, the (1999)']","['pulp fiction (1994)', 'forrest gump (1994)']",0.4557377049180328,0.3770491803278688,0.24098360655737705,0.5287769784172662,1.4024085079762278,1.0,0.06914807847352863,1.3219872356400952,0.5272108843537416,0.407202216066482,0.24356304430140108,0.5839537065999375
"['pulp fiction (1994)', 'forrest gump (1994)']","['matrix, the (1999)']",0.3770491803278688,0.4557377049180328,0.24098360655737705,0.6391304347826088,1.4024085079762278,1.0,0.06914807847352863,1.5081967213114758,0.4606158252774795,0.407202216066482,0.3369565217391306,0.5839537065999375
"['silence of the lambs, the (1991)', 'forrest gump (1994)']","['matrix, the (1999)']",0.3262295081967213,0.4557377049180328,0.2081967213114754,0.6381909547738693,1.4003470590361882,1.0,0.05952163396936308,1.5042805100182148,0.42431557369197465,0.36285714285714277,0.33523036871102496,0.547512743573985
"['matrix, the (1999)']","['silence of the lambs, the (1991)', 'forrest gump (1994)']",0.4557377049180328,0.3262295081967213,0.2081967213114754,0.4568345323741007,1.4003470590361882,1.0,0.05952163396936308,1.2404516339159704,0.5252822312873542,0.36285714285714277,0.1938420066866215,0.547512743573985
"['shawshank redemption, the (1994)']","['jurassic park (1993)', 'forrest gump (1994)']",0.519672131147541,0.32459016393442625,0.2360655737704918,0.45425867507886436,1.3994837969601377,1.0,0.06738511152915883,1.2376006822704446,0.5942832764505118,0.3881401617250674,0.191984931548804,0.5907657011757959
"['jurassic park (1993)', 'forrest gump (1994)']","['shawshank redemption, the (1994)']",0.32459016393442625,0.519672131147541,0.2360655737704918,0.7272727272727273,1.3994837969601377,1.0,0.06738511152915883,1.7612021857923499,0.42263349514563103,0.3881401617250674,0.432206019236736,0.5907657011757959
"['silence of the lambs, the (1991)']",['star wars: episode v - the empire strikes back (1980)'],0.45737704918032784,0.34590163934426227,0.22131147540983606,0.4838709677419355,1.3988686745146004,1.0,0.06310400429991939,1.267315573770492,0.5254783484390736,0.38028169014084506,0.21093055218691895,0.56184069714111
['star wars: episode v - the empire strikes back (1980)'],"['silence of the lambs, the (1991)']",0.34590163934426227,0.45737704918032784,0.22131147540983606,0.6398104265402844,1.3988686745146004,1.0,0.06310400429991939,1.5064926660914584,0.4359231411862991,0.38028169014084506,0.3362065262524879,0.56184069714111
['forrest gump (1994)'],"['star wars: episode vi - return of the jedi (1983)', 'star wars: episode iv - a new hope (1977)']",0.5393442622950819,0.28688524590163933,0.21639344262295082,0.4012158054711247,1.3985236647850632,1.0,0.06166353130878799,1.1909378380627447,0.6185970020489595,0.3548387096774194,0.160325612269853,0.5777507598784195
"['star wars: episode vi - return of the jedi (1983)', 'star wars: episode iv - a new hope (1977)']",['forrest gump (1994)'],0.28688524590163933,0.5393442622950819,0.21639344262295082,0.7542857142857143,1.3985236647850632,1.0,0.06166353130878799,1.8747617232176903,0.3995994427028911,0.3548387096774194,0.46659888154550094,0.5777507598784195
"['matrix, the (1999)']","['shawshank redemption, the (1994)', 'forrest gump (1994)']",0.4557377049180328,0.37868852459016394,0.24098360655737705,0.5287769784172662,1.3963374754741662,1.0,0.06840096748185973,1.318508321862095,0.5215146299483651,0.4060773480662983,0.24156716842884535,0.5825703073904513
"['shawshank redemption, the (1994)', 'forrest gump (1994)']","['matrix, the (1999)']",0.37868852459016394,0.4557377049180328,0.24098360655737705,0.6363636363636364,1.3963374754741662,1.0,0.06840096748185973,1.4967213114754099,0.45684131172257825,0.4060773480662983,0.33187294633077763,0.5825703073904513
['forrest gump (1994)'],"['lord of the rings: the fellowship of the ring, the (2001)', 'lord of the rings: the two towers, the (2002)']",0.5393442622950819,0.2721311475409836,0.20491803278688525,0.3799392097264438,1.396162156223679,1.0,0.05814565976887934,1.173866923818708,0.6159715302491103,0.3378378378378379,0.14811468002957368,0.5664756289596075
"['lord of the rings: the fellowship of the ring, the (2001)', 'lord of the rings: the two towers, the (2002)']",['forrest gump (1994)'],0.2721311475409836,0.5393442622950819,0.20491803278688525,0.7530120481927711,1.396162156223679,1.0,0.05814565976887934,1.8650939624150344,0.3898378378378379,0.3378378378378379,0.46383398362131817,0.5664756289596075
['shrek (2001)'],['forrest gump (1994)'],0.2786885245901639,0.5393442622950819,0.2098360655737705,0.7529411764705883,1.396030752726623,1.0,0.05952700886858375,1.864558938329431,0.3932883522727275,0.3450134770889488,0.46368013397529856,0.5709994636152333
['forrest gump (1994)'],['shrek (2001)'],0.5393442622950819,0.2786885245901639,0.2098360655737705,0.3890577507598785,1.396030752726623,1.0,0.05952700886858375,1.1806541065165974,0.6158251779359435,0.3450134770889488,0.1530118817352861,0.5709994636152333
"['shawshank redemption, the (1994)']",['pulp fiction (1994)'],0.519672131147541,0.5032786885245901,0.3639344262295082,0.7003154574132493,1.3915062834595509,1.0,0.102394517602795,1.657480586712684,0.5857546966761986,0.5522388059701494,0.396674683241195,0.7117212466219341
['pulp fiction (1994)'],"['shawshank redemption, the (1994)']",0.5032786885245901,0.519672131147541,0.3639344262295082,0.723127035830619,1.3915062834595509,1.0,0.102394517602795,1.7348312439729998,0.5664228585020666,0.5522388059701494,0.42357505753132285,0.7117212466219341
['forrest gump (1994)'],['pulp fiction (1994)'],0.5393442622950819,0.5032786885245901,0.3770491803278688,0.6990881458966566,1.3890676514558975,1.0,0.10560870733673744,1.650720317933433,0.6080303264737738,0.5665024630541872,0.3942038580757773,0.7241369068245498
['pulp fiction (1994)'],['forrest gump (1994)'],0.5032786885245901,0.5393442622950819,0.3770491803278688,0.749185667752443,1.3890676514558975,1.0,0.10560870733673744,1.8366404087715564,0.5638829100301335,0.5665024630541872,0.4555276061529902,0.7241369068245498
['braveheart (1995)'],"['silence of the lambs, the (1991)']",0.3885245901639344,0.45737704918032784,0.2459016393442623,0.6329113924050633,1.3837847647565902,1.0,0.06819940876108574,1.4781797625777278,0.4535656836461127,0.40983606557377056,0.32349229416038866,0.5852729005036069
"['silence of the lambs, the (1991)']",['braveheart (1995)'],0.45737704918032784,0.3885245901639344,0.2459016393442623,0.5376344086021505,1.38378476475659,1.0,0.06819940876108574,1.322493328250095,0.5111178247734139,0.40983606557377056,0.24385251808930783,0.5852729005036069
['forrest gump (1994)'],"[""schindler's list (1993)""]",0.5393442622950819,0.36065573770491804,0.26885245901639343,0.49848024316109424,1.3821497651284884,1.0,0.07433485622144584,1.2748137108792845,0.6002083152504122,0.425974025974026,0.215571662380173,0.6219673943078198
"[""schindler's list (1993)""]",['forrest gump (1994)'],0.36065573770491804,0.5393442622950819,0.26885245901639343,0.7454545454545454,1.3821497651284884,1.0,0.07433485622144584,1.8097189695550346,0.43245778611632263,0.425974025974026,0.4474280168230345,0.6219673943078198
['forrest gump (1994)'],"['usual suspects, the (1995)']",0.5393442622950819,0.3344262295081967,0.24918032786885247,0.4620060790273557,1.3814887657190538,1.0,0.06880945982262834,1.2371399462813746,0.5994568271211838,0.3989501312335958,0.19168401036129795,0.603552059121521
"['usual suspects, the (1995)']",['forrest gump (1994)'],0.3344262295081967,0.5393442622950819,0.24918032786885247,0.7450980392156863,1.3814887657190538,1.0,0.06880945982262834,1.8071878940731403,0.41489499611096725,0.3989501312335958,0.44665410648245074,0.603552059121521
['gladiator (2000)'],['forrest gump (1994)'],0.2786885245901639,0.5393442622950819,0.20655737704918034,0.7411764705882354,1.3742177722152695,1.0,0.0562483203439936,1.7798062593144572,0.3775252525252528,0.33780160857908853,0.43814109273602714,0.5620775969962454
['forrest gump (1994)'],['gladiator (2000)'],0.5393442622950819,0.2786885245901639,0.20655737704918034,0.3829787234042554,1.3742177722152693,1.0,0.0562483203439936,1.1690220463538725,0.5911427441676557,0.33780160857908853,0.14458413926499042,0.5620775969962454
['fight club (1999)'],"['silence of the lambs, the (1991)']",0.35737704918032787,0.45737704918032784,0.22459016393442624,0.6284403669724771,1.3740094044917959,1.0,0.06113410373555497,1.4603926330702288,0.4235811112766275,0.3805555555555556,0.31525264003991244,0.5597398967478873
"['silence of the lambs, the (1991)']",['fight club (1999)'],0.45737704918032784,0.35737704918032787,0.22459016393442624,0.4910394265232975,1.3740094044917959,1.0,0.06113410373555497,1.262618332948511,0.5016428870708096,0.3805555555555556,0.20799502596737623,0.5597398967478873
"['silence of the lambs, the (1991)']","['shawshank redemption, the (1994)']",0.45737704918032784,0.519672131147541,0.3262295081967213,0.7132616487455198,1.3725224155670885,1.0,0.08854340231120669,1.6751434426229512,0.5001897706052925,0.5012594458438288,0.4030361970469866,0.6705109505557252
"['shawshank redemption, the (1994)']","['silence of the lambs, the (1991)']",0.519672131147541,0.45737704918032784,0.3262295081967213,0.6277602523659306,1.3725224155670885,1.0,0.08854340231120669,1.4577243678799667,0.5650607988749209,0.5012594458438288,0.31399925662603523,0.6705109505557252
"['star wars: episode v - the empire strikes back (1980)', 'star wars: episode iv - a new hope (1977)']",['pulp fiction (1994)'],0.3114754098360656,0.5032786885245901,0.21475409836065573,0.6894736842105262,1.3699639979427396,1.0,0.05799516259070142,1.5996110030564044,0.3922210105416212,0.35792349726775957,0.3748480111169011,0.558091890965198
['pulp fiction (1994)'],"['star wars: episode v - the empire strikes back (1980)', 'star wars: episode iv - a new hope (1977)']",0.5032786885245901,0.3114754098360656,0.21475409836065573,0.42671009771986973,1.3699639979427396,1.0,0.05799516259070142,1.2010059612518629,0.5436726878794749,0.35792349726775957,0.16736466573600126,0.558091890965198
"['fugitive, the (1993)']","['shawshank redemption, the (1994)']",0.3114754098360656,0.519672131147541,0.22131147540983606,0.7105263157894737,1.3672588411090818,1.0,0.05944638538027411,1.6593144560357675,0.3901234567901234,0.3629032258064516,0.39734147655828994,0.5681969118379545
"['shawshank redemption, the (1994)']","['fugitive, the (1993)']",0.519672131147541,0.3114754098360656,0.22131147540983606,0.42586750788643535,1.3672588411090818,1.0,0.05944638538027411,1.1992433795712485,0.5592213373783338,0.3629032258064516,0.16614090431125134,0.5681969118379545
"['godfather, the (1972)']",['pulp fiction (1994)'],0.31475409836065577,0.5032786885245901,0.21639344262295082,0.6875,1.366042345276873,1.0,0.05798441279226016,1.5895081967213116,0.3910395824271423,0.35967302452316074,0.3708745874587459,0.5587337133550488
['pulp fiction (1994)'],"['godfather, the (1972)']",0.5032786885245901,0.31475409836065577,0.21639344262295082,0.42996742671009774,1.3660423452768728,1.0,0.05798441279226016,1.202117096018735,0.5394539453945395,0.35967302452316074,0.16813428299798952,0.5587337133550488
['pulp fiction (1994)'],"[""schindler's list (1993)""]",0.5032786885245901,0.36065573770491804,0.24754098360655738,0.49185667752443,1.3637844240450105,1.0,0.06603063692555766,1.2581967213114755,0.537013966297292,0.40159574468085113,0.20521172638436486,0.5891101569440332
"[""schindler's list (1993)""]",['pulp fiction (1994)'],0.36065573770491804,0.5032786885245901,0.24754098360655738,0.6863636363636364,1.3637844240450105,1.0,0.06603063692555766,1.5837491090520317,0.4172185430463577,0.40159574468085113,0.3685868586858687,0.5891101569440332
"['star wars: episode v - the empire strikes back (1980)', 'matrix, the (1999)']",['forrest gump (1994)'],0.2836065573770492,0.5393442622950819,0.2081967213114754,0.7341040462427745,1.3611047665899467,1.0,0.05523515184090297,1.7324661439771913,0.37033099695490007,0.33866666666666667,0.42278814308929696,0.5600611416624207
['forrest gump (1994)'],"['star wars: episode v - the empire strikes back (1980)', 'matrix, the (1999)']",0.5393442622950819,0.2836065573770492,0.2081967213114754,0.3860182370820669,1.3611047665899467,1.0,0.05523515184090297,1.166799220905697,0.5759240059405384,0.33866666666666667,0.1429545185813748,0.5600611416624207
['saving private ryan (1998)'],['forrest gump (1994)'],0.3081967213114754,0.5393442622950819,0.2262295081967213,0.7340425531914894,1.3609907521179592,1.0,0.06000537489922064,1.732065573770492,0.38340545367126866,0.3641160949868074,0.42265465283561754,0.5767477203647416
['forrest gump (1994)'],['saving private ryan (1998)'],0.5393442622950819,0.3081967213114754,0.2262295081967213,0.4194528875379939,1.360990752117959,1.0,0.06000537489922064,1.1916402025577204,0.5757903966166382,0.3641160949868074,0.16082052464022817,0.5767477203647416
['star wars: episode vi - return of the jedi (1983)'],"['silence of the lambs, the (1991)']",0.32131147540983607,0.45737704918032784,0.2,0.6224489795918368,1.3609099553800017,1.0,0.05303950550927172,1.4372175454142668,0.39074998020115637,0.3456090651558074,0.3042111104260436,0.5298624826274596
"['silence of the lambs, the (1991)']",['star wars: episode vi - return of the jedi (1983)'],0.45737704918032784,0.32131147540983607,0.2,0.4372759856630825,1.3609099553800017,1.0,0.05303950550927172,1.2060770596220114,0.4887326036352832,0.3456090651558074,0.17086558274029065,0.5298624826274596
"['shawshank redemption, the (1994)']",['fargo (1996)'],0.519672131147541,0.2967213114754098,0.2098360655737705,0.4037854889589906,1.360824023563449,1.0,0.05563826928245097,1.1795732500650535,0.5520211177474403,0.34594594594594597,0.15223577684145517,0.5554839047004898
['fargo (1996)'],"['shawshank redemption, the (1994)']",0.2967213114754098,0.519672131147541,0.2098360655737705,0.707182320441989,1.360824023563449,1.0,0.05563826928245097,1.6403649860810399,0.3770214160839162,0.34594594594594597,0.3903795749816154,0.5554839047004898
['forrest gump (1994)'],['fight club (1999)'],0.5393442622950819,0.35737704918032787,0.26229508196721313,0.4863221884498481,1.360809793368841,1.0,0.06954582101585599,1.2510233776311963,0.5755782918149468,0.41343669250646004,0.20065442590410035,0.6101335712891442
['fight club (1999)'],['forrest gump (1994)'],0.35737704918032787,0.5393442622950819,0.26229508196721313,0.7339449541284404,1.360809793368841,1.0,0.06954582101585599,1.7314301865460717,0.41259566326530633,0.41343669250646004,0.42244278298344723,0.6101335712891442
['independence day (a.k.a. id4) (1996)'],['forrest gump (1994)'],0.33114754098360655,0.5393442622950819,0.24262295081967214,0.7326732673267328,1.3584519546179545,1.0,0.06402042461703847,1.7231936854887682,0.3945084790673028,0.3864229765013055,0.41968218174130606,0.5912606458214211
['forrest gump (1994)'],['independence day (a.k.a. id4) (1996)'],0.5393442622950819,0.33114754098360655,0.24262295081967214,0.4498480243161095,1.3584519546179543,1.0,0.06402042461703847,1.215759442079522,0.5728094642685393,0.3864229765013055,0.17746885988437938,0.5912606458214211
"['pulp fiction (1994)', 'shawshank redemption, the (1994)']",['star wars: episode iv - a new hope (1977)'],0.3639344262295082,0.41147540983606556,0.20327868852459016,0.5585585585585585,1.3574530706004808,1.0,0.0535286213383499,1.333188357310137,0.41399235118057864,0.3553008595988539,0.24991844211899916,0.5262912314705144
['star wars: episode iv - a new hope (1977)'],"['pulp fiction (1994)', 'shawshank redemption, the (1994)']",0.41147540983606556,0.3639344262295082,0.20327868852459016,0.4940239043824701,1.3574530706004808,1.0,0.0535286213383499,1.257105976507035,0.447434630245305,0.3553008595988539,0.20452211771470816,0.5262912314705144
['braveheart (1995)'],"['shawshank redemption, the (1994)']",0.3885245901639344,0.519672131147541,0.27377049180327867,0.7046413502109704,1.3559344593965046,1.0,0.07186509002956193,1.6262529274004682,0.4292915509463646,0.4315245478036175,0.3850895004392217,0.6157276151685767
"['shawshank redemption, the (1994)']",['braveheart (1995)'],0.519672131147541,0.3885245901639344,0.27377049180327867,0.5268138801261829,1.3559344593965046,1.0,0.07186509002956193,1.2922513661202184,0.5465042611023686,0.4315245478036175,0.22615674765944124,0.6157276151685767
"['matrix, the (1999)']","['usual suspects, the (1995)']",0.4557377049180328,0.3344262295081967,0.20655737704918034,0.45323741007194246,1.3552687261955143,1.0,0.054146734748723474,1.2172993960310614,0.48164084911072874,0.35393258426966295,0.17850940922139139,0.535442234447736
"['usual suspects, the (1995)']","['matrix, the (1999)']",0.3344262295081967,0.4557377049180328,0.20655737704918034,0.6176470588235294,1.3552687261955143,1.0,0.054146734748723474,1.423455233291299,0.39385409336148264,0.35393258426966295,0.2974840538625089,0.535442234447736
"['sixth sense, the (1999)']",['pulp fiction (1994)'],0.2934426229508197,0.5032786885245901,0.2,0.6815642458100559,1.354248175713792,1.0,0.05231658156409569,1.5598792062122524,0.3702217488874521,0.33516483516483525,0.35892471928757136,0.5394791913089367
['pulp fiction (1994)'],"['sixth sense, the (1999)']",0.5032786885245901,0.2934426229508197,0.2,0.39739413680781766,1.3542481757137919,1.0,0.05231658156409569,1.1725033229951263,0.5266190553481579,0.33516483516483525,0.14712395232660966,0.5394791913089367
"['shawshank redemption, the (1994)']","['godfather, the (1972)']",0.519672131147541,0.31475409836065577,0.22131147540983606,0.42586750788643535,1.3530165615141956,1.0,0.057742542327331364,1.1935326968113853,0.5431930223739098,0.3609625668449198,0.16215114787254917,0.5644962539432177
"['godfather, the (1972)']","['shawshank redemption, the (1994)']",0.31475409836065577,0.519672131147541,0.22131147540983606,0.7031249999999999,1.3530165615141954,1.0,0.057742542327331364,1.6179465056082825,0.3807549175970229,0.3609625668449198,0.38193259385665507,0.5644962539432177
"['silence of the lambs, the (1991)']",['independence day (a.k.a. id4) (1996)'],0.45737704918032784,0.33114754098360655,0.20491803278688525,0.44802867383512546,1.3529578764328047,1.0,0.0534587476484816,1.2117521822439856,0.48077341389728107,0.351123595505618,0.17474875254761404,0.5334202775116221
['independence day (a.k.a. id4) (1996)'],"['silence of the lambs, the (1991)']",0.33114754098360655,0.45737704918032784,0.20491803278688525,0.6188118811881188,1.3529578764328047,1.0,0.0534587476484816,1.423504364487971,0.3900392156862746,0.351123595505618,0.2975083006790105,0.5334202775116221
['star wars: episode vi - return of the jedi (1983)'],['forrest gump (1994)'],0.32131147540983607,0.5393442622950819,0.23442622950819672,0.7295918367346939,1.3527386638545997,1.0,0.06112872883633433,1.7035570677389422,0.38420999290564517,0.37434554973821993,0.4129929551891931,0.5821211463308728
['forrest gump (1994)'],['star wars: episode vi - return of the jedi (1983)'],0.5393442622950819,0.32131147540983607,0.23442622950819672,0.4346504559270517,1.3527386638545997,1.0,0.06112872883633433,1.2004759386567954,0.5660602742453277,0.37434554973821993,0.16699704858816797,0.5821211463308728
['forrest gump (1994)'],"['shawshank redemption, the (1994)']",0.5393442622950819,0.519672131147541,0.37868852459016394,0.7021276595744682,1.351097389086516,1.0,0.09840634238108042,1.6125292740046846,0.5641108594845253,0.5566265060240965,0.3798562195918963,0.7154171420900732
"['shawshank redemption, the (1994)']",['forrest gump (1994)'],0.519672131147541,0.5393442622950819,0.37868852459016394,0.7287066246056783,1.351097389086516,1.0,0.09840634238108042,1.6979984750285935,0.5410073430551249,0.5566265060240965,0.41107132031837634,0.7154171420900732
['star wars: episode iv - a new hope (1977)'],"['silence of the lambs, the (1991)']",0.41147540983606556,0.45737704918032784,0.2540983606557377,0.6175298804780877,1.3501549358123064,1.0,0.065898951894652,1.4187329234972679,0.4406685236768804,0.4133333333333334,0.29514570118318273,0.5865427180168217
"['silence of the lambs, the (1991)']",['star wars: episode iv - a new hope (1977)'],0.45737704918032784,0.41147540983606556,0.2540983606557377,0.5555555555555556,1.3501549358123064,1.0,0.065898951894652,1.3241803278688526,0.47794561933534757,0.4133333333333334,0.24481584648715574,0.5865427180168217
"['matrix, the (1999)']",['independence day (a.k.a. id4) (1996)'],0.4557377049180328,0.33114754098360655,0.20327868852459016,0.4460431654676259,1.3469620343329298,1.0,0.05236226820747111,1.2074089844581648,0.4732802176447727,0.34831460674157305,0.17178022288051914,0.5299522758031199
['independence day (a.k.a. id4) (1996)'],"['matrix, the (1999)']",0.33114754098360655,0.4557377049180328,0.20327868852459016,0.6138613861386139,1.3469620343329296,1.0,0.05236226820747111,1.4094997898276587,0.3851201771030993,0.34831460674157305,0.290528450435405,0.5299522758031199
['saving private ryan (1998)'],['pulp fiction (1994)'],0.3081967213114754,0.5032786885245901,0.2081967213114754,0.675531914893617,1.3422621110264052,1.0,0.05308787960225747,1.5308787960225745,0.3685860357502706,0.34510869565217395,0.3467804227231233,0.5446063483262873
['pulp fiction (1994)'],['saving private ryan (1998)'],0.5032786885245901,0.3081967213114754,0.2081967213114754,0.41368078175895767,1.3422621110264052,1.0,0.05308787960225747,1.1799089253187613,0.513344247810608,0.34510869565217395,0.15247695941460704,0.5446063483262873
['true lies (1994)'],"['shawshank redemption, the (1994)']",0.29180327868852457,0.519672131147541,0.20327868852459016,0.6966292134831461,1.340516783043278,1.0,0.051636656812684784,1.583302975106254,0.3586842891278376,0.3342318059299192,0.36840894274648167,0.5438982029560842
"['shawshank redemption, the (1994)']",['true lies (1994)'],0.519672131147541,0.29180327868852457,0.20327868852459016,0.3911671924290221,1.340516783043278,1.0,0.051636656812684784,1.163203941221439,0.5288450952328527,0.3342318059299192,0.14030552634653584,0.5438982029560842
['forrest gump (1994)'],"['star wars: episode iv - a new hope (1977)', 'matrix, the (1999)']",0.5393442622950819,0.3,0.21639344262295082,0.4012158054711247,1.3373860182370823,1.0,0.054590163934426256,1.1690355329949238,0.5476383047557426,0.34736842105263155,0.1445940078158924,0.5612636404404804
"['star wars: episode iv - a new hope (1977)', 'matrix, the (1999)']",['forrest gump (1994)'],0.3,0.5393442622950819,0.21639344262295082,0.7213114754098361,1.3373860182370823,1.0,0.054590163934426256,1.6529411764705886,0.3603896103896106,0.34736842105263155,0.39501779359430617,0.5612636404404804
"['star wars: episode v - the empire strikes back (1980)', 'star wars: episode iv - a new hope (1977)']",['forrest gump (1994)'],0.3114754098360656,0.5393442622950819,0.22459016393442624,0.7210526315789474,1.3369060950247962,1.0,0.056597688793335155,1.6514073615836686,0.36600625651720564,0.3586387434554974,0.3944558906162204,0.568733002719565
['forrest gump (1994)'],"['star wars: episode v - the empire strikes back (1980)', 'star wars: episode iv - a new hope (1977)']",0.5393442622950819,0.3114754098360656,0.22459016393442624,0.4164133738601824,1.3369060950247962,1.0,0.056597688793335155,1.1798155737704918,0.5470556147232254,0.3586387434554974,0.1524099001302649,0.568733002719565
"['matrix, the (1999)']","[""schindler's list (1993)""]",0.4557377049180328,0.36065573770491804,0.21967213114754097,0.48201438848920863,1.3364944408109876,1.0,0.05530771298038159,1.234289617486339,0.4625966552778275,0.36813186813186805,0.18981737686773656,0.5455526487900588
"[""schindler's list (1993)""]","['matrix, the (1999)']",0.36065573770491804,0.4557377049180328,0.21967213114754097,0.609090909090909,1.3364944408109873,1.0,0.05530771298038159,1.3922988943957297,0.39380022962112493,0.36813186813186805,0.28176341730558585,0.5455526487900588
"['silence of the lambs, the (1991)']",['raiders of the lost ark (indiana jones and the raiders of the lost ark) (1981)'],0.45737704918032784,0.32786885245901637,0.2,0.4372759856630825,1.3336917562724018,1.0,0.050040311744154825,1.1944241411715573,0.46109652815610935,0.34173669467787116,0.1627764664743423,0.5236379928315413
['raiders of the lost ark (indiana jones and the raiders of the lost ark) (1981)'],"['silence of the lambs, the (1991)']",0.32786885245901637,0.45737704918032784,0.2,0.6100000000000001,1.3336917562724018,1.0,0.050040311744154825,1.3913408995376213,0.3722510995601761,0.34173669467787116,0.2812688821752268,0.5236379928315413
['toy story (1995)'],['forrest gump (1994)'],0.3524590163934426,0.5393442622950819,0.25245901639344265,0.7162790697674419,1.328055418109847,1.0,0.06236226820747115,1.6236226820747117,0.3814729574223248,0.39487179487179486,0.38409335429942915,0.5921820880752103
['forrest gump (1994)'],['toy story (1995)'],0.5393442622950819,0.3524590163934426,0.25245901639344265,0.4680851063829788,1.3280554181098467,1.0,0.06236226820747115,1.2173770491803277,0.5362342284050471,0.39487179487179486,0.1785618098572584,0.5921820880752103
['pulp fiction (1994)'],['independence day (a.k.a. id4) (1996)'],0.5032786885245901,0.33114754098360655,0.22131147540983606,0.4397394136807818,1.3279259522043412,1.0,0.05465197527546359,1.1938238658025162,0.4971519374159638,0.36096256684491984,0.16235549594430612,0.5540281226819751
['independence day (a.k.a. id4) (1996)'],['pulp fiction (1994)'],0.33114754098360655,0.5032786885245901,0.22131147540983606,0.6683168316831684,1.3279259522043412,1.0,0.05465197527546359,1.4975776853437732,0.3692084241103849,0.36096256684491984,0.33225500767898586,0.5540281226819751
"['shawshank redemption, the (1994)']","['star wars: episode iv - a new hope (1977)', 'matrix, the (1999)']",0.519672131147541,0.3,0.20655737704918034,0.39747634069400634,1.324921135646688,1.0,0.05065573770491805,1.1617801047120417,0.5105639525434749,0.33689839572192515,0.13925191527715194,0.5430004654289704
"['star wars: episode iv - a new hope (1977)', 'matrix, the (1999)']","['shawshank redemption, the (1994)']",0.3,0.519672131147541,0.20655737704918034,0.6885245901639345,1.324921135646688,1.0,0.05065573770491805,1.5421052631578953,0.3503401360544219,0.33689839572192515,0.35153583617747464,0.5430004654289704
"['silence of the lambs, the (1991)']",['forrest gump (1994)'],0.45737704918032784,0.5393442622950819,0.3262295081967213,0.7132616487455198,1.3224608077044593,1.0,0.07954582101585597,1.606536885245902,0.4493616116837967,0.4865525672371639,0.37754308090664446,0.6590624353150092
['forrest gump (1994)'],"['silence of the lambs, the (1991)']",0.5393442622950819,0.45737704918032784,0.3262295081967213,0.6048632218844985,1.322460807704459,1.0,0.07954582101585597,1.373253467843632,0.5293191938339384,0.4865525672371639,0.27180231223427215,0.6590624353150092
"['shawshank redemption, the (1994)']","['sixth sense, the (1999)']",0.519672131147541,0.2934426229508197,0.20163934426229507,0.38801261829652994,1.3222776377702976,1.0,0.049145391023918295,1.154529322291702,0.5074225144981824,0.3297587131367292,0.13384616510645767,0.5375817281426784
"['sixth sense, the (1999)']","['shawshank redemption, the (1994)']",0.2934426229508197,0.519672131147541,0.20163934426229507,0.6871508379888267,1.3222776377702974,1.0,0.049145391023918295,1.5353337236533953,0.34495312470526096,0.3297587131367292,0.3486758060518235,0.5375817281426784
"['lord of the rings: the fellowship of the ring, the (2001)']","['shawshank redemption, the (1994)']",0.32459016393442625,0.519672131147541,0.22295081967213115,0.6868686868686869,1.321734697129019,1.0,0.054270357430798166,1.5339502908514013,0.3604011993146773,0.3588390501319262,0.34808839245699313,0.5579453844438071
"['shawshank redemption, the (1994)']","['lord of the rings: the fellowship of the ring, the (2001)']",0.519672131147541,0.32459016393442625,0.22295081967213115,0.42902208201892744,1.321734697129019,1.0,0.054270357430798166,1.182900099628657,0.5067757478417987,0.3588390501319262,0.15462007289210128,0.5579453844438071
"['lord of the rings: the two towers, the (2002)']",['forrest gump (1994)'],0.3081967213114754,0.5393442622950819,0.21967213114754097,0.7127659574468085,1.321541744810192,1.0,0.05344799785004031,1.6037644201578627,0.35170120959185114,0.34986945169712796,0.3764670250624669,0.5600303951367781
['forrest gump (1994)'],"['lord of the rings: the two towers, the (2002)']",0.5393442622950819,0.3081967213114754,0.21967213114754097,0.4072948328267477,1.321541744810192,1.0,0.05344799785004031,1.167196300966793,0.5281776172518191,0.34986945169712796,0.14324608536567798,0.5600303951367781
"['lord of the rings: the two towers, the (2002)']","['shawshank redemption, the (1994)']",0.3081967213114754,0.519672131147541,0.21147540983606558,0.6861702127659575,1.3203906302436406,1.0,0.0513141628594464,1.5305362600722425,0.3507476395165143,0.3430851063829788,0.34663423135574767,0.5465551379287201
"['shawshank redemption, the (1994)']","['lord of the rings: the two towers, the (2002)']",0.519672131147541,0.3081967213114754,0.21147540983606558,0.4069400630914827,1.3203906302436406,1.0,0.0513141628594464,1.1664980816184165,0.5051723681773687,0.3430851063829788,0.14273326655403892,0.5465551379287201
"['matrix, the (1999)']","['pulp fiction (1994)', 'shawshank redemption, the (1994)']",0.4557377049180328,0.3639344262295082,0.2180327868852459,0.4784172661870504,1.3145699656491023,1.0,0.05217414673474871,1.2194912379875635,0.43966844822900614,0.3623978201634877,0.17998590818067195,0.5387581826430747
"['pulp fiction (1994)', 'shawshank redemption, the (1994)']","['matrix, the (1999)']",0.3639344262295082,0.4557377049180328,0.2180327868852459,0.5990990990990991,1.3145699656491023,1.0,0.05217414673474871,1.3575980843617608,0.3762111464227578,0.3623978201634877,0.2634049712362965,0.5387581826430747
['pulp fiction (1994)'],"['lord of the rings: the return of the king, the (2003)']",0.5032786885245901,0.30327868852459017,0.2,0.39739413680781766,1.3103266132582096,1.0,0.047366299381886606,1.1561807709348695,0.47678948222691137,0.32972972972972975,0.1350833493006324,0.5284267981336386
"['lord of the rings: the return of the king, the (2003)']",['pulp fiction (1994)'],0.30327868852459017,0.5032786885245901,0.2,0.6594594594594595,1.3103266132582094,1.0,0.047366299381886606,1.458626073380172,0.3399228543876568,0.32972972972972975,0.31442333422531454,0.5284267981336386
"['pulp fiction (1994)', 'forrest gump (1994)']",['star wars: episode iv - a new hope (1977)'],0.3770491803278688,0.41147540983606556,0.20327868852459016,0.5391304347826087,1.310237311623073,1.0,0.048132222520827744,1.2769873182802352,0.3800933786078099,0.34733893557422973,0.21690686690081143,0.5165771695825394
['star wars: episode iv - a new hope (1977)'],"['pulp fiction (1994)', 'forrest gump (1994)']",0.41147540983606556,0.3770491803278688,0.20327868852459016,0.4940239043824701,1.310237311623073,1.0,0.048132222520827744,1.2311862656512198,0.4023272531224729,0.34733893557422973,0.1877752149297547,0.5165771695825394
"['shawshank redemption, the (1994)']",['saving private ryan (1998)'],0.519672131147541,0.3081967213114754,0.2098360655737705,0.4037854889589906,1.3101550439626821,1.0,0.04967481859715131,1.160326134096626,0.49285409556313997,0.33952254641909824,0.13817333712081575,0.5423182763943889
['saving private ryan (1998)'],"['shawshank redemption, the (1994)']",0.3081967213114754,0.519672131147541,0.2098360655737705,0.6808510638297872,1.3101550439626821,1.0,0.04967481859715131,1.5050273224043715,0.3421949052132701,0.33952254641909824,0.33556023527703144,0.5423182763943889
['pulp fiction (1994)'],['star wars: episode v - the empire strikes back (1980)'],0.5032786885245901,0.34590163934426227,0.2278688524590164,0.45276872964169385,1.3089522515707739,1.0,0.05378392905133031,1.1952868852459018,0.4751762946078782,0.36675461741424814,0.16338076461512094,0.5557682510767711
['star wars: episode v - the empire strikes back (1980)'],['pulp fiction (1994)'],0.34590163934426227,0.5032786885245901,0.2278688524590164,0.6587677725118484,1.3089522515707737,1.0,0.05378392905133031,1.4556693989071041,0.36084816357440375,0.36675461741424814,0.3130308291492658,0.5557682510767711
['american beauty (1999)'],['forrest gump (1994)'],0.3344262295081967,0.5393442622950819,0.2360655737704918,0.7058823529411765,1.308778830681209,1.0,0.055694705724267685,1.5662295081967217,0.3544745484400658,0.37017994858611825,0.36152396901821243,0.57178616127302
['forrest gump (1994)'],['american beauty (1999)'],0.5393442622950819,0.3344262295081967,0.2360655737704918,0.4376899696048633,1.308778830681209,1.0,0.055694705724267685,1.183642002658396,0.5121589561091341,0.37017994858611825,0.15514995433243006,0.57178616127302
['toy story (1995)'],['pulp fiction (1994)'],0.3524590163934426,0.5032786885245901,0.23114754098360657,0.6558139534883721,1.3030830997651695,1.0,0.05376242945444776,1.443176783340718,0.3591884370230723,0.3700787401574803,0.30708419679177235,0.557548670555261
['pulp fiction (1994)'],['toy story (1995)'],0.5032786885245901,0.3524590163934426,0.23114754098360657,0.4592833876221499,1.3030830997651695,1.0,0.05376242945444776,1.1975607347422474,0.4682489525548301,0.3700787401574803,0.16496928215066184,0.557548670555261
['forrest gump (1994)'],['star wars: episode v - the empire strikes back (1980)'],0.5393442622950819,0.34590163934426227,0.24262295081967214,0.4498480243161095,1.3005085063167148,1.0,0.05606288632088152,1.1889412190924737,0.5016110416466291,0.37755102040816335,0.15891552589680902,0.5756349126319884
['star wars: episode v - the empire strikes back (1980)'],['forrest gump (1994)'],0.34590163934426227,0.5393442622950819,0.24262295081967214,0.7014218009478673,1.3005085063167146,1.0,0.05606288632088152,1.5428311215196464,0.35326491905439295,0.37755102040816335,0.35184092020711416,0.5756349126319884
['star wars: episode iv - a new hope (1977)'],"['shawshank redemption, the (1994)', 'forrest gump (1994)']",0.41147540983606556,0.37868852459016394,0.20163934426229507,0.4900398406374502,1.2940446008175093,1.0,0.04581832840634237,1.2183529713114756,0.3860995991575514,0.3426183844011142,0.17921979627663487,0.5112536865524913
"['shawshank redemption, the (1994)', 'forrest gump (1994)']",['star wars: episode iv - a new hope (1977)'],0.37868852459016394,0.41147540983606556,0.20163934426229507,0.5324675324675324,1.294044600817509,1.0,0.04581832840634237,1.2587887067395263,0.36572495012549056,0.3426183844011142,0.20558550085012475,0.5112536865524913
"['matrix, the (1999)']",['forrest gump (1994)'],0.4557377049180328,0.5393442622950819,0.3180327868852459,0.697841726618705,1.2938706785331615,1.0,0.07223327062617577,1.5245511319281813,0.4173084088933052,0.4697336561743341,0.34406922860288286,0.6437536900570728
['forrest gump (1994)'],"['matrix, the (1999)']",0.5393442622950819,0.4557377049180328,0.3180327868852459,0.5896656534954408,1.2938706785331613,1.0,0.07223327062617577,1.3263873709775351,0.4930476574824815,0.4697336561743341,0.24607243563921344,0.6437536900570728
"['shawshank redemption, the (1994)']",['batman (1989)'],0.519672131147541,0.30983606557377047,0.2081967213114754,0.40063091482649843,1.293041576953249,1.0,0.04718355280838485,1.1514840379637619,0.4718228480825563,0.33509234828496043,0.13155548229017588,0.5362942933920852
['batman (1989)'],"['shawshank redemption, the (1994)']",0.30983606557377047,0.519672131147541,0.2081967213114754,0.671957671957672,1.293041576953249,1.0,0.04718355280838485,1.4642252776308833,0.3283707707557933,0.33509234828496043,0.3170449825739929,0.5362942933920852
['forrest gump (1994)'],"['lord of the rings: the fellowship of the ring, the (2001)']",0.5393442622950819,0.32459016393442625,0.2262295081967213,0.4194528875379939,1.2922538454453347,1.0,0.05116366568126848,1.1634022830658313,0.490948475939966,0.35475578406169667,0.14045209077227253,0.5582112922538454
"['lord of the rings: the fellowship of the ring, the (2001)']",['forrest gump (1994)'],0.32459016393442625,0.5393442622950819,0.2262295081967213,0.6969696969696969,1.2922538454453347,1.0,0.05116366568126848,1.5201639344262294,0.3348459265512875,0.35475578406169667,0.3421762105036126,0.5582112922538454
"['shawshank redemption, the (1994)']","['star wars: episode v - the empire strikes back (1980)', 'star wars: episode iv - a new hope (1977)']",0.519672131147541,0.3114754098360656,0.2081967213114754,0.40063091482649843,1.2862360949692844,1.0,0.04633163128191345,1.1487489214840378,0.463303861761307,0.33421052631578946,0.12948775724800962,0.5345259837290387
"['star wars: episode v - the empire strikes back (1980)', 'star wars: episode iv - a new hope (1977)']","['shawshank redemption, the (1994)']",0.3114754098360656,0.519672131147541,0.2081967213114754,0.6684210526315789,1.2862360949692844,1.0,0.04633163128191345,1.448607858443924,0.32320959880014993,0.33421052631578946,0.3096820549667684,0.5345259837290387
['braveheart (1995)'],"['matrix, the (1999)']",0.3885245901639344,0.4557377049180328,0.2262295081967213,0.5822784810126582,1.27766141517166,1.0,0.049164203171190524,1.3029309488325882,0.3554027275906282,0.3660477453580902,0.23249961872807687,0.53934067935525
"['matrix, the (1999)']",['braveheart (1995)'],0.4557377049180328,0.3885245901639344,0.2262295081967213,0.4964028776978417,1.27766141517166,1.0,0.049164203171190524,1.214215456674473,0.3992928234677841,0.3660477453580902,0.17642293671764997,0.53934067935525
"['matrix, the (1999)']",['pulp fiction (1994)'],0.4557377049180328,0.5032786885245901,0.29180327868852457,0.6402877697841727,1.2722330279099197,1.0,0.06244020424617039,1.3808852459016394,0.3931568972519291,0.43734643734643736,0.27582686326186584,0.6100461650223795
['pulp fiction (1994)'],"['matrix, the (1999)']",0.5032786885245901,0.4557377049180328,0.29180327868852457,0.5798045602605864,1.2722330279099197,1.0,0.06244020424617039,1.2952598805439066,0.43078577520673417,0.43734643734643736,0.22795416192457132,0.6100461650223795
['pulp fiction (1994)'],['raiders of the lost ark (indiana jones and the raiders of the lost ark) (1981)'],0.5032786885245901,0.32786885245901637,0.2098360655737705,0.4169381107491857,1.2716612377850165,1.0,0.0448266595001344,1.1527612418719664,0.43007425742574273,0.33773087071240115,0.13251767696830066,0.5284690553745929
['raiders of the lost ark (indiana jones and the raiders of the lost ark) (1981)'],['pulp fiction (1994)'],0.32786885245901637,0.5032786885245901,0.2098360655737705,0.64,1.2716612377850165,1.0,0.0448266595001344,1.3797814207650274,0.3178353658536587,0.33773087071240115,0.2752475247524753,0.5284690553745929
['star wars: episode iv - a new hope (1977)'],['braveheart (1995)'],0.41147540983606556,0.3885245901639344,0.20327868852459016,0.4940239043824701,1.2715383192966532,1.0,0.043410373555495846,1.2085065186523816,0.3628582981399947,0.34065934065934067,0.1725323905450584,0.5086153277186612
['braveheart (1995)'],['star wars: episode iv - a new hope (1977)'],0.3885245901639344,0.41147540983606556,0.20327868852459016,0.5232067510548524,1.2715383192966532,1.0,0.043410373555495846,1.2343391846801104,0.34923895182911024,0.34065934065934067,0.18984991126311965,0.5086153277186612
['forrest gump (1994)'],['fargo (1996)'],0.5393442622950819,0.2967213114754098,0.20327868852459016,0.37689969604863227,1.2702144452467719,1.0,0.04324375167965602,1.1286765293882448,0.46180117093330286,0.3212435233160622,0.11400656081507156,0.5309912844884046
['fargo (1996)'],['forrest gump (1994)'],0.2967213114754098,0.5393442622950819,0.20327868852459016,0.6850828729281768,1.2702144452467716,1.0,0.04324375167965602,1.4627840092033364,0.30248514925934294,0.3212435233160622,0.3163720729045832,0.5309912844884046
['pulp fiction (1994)'],"['lord of the rings: the fellowship of the ring, the (2001)']",0.5032786885245901,0.32459016393442625,0.20655737704918034,0.4104234527687297,1.264435889843056,1.0,0.0431980650362806,1.145584639072548,0.4210278170674212,0.33245382585751987,0.12708326744884735,0.523393544566183
"['lord of the rings: the fellowship of the ring, the (2001)']",['pulp fiction (1994)'],0.32459016393442625,0.5032786885245901,0.20655737704918034,0.6363636363636364,1.264435889843056,1.0,0.0431980650362806,1.3659836065573772,0.3096393897364773,0.33245382585751987,0.26792679267926794,0.523393544566183
"['shawshank redemption, the (1994)']",['american beauty (1999)'],0.519672131147541,0.3344262295081967,0.21967213114754097,0.4227129337539432,1.2639945568132616,1.0,0.04588013974737973,1.1529337991579325,0.4348224746574295,0.34625322997416014,0.1326475113051856,0.5397878394259912
['american beauty (1999)'],"['shawshank redemption, the (1994)']",0.3344262295081967,0.519672131147541,0.21967213114754097,0.6568627450980392,1.2639945568132616,1.0,0.04588013974737973,1.3998126463700236,0.31380045584883465,0.34625322997416014,0.28561868433380183,0.5397878394259912
"['matrix, the (1999)']","['silence of the lambs, the (1991)']",0.4557377049180328,0.45737704918032784,0.26229508196721313,0.5755395683453238,1.2583481601815325,1.0,0.053851115291588314,1.2783828841344822,0.37722138554216883,0.403022670025189,0.21776174226781736,0.5745081354271422
"['silence of the lambs, the (1991)']","['matrix, the (1999)']",0.45737704918032784,0.4557377049180328,0.26229508196721313,0.5734767025089607,1.2583481601815323,1.0,0.053851115291588314,1.2760435321669654,0.3783610271903325,0.403022670025189,0.21632767629658434,0.5745081354271422
['toy story (1995)'],"['matrix, the (1999)']",0.3524590163934426,0.4557377049180328,0.20163934426229507,0.5720930232558139,1.2553120294462103,1.0,0.041010481053480236,1.27191732002851,0.3140887105073582,0.3324324324324324,0.21378537405435688,0.5072695332106407
"['matrix, the (1999)']",['toy story (1995)'],0.4557377049180328,0.3524590163934426,0.20163934426229507,0.4424460431654676,1.2553120294462103,1.0,0.041010481053480236,1.1613960867265993,0.3736898814771279,0.3324324324324324,0.13896730716692465,0.5072695332106407
"['shawshank redemption, the (1994)']",['terminator 2: judgment day (1991)'],0.519672131147541,0.36721311475409835,0.23934426229508196,0.4605678233438486,1.254224876070302,1.0,0.048513840365493166,1.1730610679704727,0.42199261302538704,0.369620253164557,0.1475294617610043,0.5561767688147814
['terminator 2: judgment day (1991)'],"['shawshank redemption, the (1994)']",0.36721311475409835,0.519672131147541,0.23934426229508196,0.6517857142857143,1.254224876070302,1.0,0.048513840365493166,1.3794031105506517,0.32032081765916687,0.369620253164557,0.2750487567040469,0.5561767688147814
"['matrix, the (1999)']","['shawshank redemption, the (1994)']",0.4557377049180328,0.519672131147541,0.2967213114754098,0.6510791366906474,1.2528652157138642,1.0,0.05988712711636657,1.3766097684637484,0.3708313918658058,0.4371980676328502,0.273577724850836,0.61102852733586
"['shawshank redemption, the (1994)']","['matrix, the (1999)']",0.519672131147541,0.4557377049180328,0.2967213114754098,0.5709779179810726,1.2528652157138642,1.0,0.05988712711636657,1.2686113789778206,0.42019120170459906,0.4371980676328502,0.21173653604956102,0.61102852733586
"['shawshank redemption, the (1994)']",['jurassic park (1993)'],0.519672131147541,0.3901639344262295,0.25245901639344265,0.4858044164037856,1.245128966413064,1.0,0.049701693093254534,1.1860002011465354,0.4098665839280176,0.38403990024937656,0.15682982259760542,0.5664316199665987
['jurassic park (1993)'],"['shawshank redemption, the (1994)']",0.3901639344262295,0.519672131147541,0.25245901639344265,0.6470588235294119,1.245128966413064,1.0,0.049701693093254534,1.3609289617486344,0.3228250244379279,0.38403990024937656,0.2652077896004822,0.5664316199665987
['pulp fiction (1994)'],['star wars: episode vi - return of the jedi (1983)'],0.5032786885245901,0.32131147540983607,0.2,0.39739413680781766,1.2367878747590244,1.0,0.03829078204783662,1.1262560921577316,0.3854352648379593,0.32020997375328086,0.11210247210813712,0.5099215581998272
['star wars: episode vi - return of the jedi (1983)'],['pulp fiction (1994)'],0.32131147540983607,0.5032786885245901,0.2,0.6224489795918368,1.2367878747590242,1.0,0.03829078204783662,1.3156402303943289,0.28209392571473835,0.32020997375328086,0.23991378729709717,0.5099215581998272
"['godfather, the (1972)']",['forrest gump (1994)'],0.31475409836065577,0.5393442622950819,0.2098360655737705,0.6666666666666666,1.2360688956433639,1.0,0.04007524858908895,1.381967213114754,0.27870813397129185,0.3256997455470738,0.2763938315539739,0.5278622087132725
['forrest gump (1994)'],"['godfather, the (1972)']",0.5393442622950819,0.31475409836065577,0.2098360655737705,0.3890577507598785,1.2360688956433639,1.0,0.04007524858908895,1.1216214011907675,0.4145907473309608,0.3256997455470738,0.10843355972135373,0.5278622087132725
"['shawshank redemption, the (1994)']",['toy story (1995)'],0.519672131147541,0.3524590163934426,0.22459016393442624,0.4321766561514196,1.226175629080772,1.0,0.04142703574307982,1.140391621129326,0.38402132482997436,0.34683544303797464,0.1231082538034581,0.5346929792385005
['toy story (1995)'],"['shawshank redemption, the (1994)']",0.3524590163934426,0.519672131147541,0.22459016393442624,0.6372093023255814,1.2261756290807717,1.0,0.04142703574307982,1.3239806641445986,0.2848563244941329,0.34683544303797464,0.2447019604730534,0.5346929792385005
['star wars: episode iv - a new hope (1977)'],['pulp fiction (1994)'],0.41147540983606556,0.5032786885245901,0.25245901639344265,0.6135458167330679,1.2190975511634248,1.0,0.04537221177102935,1.2853304039209064,0.3053756828130091,0.38118811881188125,0.2219899280764733,0.5575872406140909
['pulp fiction (1994)'],['star wars: episode iv - a new hope (1977)'],0.5032786885245901,0.41147540983606556,0.25245901639344265,0.5016286644951141,1.2190975511634248,1.0,0.04537221177102935,1.180895746276653,0.3618147529038622,0.38118811881188125,0.1531851959387733,0.5575872406140909
"['matrix, the (1999)']",['jurassic park (1993)'],0.4557377049180328,0.3901639344262295,0.21639344262295082,0.4748201438848921,1.2169759990327067,1.0,0.03858102660575116,1.1611947002021108,0.3275830595107705,0.34375000000000006,0.13881797787576394,0.5147209963121939
['jurassic park (1993)'],"['matrix, the (1999)']",0.3901639344262295,0.4557377049180328,0.21639344262295082,0.5546218487394958,1.2169759990327067,1.0,0.03858102660575116,1.2220228889576246,0.2923590746171393,0.34375000000000006,0.18168472208160377,0.5147209963121939
"['shawshank redemption, the (1994)']",['star wars: episode v - the empire strikes back (1980)'],0.519672131147541,0.34590163934426227,0.2180327868852459,0.41955835962145116,1.2129412292373707,1.0,0.038277344799785035,1.1268977191732006,0.3654956503887708,0.3367088607594937,0.11260801846888525,0.5249450565879767
['star wars: episode v - the empire strikes back (1980)'],"['shawshank redemption, the (1994)']",0.34590163934426227,0.519672131147541,0.2180327868852459,0.6303317535545024,1.2129412292373707,1.0,0.038277344799785035,1.2993484657419088,0.26839655529801965,0.3367088607594937,0.23038351422609726,0.5249450565879767
['forrest gump (1994)'],['star wars: episode iv - a new hope (1977)'],0.5393442622950819,0.41147540983606556,0.26885245901639343,0.49848024316109424,1.211446009275966,1.0,0.04692555764579415,1.1734823646299055,0.37889506119260485,0.3942307692307692,0.14783551066369774,0.5759333486721806
['star wars: episode iv - a new hope (1977)'],['forrest gump (1994)'],0.41147540983606556,0.5393442622950819,0.26885245901639343,0.6533864541832669,1.211446009275966,1.0,0.04692555764579415,1.3290182777463728,0.29657245736802773,0.3942307692307692,0.247564900540188,0.5759333486721806
['star wars: episode vi - return of the jedi (1983)'],"['shawshank redemption, the (1994)']",0.32131147540983607,0.519672131147541,0.20163934426229507,0.6275510204081632,1.2075902916371597,1.0,0.03466272507390486,1.289647428699753,0.2532893444876478,0.3153846153846154,0.2245942745698962,0.5077818193523466
"['shawshank redemption, the (1994)']",['star wars: episode vi - return of the jedi (1983)'],0.519672131147541,0.32131147540983607,0.20163934426229507,0.38801261829652994,1.2075902916371595,1.0,0.03466272507390486,1.1089910427581546,0.35789006354227365,0.3153846153846154,0.09827946174126392,0.5077818193523466
"['shawshank redemption, the (1994)']",['star wars: episode iv - a new hope (1977)'],0.519672131147541,0.41147540983606556,0.25573770491803277,0.4921135646687697,1.1959732049719105,1.0,0.04190540177371674,1.1587720191426536,0.3411437822700621,0.37864077669902907,0.13701747757089006,0.5568137544459386
['star wars: episode iv - a new hope (1977)'],"['shawshank redemption, the (1994)']",0.41147540983606556,0.519672131147541,0.25573770491803277,0.6215139442231076,1.1959732049719105,1.0,0.04190540177371674,1.269076790336497,0.2784265409613599,0.37864077669902907,0.2120256176658554,0.5568137544459386
"['shawshank redemption, the (1994)']",['raiders of the lost ark (indiana jones and the raiders of the lost ark) (1981)'],0.519672131147541,0.32786885245901637,0.20327868852459016,0.3911671924290221,1.1930599369085175,1.0,0.03289438323031446,1.103966703474051,0.3368930969943854,0.3155216284987278,0.0941755789797646,0.505583596214511
['raiders of the lost ark (indiana jones and the raiders of the lost ark) (1981)'],"['shawshank redemption, the (1994)']",0.32786885245901637,0.519672131147541,0.20327868852459016,0.62,1.1930599369085173,1.0,0.03289438323031446,1.264020707506471,0.24075531077891443,0.3155216284987278,0.2088737201365188,0.505583596214511
['independence day (a.k.a. id4) (1996)'],"['shawshank redemption, the (1994)']",0.33114754098360655,0.519672131147541,0.20327868852459016,0.6138613861386139,1.1812474622856608,1.0,0.03119054017737169,1.2439260193358554,0.22940385831752064,0.3139240506329114,0.19609367080052717,0.5025142892838179
"['shawshank redemption, the (1994)']",['independence day (a.k.a. id4) (1996)'],0.519672131147541,0.33114754098360655,0.20327868852459016,0.3911671924290221,1.1812474622856608,1.0,0.03119054017737169,1.0985815000424701,0.3194429153363427,0.3139240506329114,0.08973526319044971,0.5025142892838179
['raiders of the lost ark (indiana jones and the raiders of the lost ark) (1981)'],['forrest gump (1994)'],0.32786885245901637,0.5393442622950819,0.20655737704918034,0.6300000000000001,1.1680851063829791,1.0,0.029723192690137096,1.2450155073105897,0.21409214092140944,0.3126550868486353,0.19679715302491135,0.5064893617021278
['forrest gump (1994)'],['raiders of the lost ark (indiana jones and the raiders of the lost ark) (1981)'],0.5393442622950819,0.32786885245901637,0.20655737704918034,0.3829787234042554,1.168085106382979,1.0,0.029723192690137096,1.0893159977388358,0.312376433372875,0.3126550868486353,0.08199273482096534,0.5064893617021278
