movie,pagerank
forrest gump (1994),0.009126742245314994
"shawshank redemption, the (1994)",0.00831028806622447
pulp fiction (1994),0.008178985367125384
star wars: episode iv - a new hope (1977),0.007069808593796352
"silence of the lambs, the (1991)",0.006830472865272057
jurassic park (1993),0.005901200656812148
toy story (1995),0.00576599173864358
braveheart (1995),0.005740288413000851
"matrix, the (1999)",0.005446309700227049
"usual suspects, the (1995)",0.005373658678290251
schindler's list (1993),0.005299237164225046
seven (a.k.a. se7en) (1995),0.005197586819616624
terminator 2: judgment day (1991),0.005074124204565251
"godfather, the (1972)",0.00497305149357641
star wars: episode v - the empire strikes back (1980),0.004838373886288499
apollo 13 (1995),0.004696956149258662
fargo (1996),0.004455787886488105
raiders of the lost ark (indiana jones and the raiders of the lost ark) (1981),0.00444911044767936
"lion king, the (1994)",0.0043925594155478885
independence day (a.k.a. id4) (1996),0.0043917794636248375
twelve monkeys (a.k.a. 12 monkeys) (1995),0.004382816541598284
"fugitive, the (1993)",0.004261717902803851
fight club (1999),0.004165909028618221
aladdin (1992),0.004050387170603868
speed (1994),0.004046612440883791
star wars: episode vi - return of the jedi (1983),0.0040380490345380575
true lies (1994),0.003953427895832431
"mask, the (1994)",0.00372777740038475
batman (1989),0.0036016178122931916
ace ventura: pet detective (1994),0.003553772938273789
back to the future (1985),0.003532205188662478
léon: the professional (a.k.a. the professional) (léon) (1994),0.003531714805435465
mrs. doubtfire (1993),0.0034388317907170524
blade runner (1982),0.0033673700749130273
mission: impossible (1996),0.003360206327265506
american beauty (1999),0.0033249233430401566
babe (1995),0.0032310366122475366
die hard: with a vengeance (1995),0.0032256846051502376
"lord of the rings: the fellowship of the ring, the (2001)",0.003188571917611865
alien (1979),0.0031449735647610614
saving private ryan (1998),0.003132848285827184
goldeneye (1995),0.003052717850139911
"princess bride, the (1987)",0.0030435400061308293
dances with wolves (1990),0.003027175843820146
beauty and the beast (1991),0.0030141641559693496
men in black (a.k.a. mib) (1997),0.0029997460546601143
stargate (1994),0.0029976173566423313
one flew over the cuckoo's nest (1975),0.0029928075728372925
batman forever (1995),0.0029543629820684486
"lord of the rings: the two towers, the (2002)",0.0029537287276084397
dumb & dumber (dumb and dumber) (1994),0.002952698464233895
pretty woman (1990),0.00293943634486235
die hard (1988),0.0029101569165813205
reservoir dogs (1992),0.002881772007704648
monty python and the holy grail (1975),0.0028638737195851283
jumanji (1995),0.0028203528002840295
"lord of the rings: the return of the king, the (2003)",0.002813947713172594
taxi driver (1976),0.0028037310534528835
clerks (1994),0.002802301127495888
groundhog day (1993),0.0027343137025460907
"clockwork orange, a (1971)",0.002713055186086223
"sixth sense, the (1999)",0.0026435481369823464
shrek (2001),0.0026264459804896736
memento (2000),0.0026109456722611343
titanic (1997),0.0025886627803897114
goodfellas (1990),0.00258295610788793
heat (1995),0.002562437458397111
four weddings and a funeral (1994),0.0025287261332925972
aliens (1986),0.002521060849958398
"godfather: part ii, the (1974)",0.002515166767421404
clueless (1995),0.002497312431758581
dr. strangelove or: how i learned to stop worrying and love the bomb (1964),0.0024914891245395
home alone (1990),0.002490141378911358
waterworld (1995),0.002477142877031998
happy gilmore (1996),0.0024697718434405903
casablanca (1942),0.002443944385915688
good will hunting (1997),0.002435289488170191
"net, the (1995)",0.002433559719698001
2001: a space odyssey (1968),0.0023507772351164477
gladiator (2000),0.0023478619496975772
trainspotting (1996),0.0023421648069718265
e.t. the extra-terrestrial (1982),0.0023358664496633697
indiana jones and the last crusade (1989),0.002329026527232472
twister (1996),0.00231724425740442
"terminator, the (1984)",0.0023166410601045124
"rock, the (1996)",0.002299626556335559
ghost (1990),0.0022709559081698044
interview with the vampire: the vampire chronicles (1994),0.0022707204464659765
ace ventura: when nature calls (1995),0.0022551793564083867
star trek: generations (1994),0.0022402440324206015
apocalypse now (1979),0.002187486819953833
american history x (1998),0.0021833806903115817
sleepless in seattle (1993),0.0021662029777092698
clear and present danger (1994),0.002149973547409253
get shorty (1995),0.0021264521506484803
while you were sleeping (1995),0.0021145441161632833
crimson tide (1995),0.002097207359212135
"shining, the (1980)",0.0020711613257717227
casino (1995),0.002064592009624991
"nightmare before christmas, the (1993)",0.002061409110021555
"truman show, the (1998)",0.002054824886089581
willy wonka & the chocolate factory (1971),0.00202525291289569
outbreak (1995),0.001985885436005089
demolition man (1993),0.0019668219329443595
"wizard of oz, the (1939)",0.0019651182377629665
"firm, the (1993)",0.0019606872647362616
finding nemo (2003),0.0019589770383234917
cliffhanger (1993),0.0019528636516127785
natural born killers (1994),0.0019520252705214573
full metal jacket (1987),0.001950925342476814
"fifth element, the (1997)",0.0019469030009653654
rear window (1954),0.0019428228063309838
"birdcage, the (1996)",0.0019143410170688144
pirates of the caribbean: the curse of the black pearl (2003),0.001891333674058216
broken arrow (1996),0.0018445207263164066
"santa clause, the (1994)",0.0018279287810605992
eternal sunshine of the spotless mind (2004),0.0018133700222858747
monty python's life of brian (1979),0.0018111968918855606
mr. holland's opus (1995),0.0017839231479574403
addams family values (1993),0.001775453637837722
what's eating gilbert grape (1993),0.0017633567625502864
leaving las vegas (1995),0.0017460819789742409
ed wood (1994),0.0017446825900371277
"amelie (fabuleux destin d'amélie poulain, le) (2001)",0.0017430064762744898
maverick (1994),0.0017410538998294614
"dark knight, the (2008)",0.0017233228209108061
"american president, the (1995)",0.0017221797193123663
dave (1993),0.0017078240774374722
"beautiful mind, a (2001)",0.0016943466262332601
quiz show (1994),0.0016640230996904743
"breakfast club, the (1985)",0.001640867376268655
pocahontas (1995),0.0016227521415182217
"big lebowski, the (1998)",0.0016198990174712794
inception (2010),0.0016027008772484144
"monsters, inc. (2001)",0.001578782239719615
kill bill: vol. 1 (2003),0.0015635462192137247
casper (1995),0.0015617263872845565
"crow, the (1994)",0.0015589450127044852
desperado (1995),0.0015422416680999204
"bourne identity, the (2002)",0.0015336071619879866
sense and sensibility (1995),0.001528254843860391
dead man walking (1995),0.0015226282214289486
psycho (1960),0.0015179177837717926
robin hood: men in tights (1993),0.0015152948897912322
snow white and the seven dwarfs (1937),0.0014977906096422006
judge dredd (1995),0.0014880395093032487
there's something about mary (1998),0.0014856234607910446
from dusk till dawn (1996),0.0014808897911985854
l.a. confidential (1997),0.0014614667938559129
ocean's eleven (2001),0.00145439168214614
stand by me (1986),0.0014540018902231844
donnie darko (2001),0.0014359539944684137
"green mile, the (1999)",0.0014237613057799404
"graduate, the (1967)",0.0014193460220991514
in the line of fire (1993),0.0014166744136697624
citizen kane (1941),0.0014136702198843578
"incredibles, the (2004)",0.0013926246251251668
dead poets society (1989),0.0013924867597075112
austin powers: the spy who shagged me (1999),0.0013861455689897426
life is beautiful (la vita è bella) (1997),0.0013815801353194925
austin powers: international man of mystery (1997),0.0013785185967284954
philadelphia (1993),0.0013551734052976805
"nutty professor, the (1996)",0.0013507352526281344
coneheads (1993),0.001347328497904556
when harry met sally... (1989),0.0013437161909725598
requiem for a dream (2000),0.0013313301231540908
as good as it gets (1997),0.0013305731276851817
hot shots! part deux (1993),0.0013290706907761417
"blues brothers, the (1980)",0.0013206507436027946
naked gun 33 1/3: the final insult (1994),0.0013184458457241308
mary poppins (1964),0.00131286256270688
catch me if you can (2002),0.0013079115642220176
legends of the fall (1994),0.001304081710991896
true romance (1993),0.0012956625251839722
"hunt for red october, the (1990)",0.001288043664809355
rain man (1988),0.0012836671329043317
johnny mnemonic (1995),0.001272295331156225
top gun (1986),0.0012701775028404368
jaws (1975),0.0012695158036664122
"fish called wanda, a (1988)",0.0012623971459427247
congo (1995),0.001256356927989748
billy madison (1995),0.0012512474619241591
bad boys (1995),0.0012444302224607893
vertigo (1958),0.0012384912797491865
amadeus (1984),0.0012353546965445097
"piano, the (1993)",0.0012353223994089025
minority report (2002),0.001229861541044015
star wars: episode i - the phantom menace (1999),0.0012271855355130167
first knight (1995),0.0012138838138013744
beverly hills cop iii (1994),0.0012128847048700625
12 angry men (1957),0.0012039200161242818
grumpier old men (1995),0.0012011427863351809
armageddon (1998),0.001196174507487811
american pie (1999),0.0011952124099413439
x-men (2000),0.0011825384431347317
"client, the (1994)",0.0011767778136917678
last action hero (1993),0.001162850505985986
ghostbusters (a.k.a. ghost busters) (1984),0.0011497323858205464
sabrina (1995),0.0011471530688320697
tombstone (1993),0.0011437588929653353
city slickers ii: the legend of curly's gold (1994),0.0011408924865688023
jerry maguire (1996),0.00113729641083663
dragonheart (1996),0.0011351914083109775
"three musketeers, the (1993)",0.0011296291718817654
north by northwest (1959),0.0011160570164085884
species (1995),0.0011106053149702228
"sound of music, the (1965)",0.0011060796829122411
"game, the (1997)",0.0011057827433223755
batman begins (2005),0.0011049318332290543
indiana jones and the temple of doom (1984),0.0011038802291996835
pinocchio (1940),0.0011025612964424881
mortal kombat (1995),0.001100322013773499
"good, the bad and the ugly, the (buono, il brutto, il cattivo, il) (1966)",0.0010987014251338863
contact (1997),0.001082910281457992
kill bill: vol. 2 (2004),0.0010800303805731705
city of god (cidade de deus) (2002),0.001075807250668294
spirited away (sen to chihiro no kamikakushi) (2001),0.00106833846947782
nine months (1995),0.001052350864635989
tommy boy (1995),0.001047564788494739
platoon (1986),0.0010447756120041663
it's a wonderful life (1946),0.0010434867676652614
shakespeare in love (1998),0.001038333543526821
star trek: first contact (1996),0.0010382011040891057
rumble in the bronx (hont faan kui) (1995),0.0010373841926184632
rob roy (1995),0.0010189155695594278
wall·e (2008),0.0010135958471754144
father of the bride part ii (1995),0.0010118898719499844
spider-man (2002),0.00100919642194076
chinatown (1974),0.0010018678663428165
gattaca (1997),0.0010008857227888645
space jam (1996),0.0009995555739263525
dazed and confused (1993),0.000999245250842777
annie hall (1977),0.0009982278136102727
brazil (1985),0.000994890097185275
"bug's life, a (1998)",0.0009931466020379732
carlito's way (1993),0.0009913016239808314
office space (1999),0.0009885185189538557
"maltese falcon, the (1941)",0.0009854377832104282
this is spinal tap (1984),0.0009840584148333759
eraser (1996),0.0009808369459643636
harry potter and the chamber of secrets (2002),0.0009798851163903624
up (2009),0.000979484790436457
harry potter and the sorcerer's stone (a.k.a. harry potter and the philosopher's stone) (2001),0.0009787153090549002
mars attacks! (1996),0.0009760992824241664
"flintstones, the (1994)",0.0009759522748562931
some like it hot (1959),0.0009737779909110261
scream (1996),0.0009728221730185492
wallace & gromit: the wrong trousers (1993),0.00097198163933278
face/off (1997),0.000971093454638848
to kill a mockingbird (1962),0.0009688178406324149
"departed, the (2006)",0.000968702959597342
beetlejuice (1988),0.0009680936580569955
disclosure (1994),0.0009677783335111805
french kiss (1995),0.0009657420963927177
toy story 2 (1999),0.0009544874010069001
liar liar (1997),0.0009544525826863503
much ado about nothing (1993),0.0009460868701419732
wallace & gromit: a close shave (1995),0.0009421906478897513
"city of lost children, the (cité des enfants perdus, la) (1995)",0.0009366091568885616
mallrats (1995),0.0009338606452956694
v for vendetta (2006),0.0009336974211686707
"cable guy, the (1996)",0.0009311651448241321
"crouching tiger, hidden dragon (wo hu cang long) (2000)",0.0009286778690365615
back to the future part ii (1989),0.0009269495271763172
cast away (2000),0.0009246046976444315
"sting, the (1973)",0.0009130986976725307
dangerous minds (1995),0.0009126658757144545
don juan demarco (1995),0.0009093586633139944
back to the future part iii (1990),0.0009022110006146294
hackers (1995),0.0008998709356109604
singin' in the rain (1952),0.0008995931515743365
copycat (1995),0.0008850966111241139
meet the parents (2000),0.0008850486443144042
little women (1994),0.000884642789536986
"hudsucker proxy, the (1994)",0.0008831877147732567
free willy (1993),0.0008787010991142596
young frankenstein (1974),0.000878581835654252
grease (1978),0.0008763978232706369
ferris bueller's day off (1986),0.0008740903936998343
die hard 2 (1990),0.000869931695038486
"abyss, the (1989)",0.0008621109612785372
i.q. (1994),0.0008596109114110936
starship troopers (1997),0.0008561688712095958
"truth about cats & dogs, the (1996)",0.0008545072420257675
being john malkovich (1999),0.0008518534547217266
searching for bobby fischer (1993),0.0008447035206210052
"postman, the (postino, il) (1994)",0.0008402656748414619
snatch (2000),0.0008367305250407939
james and the giant peach (1996),0.0008347876683006697
run lola run (lola rennt) (1998),0.0008294987821992749
iron man (2008),0.0008231598760095359
"bourne ultimatum, the (2007)",0.0008217464536173743
"adventures of priscilla, queen of the desert, the (1994)",0.0008011873414173162
shrek 2 (2004),0.0007958378079161334
edward scissorhands (1990),0.0007958173569884314
"lost world: jurassic park, the (1997)",0.0007955748305175338
nell (1994),0.0007944391765802825
"o brother, where art thou? (2000)",0.0007934236027129943
"mummy, the (1999)",0.0007876220981090178
fantasia (1940),0.0007862148396224128
"lock, stock & two smoking barrels (1998)",0.0007825309569104678
"matrix reloaded, the (2003)",0.000777671531408894
junior (1994),0.000771167019268326
showgirls (1995),0.0007688892056004078
miracle on 34th street (1994),0.000767988256287092
harry potter and the prisoner of azkaban (2004),0.000766432001495091
like water for chocolate (como agua para chocolate) (1992),0.0007581958123640898
"river wild, the (1994)",0.000753587588464335
"aristocats, the (1970)",0.0007517440655020831
"indian in the cupboard, the (1995)",0.000749614505135322
to die for (1995),0.0007452700827528098
airplane! (1980),0.0007427795445876891
army of darkness (1993),0.000741315926898207
"jungle book, the (1994)",0.0007402684720692665
"quick and the dead, the (1995)",0.0007383740316322278
star trek ii: the wrath of khan (1982),0.0007332881029810307
ratatouille (2007),0.0007329291581199209
gone with the wind (1939),0.0007304041389365952
bruce almighty (2003),0.0007283730986732456
butch cassidy and the sundance kid (1969),0.0007269888897807336
"matrix revolutions, the (2003)",0.0007264409067246861
executive decision (1996),0.0007253307576929823
"hunchback of notre dame, the (1996)",0.0007242542906306734
so i married an axe murderer (1993),0.000722271922502763
dirty dancing (1987),0.0007217324309114497
bullets over broadway (1994),0.0007193523383209929
bio-dome (1996),0.0007177554959825504
strange days (1995),0.0007175395280366671
"south park: bigger, longer and uncut (1999)",0.0007163164715804459
mulan (1998),0.0007083022453578472
escape from l.a. (1996),0.0007051069344529509
interstellar (2014),0.0007048441265494522
"english patient, the (1996)",0.0007028943268395824
casino royale (2006),0.0007026729675768611
"madness of king george, the (1994)",0.0007020630432507027
ice age (2002),0.0006995845832813488
legally blonde (2001),0.0006901903545475331
"pan's labyrinth (laberinto del fauno, el) (2006)",0.0006883726755691123
hoop dreams (1994),0.0006873299498163541
tank girl (1995),0.0006859728932456842
"bourne supremacy, the (2004)",0.0006821289293358486
mighty aphrodite (1995),0.0006791878254388404
cool hand luke (1967),0.0006767555509840661
kingpin (1996),0.0006756141052026742
"prestige, the (2006)",0.000673251083297528
down periscope (1996),0.0006692822213405046
"specialist, the (1994)",0.0006680880400717455
field of dreams (1989),0.000667817781330112
powder (1995),0.0006666963631602519
my fair lady (1964),0.0006665861741825414
under siege 2: dark territory (1995),0.0006661117614565191
"crying game, the (1992)",0.0006650049025978729
donnie brasco (1997),0.0006619576070108661
muriel's wedding (1994),0.0006585088509449058
bridget jones's diary (2001),0.000655188311665851
tin cup (1996),0.0006454184253933005
grosse pointe blank (1997),0.0006444097196499301
cinderella (1950),0.0006349285576178984
"patriot, the (2000)",0.0006343988264602153
notting hill (1999),0.0006296951063669859
phenomenon (1996),0.0006272384107388367
rudy (1993),0.0006256349464783604
"notebook, the (2004)",0.0006238748458427178
muppet treasure island (1996),0.0006234299776929673
"honey, i shrunk the kids (1989)",0.0006231051233195986
"bridge on the river kwai, the (1957)",0.0006175500775862489
"boot, das (boat, the) (1981)",0.0006152971261199719
"goonies, the (1985)",0.0006151857732552871
airheads (1994),0.0006144319844398512
"philadelphia story, the (1940)",0.0006124949732664111
lethal weapon (1987),0.0006096110385893839
batman returns (1992),0.0006075660583231978
before sunrise (1995),0.00060681520394835
"avengers, the (2012)",0.0006059133611176741
"african queen, the (1951)",0.0006049670729260387
"brady bunch movie, the (1995)",0.000604783828971226
striptease (1996),0.0005999090376619677
enemy of the state (1998),0.0005998997811041793
"little mermaid, the (1989)",0.0005963521868881679
dolores claiborne (1995),0.0005918200121691475
"blair witch project, the (1999)",0.0005912336901063666
bottle rocket (1996),0.0005910710583102533
"mask of zorro, the (1998)",0.0005902497923425296
slumdog millionaire (2008),0.0005902150688724273
my best friend's wedding (1997),0.0005898588393018839
mary shelley's frankenstein (frankenstein) (1994),0.0005874597841621716
lady and the tramp (1955),0.0005853723742182985
air force one (1997),0.0005840161073505841
"wedding singer, the (1998)",0.000583444190685355
almost famous (2000),0.0005821155337740026
hitch (2005),0.0005818598927050132
big (1988),0.0005813459426766775
avatar (2009),0.0005808445934632863
101 dalmatians (one hundred and one dalmatians) (1961),0.0005806080566601608
"doors, the (1991)",0.0005757632763781362
inglourious basterds (2009),0.0005751370636761528
chicken run (2000),0.0005744895877020185
10 things i hate about you (1999),0.0005741321267433013
dogma (1999),0.0005705809620980388
basic instinct (1992),0.0005699595325498197
ransom (1996),0.000566804874565677
total recall (1990),0.0005661673097223669
"pianist, the (2002)",0.0005659833350744424
star trek vi: the undiscovered country (1991),0.0005656041770179115
million dollar baby (2004),0.0005617962836644015
x2: x-men united (2003),0.0005607294743653165
the devil's advocate (1997),0.0005594404504945619
who framed roger rabbit? (1988),0.0005574137484938715
"40-year-old virgin, the (2005)",0.0005567843125942126
star wars: episode ii - attack of the clones (2002),0.0005517026319124405
chasing amy (1997),0.0005471928843921553
traffic (2000),0.0005467495560586547
three colors: blue (trois couleurs: bleu) (1993),0.000545925328683167
"pursuit of happyness, the (2006)",0.0005456508895043745
seven samurai (shichinin no samurai) (1954),0.0005421423215382737
breakfast at tiffany's (1961),0.0005412840263966962
matilda (1996),0.0005411789364427628
"bridges of madison county, the (1995)",0.0005378693591212134
little miss sunshine (2006),0.0005370809216232253
"jungle book, the (1967)",0.0005369676722610462
mystery science theater 3000: the movie (1996),0.0005369450344807483
cool runnings (1993),0.0005359683677122475
scarface (1983),0.0005351608242306198
swingers (1996),0.0005345509357904975
alice in wonderland (1951),0.000534271882541247
blue velvet (1986),0.0005340551511880582
"full monty, the (1997)",0.0005320320908425798
sixteen candles (1984),0.0005291124764483711
high fidelity (2000),0.0005273336188392976
richie rich (1994),0.0005270965705381066
star trek: the motion picture (1979),0.0005263447069381252
william shakespeare's romeo + juliet (1996),0.0005253733268439605
shaun of the dead (2004),0.0005250221638571141
pi (1998),0.0005249292847887245
fear and loathing in las vegas (1998),0.0005234837706554832
mission: impossible ii (2000),0.0005214233900838799
"great escape, the (1963)",0.0005207368808487176
erin brockovich (2000),0.0005199511079442866
juno (2007),0.0005150436510611393
shutter island (2010),0.0005145529286148207
children of men (2006),0.000512536358547444
lawrence of arabia (1962),0.0005114706490951848
big daddy (1999),0.0005110832418632721
sin city (2005),0.0005109706756296905
no country for old men (2007),0.0005086088858156246
reality bites (1994),0.000506444237494517
dumbo (1941),0.000505662596267028
primal fear (1996),0.0005055677975303511
that thing you do! (1996),0.0005055368285322948
"deer hunter, the (1978)",0.000503994586054479
300 (2007),0.0005028123802851663
"king's speech, the (2010)",0.0005018833667879855
galaxy quest (1999),0.0005012705274756639
101 dalmatians (1996),0.0004979869411336609
guardians of the galaxy (2014),0.0004979731137294933
eyes wide shut (1999),0.0004971314391721738
sneakers (1992),0.0004968906805508042
multiplicity (1996),0.0004966727799266591
"exorcist, the (1973)",0.0004936091514259521
"long kiss goodnight, the (1996)",0.0004934299929874436
in the name of the father (1993),0.0004933426397260057
"walk in the clouds, a (1995)",0.0004932961206400344
"birds, the (1963)",0.0004924919206196065
"craft, the (1996)",0.0004919752884586716
drop zone (1994),0.0004911614468535585
con air (1997),0.0004901215603147048
heavenly creatures (1994),0.0004898343669293643
election (1999),0.0004897945696773798
cinema paradiso (nuovo cinema paradiso) (1989),0.0004886034328919942
men in black ii (a.k.a. miib) (a.k.a. mib 2) (2002),0.0004882992036423446
"to wong foo, thanks for everything! julie newmar (1995)",0.0004880443686232711
dark city (1998),0.00048514593157635136
hotel rwanda (2004),0.00048470750524074705
"femme nikita, la (nikita) (1990)",0.00048307984059738903
milk money (1994),0.00048238474525363494
ghost in the shell (kôkaku kidôtai) (1995),0.00048180061734291323
rocky (1976),0.00048074905805983384
school of rock (2003),0.0004794913534361774
bonnie and clyde (1967),0.00047908823101492395
sling blade (1996),0.0004789086887656976
princess mononoke (mononoke-hime) (1997),0.0004788887999856466
manhattan (1979),0.00047864267140047833
50 first dates (2004),0.00047615211849940287
spider-man 2 (2004),0.0004728848156591662
emma (1996),0.0004726044557158178
three colors: white (trzy kolory: bialy) (1994),0.0004713138423391069
"devil wears prada, the (2006)",0.0004712553082298895
timecop (1994),0.0004710675152762631
sabrina (1954),0.0004700804962449951
kids (1995),0.00046882085164731696
the imitation game (2014),0.000467719799080876
mulholland drive (2001),0.0004663260943905356
smoke (1995),0.0004662693281503138
gone in 60 seconds (2000),0.0004660969464584572
american psycho (2000),0.0004654830920168876
night of the living dead (1968),0.000465210888144048
shallow grave (1994),0.00046473335228215733
escape from new york (1981),0.00046309763971572293
"wolf of wall street, the (2013)",0.00046249038258864124
robocop 3 (1993),0.0004611820065447986
"dark knight rises, the (2012)",0.00045980967063520675
raising arizona (1987),0.0004596215563622058
boys don't cry (1999),0.0004584766905746089
yes man (2008),0.0004573947010702658
miss congeniality (2000),0.00045688582558848926
sunset blvd. (a.k.a. sunset boulevard) (1950),0.0004548379489122826
rushmore (1998),0.0004545040345506009
the butterfly effect (2004),0.0004530685309405185
heavy metal (1981),0.0004523170095038588
"apartment, the (1960)",0.00044959700129921614
star trek iii: the search for spock (1984),0.00044866855885756975
arsenic and old lace (1944),0.0004486067831588078
friday (1995),0.0004483835002226376
roman holiday (1953),0.00044778051295343504
big fish (2003),0.0004477754978790271
pleasantville (1998),0.00044709690623546716
payback (1999),0.00044642465476228156
"grand day out with wallace and gromit, a (1989)",0.0004455342482715603
harry potter and the half-blood prince (2009),0.0004452730917116851
sgt. bilko (1996),0.0004441006446740523
forget paris (1995),0.0004438763080130868
four rooms (1995),0.00044194599339948253
"others, the (2001)",0.0004418487404305904
mean girls (2004),0.0004409581396667744
"beverly hillbillies, the (1993)",0.0004407568114399505
lost in translation (2003),0.00044038336656591535
virtuosity (1995),0.00044016904155811694
charlie's angels (2000),0.000440071715628725
harry potter and the goblet of fire (2005),0.00043820662204439414
"i, robot (2004)",0.00043640480813157505
sleeper (1973),0.0004357591389002433
raging bull (1980),0.0004320001974547961
"rocky horror picture show, the (1975)",0.0004304439566900166
immortal beloved (1994),0.0004296839818990905
crumb (1994),0.00042894739177254897
signs (2002),0.0004283679721911187
"people vs. larry flynt, the (1996)",0.00042833287292817215
"x-files: fight the future, the (1998)",0.0004277692287053594
akira (1988),0.000427675330335919
"paper, the (1994)",0.00042756772534262603
how to train your dragon (2010),0.0004275153800651298
"time to kill, a (1996)",0.00042735838826252984
my big fat greek wedding (2002),0.0004262889680312586
"little princess, a (1995)",0.0004257308506631642
dracula: dead and loving it (1995),0.0004251115065830903
exit to eden (1994),0.0004236307710040032
"hangover, the (2009)",0.00042222564366035264
cruel intentions (1999),0.0004209307170401158
wyatt earp (1994),0.00041973993652506174
mighty morphin power rangers: the movie (1995),0.00041944736401978446
courage under fire (1996),0.0004182672069764672
"thing, the (1982)",0.0004164307601337798
love actually (2003),0.00041386877072287573
28 days later (2002),0.00041316537987816376
assassins (1995),0.00041310976323003206
antz (1998),0.0004129787827488485
spy hard (1996),0.0004107838776268746
you've got mail (1998),0.0004103394786227616
wallace & gromit: the best of aardman animation (1996),0.00040842586137455
poltergeist (1982),0.000408305762680773
"few good men, a (1992)",0.0004083054466386528
patton (1970),0.00040606923285577156
batman & robin (1997),0.00040445134877891044
"illusionist, the (2006)",0.0004043499388926126
boomerang (1992),0.00040416413237873714
ninja scroll (jûbei ninpûchô) (1995),0.00040016006402561027
appleseed (appurushîdo) (2004),0.00040016006402561027
three colors: red (trois couleurs: rouge) (1994),0.0003997732673114921
highlander (1986),0.00039922282359864476
carrie (1976),0.0003991600798087332
alien³ (a.k.a. alien 3) (1992),0.0003989958225552599
how to make an american quilt (1995),0.00039725395717131603
dial m for murder (1954),0.0003964169919171338
clockers (1995),0.0003962032144221773
blade (1998),0.00039561501884219667
boys on the side (1995),0.0003932305371335309
star wars: episode iii - revenge of the sith (2005),0.0003930873045908065
nixon (1995),0.0003921477820114951
"italian job, the (2003)",0.00039207692182090226
"ref, the (1994)",0.0003917121692070732
all about eve (1950),0.0003883221486259524
django unchained (2012),0.0003872265196688539
"englishman who went up a hill but came down a mountain, the (1995)",0.00038562249517517806
runaway bride (1999),0.0003850004334916276
lone star (1996),0.0003842314381641396
star trek iv: the voyage home (1986),0.00038365701562198567
blow (2001),0.00038353979325712005
screamers (1995),0.00038293909114160446
zoolander (2001),0.0003815518191004786
hercules (1997),0.000381219716905229
"cell, the (2000)",0.0003809268857420278
"last samurai, the (2003)",0.0003794091092451521
"sword in the stone, the (1963)",0.00037695207763668084
black hawk down (2001),0.00037694637921164805
"secret garden, the (1993)",0.00037670083052874186
"goofy movie, a (1995)",0.0003750288612931624
star trek (2009),0.0003749116410375671
bound (1996),0.00037459124127228174
district 9 (2009),0.0003734229900655776
toy story 3 (2010),0.0003733469355902074
"royal tenenbaums, the (2001)",0.00037311721802758244
i am legend (2007),0.0003712918625360556
sleepy hollow (1999),0.00037083564319885585
deep impact (1998),0.00037000132919851
sliding doors (1998),0.00036871385994986393
bowling for columbine (2002),0.00036800163886448976
how to lose a guy in 10 days (2003),0.0003671157660871753
blood diamond (2006),0.0003653521935565577
houseguest (1994),0.00036532564940422853
"remains of the day, the (1993)",0.0003646174655078196
rush hour (1998),0.00036438239043174754
to catch a thief (1955),0.00036433369399862896
renaissance man (1994),0.0003629923036570608
boogie nights (1997),0.0003618418508076126
conspiracy theory (1997),0.0003617667845230388
"secret of roan inish, the (1994)",0.0003616441758712371
"juror, the (1996)",0.00036103067525872234
intouchables (2011),0.0003608283797434356
"bronx tale, a (1993)",0.0003601128450847554
a.i. artificial intelligence (2001),0.0003600037901714853
rosemary's baby (1968),0.00035975773456145294
black sheep (1996),0.0003593712111954302
final destination (2000),0.0003592452637057173
best in show (2000),0.0003558520209893225
pirates of the caribbean: dead man's chest (2006),0.0003554983102578678
wild wild west (1999),0.0003545870231584641
another stakeout (1993),0.00035386370972073503
austin powers in goldmember (2002),0.0003532845818714697
hot fuzz (2007),0.00035264989276674965
welcome to the dollhouse (1995),0.0003522634800137367
tomorrow never dies (1997),0.00035216079774207765
"corrina, corrina (1994)",0.00035182382440696004
major payne (1995),0.0003516720435388908
white squall (1996),0.0003488184757625632
things to do in denver when you're dead (1995),0.00034784636261237656
"social network, the (2010)",0.00034654008593829034
notorious (1946),0.00034586762170891154
bambi (1942),0.0003457618164022416
city hall (1996),0.0003432492828235096
cutthroat island (1995),0.00034261496155181857
"return of the pink panther, the (1975)",0.0003425314106679349
othello (1995),0.0003417704870390203
up close and personal (1996),0.00034166945614464366
mr. & mrs. smith (2005),0.0003415439290541862
"basketball diaries, the (1995)",0.0003411289523023129
money train (1995),0.00033762498082171656
tron (1982),0.00033599298718894443
constantine (2005),0.0003355002823379767
mystic river (2003),0.0003343699289841937
super size me (2004),0.0003343696414454566
"christmas story, a (1983)",0.0003337911788033838
"me, myself & irene (2000)",0.00033355086530454764
devil in a blue dress (1995),0.00033337273616869346
"untouchables, the (1987)",0.0003327950727143045
circle of friends (1995),0.00033264327258520433
"terminal, the (2004)",0.00033242915031760366
big hero 6 (2014),0.00033193807086656716
my neighbor totoro (tonari no totoro) (1988),0.00033129666602080054
harry potter and the deathly hallows: part 1 (2010),0.00033078897597070344
analyze this (1999),0.0003307661028724216
say anything... (1989),0.00033035858964804084
mulholland falls (1996),0.0003298384730883385
super mario bros. (1993),0.00032942114388621825
richard iii (1995),0.0003289859448389789
living in oblivion (1995),0.00032877137508956146
"chronicles of narnia: the lion, the witch and the wardrobe, the (2005)",0.0003282686855744497
lethal weapon 3 (1992),0.00032670579245598115
delicatessen (1991),0.0003260578289374401
unforgiven (1992),0.0003252869237269483
west side story (1961),0.000324925461576376
man on the moon (1999),0.0003237570547301247
barb wire (1996),0.00032360429011342
charlie and the chocolate factory (2005),0.00032169560984916877
wolf (1994),0.0003183021807268251
superbad (2007),0.0003178261067692521
hannibal (2001),0.00031763880009059997
serenity (2005),0.00031759143894063784
old boy (2003),0.00031664374022587026
heathers (1989),0.0003161491436429995
kalifornia (1993),0.0003161246327794131
romy and michele's high school reunion (1997),0.0003158556238339096
sudden death (1995),0.0003154277994672966
harry potter and the deathly hallows: part 2 (2011),0.0003152769339239919
stranger than fiction (2006),0.00031487033230656223
"ring, the (2002)",0.00031418854405193124
magnolia (1999),0.0003137318274697452
sliver (1993),0.0003129839707844589
murder in the first (1995),0.00031274090636809683
she's all that (1999),0.00031227381909360925
flirting with disaster (1996),0.0003122377221216923
eat drink man woman (yin shi nan nu) (1994),0.0003118328148694188
unbreakable (2000),0.00031132266438631154
jackie brown (1997),0.0003110611041902369
what women want (2000),0.00031096161490749857
"brothers mcmullen, the (1995)",0.0003109025884408494
ben-hur (1959),0.000309900782582144
"third man, the (1949)",0.000309806339441486
gangs of new york (2002),0.0003077714777198807
the machinist (2004),0.00030738778012128393
canadian bacon (1995),0.0003061320280311039
predator (1987),0.00030601684035360543
barcelona (1994),0.00030485764919338136
bringing up baby (1938),0.0003047011192047516
evil dead ii (dead by dawn) (1987),0.0003045635732260068
"manchurian candidate, the (1962)",0.0003039941483958307
lord of war (2005),0.0003031621329444106
harold and maude (1971),0.0003026569912235254
harry potter and the order of the phoenix (2007),0.00030258493053354546
lara croft: tomb raider (2001),0.00030220906370090285
(500) days of summer (2009),0.00030144896429737416
it could happen to you (1994),0.00030133035669474627
"curious case of benjamin button, the (2008)",0.0003005603133150043
manhattan murder mystery (1993),0.00030039687053791105
"rocketeer, the (1991)",0.0003003877841889824
insomnia (2002),0.00029999397027588457
sleepers (1996),0.00029963636840978834
glory (1989),0.00029905874566763977
"man in the iron mask, the (1998)",0.0002990492684502854
kung fu panda (2008),0.0002981740888262101
jury duty (1995),0.00029790658344375
"wes craven's new nightmare (nightmare on elm street part 7: freddy's finale, a) (1994)",0.0002978328389720171
chocolat (2000),0.0002977259493761975
"thomas crown affair, the (1999)",0.00029714881040797847
"next karate kid, the (1994)",0.00029607940309096304
"hitchhiker's guide to the galaxy, the (2005)",0.0002960134065961283
adaptation (2002),0.00029593723051570393
bedknobs and broomsticks (1971),0.0002956402756500577
deadpool (2016),0.0002954870784655798
dead man (1995),0.0002954838590613253
inside out (2015),0.0002954169101947509
taken (2008),0.00029495274317419543
it happened one night (1934),0.0002949162485368059
just cause (1995),0.0002942485810757025
"perfect world, a (1993)",0.0002939358997148224
"arrival, the (1996)",0.00029314715323345105
goldfinger (1964),0.0002928796718275555
"man without a face, the (1993)",0.00029173537736362895
zombieland (2009),0.0002910925007597667
the count of monte cristo (2002),0.00029092541424420777
strictly ballroom (1992),0.000290005519339151
in bruges (2008),0.0002899397942367047
beauty of the day (belle de jour) (1967),0.0002889219113087262
dune (1984),0.0002885909539367928
"thin red line, the (1998)",0.00028822558871164825
"prophecy, the (1995)",0.0002880709112148539
"player, the (1992)",0.0002879699925283732
gandhi (1982),0.0002878062736644711
garden state (2004),0.00028740564787084423
alien: resurrection (1997),0.00028714653844426504
nick of time (1995),0.00028645782759805215
hollow man (2000),0.0002856512262501908
once upon a time in the west (c'era una volta il west) (1968),0.0002854269240259794
lethal weapon 2 (1989),0.00028511432954790534
madagascar (2005),0.0002846519766692436
"grifters, the (1990)",0.0002844797774173683
babe: pig in the city (1998),0.00028411195858984176
"shadow, the (1994)",0.0002831999310256576
"day the earth stood still, the (1951)",0.0002825562709818722
"neverending story, the (1984)",0.0002822925846969035
"frighteners, the (1996)",0.0002818627143612602
star trek v: the final frontier (1989),0.00028181162385232654
serial mom (1994),0.000281555229788103
"last of the mohicans, the (1992)",0.00028031098707240876
pay it forward (2000),0.0002796399437403266
equilibrium (2002),0.0002791893976123949
nobody's fool (1994),0.00027889848943057883
boxing helena (1993),0.0002788469250288581
"misérables, les (1995)",0.00027837776797982747
i know what you did last summer (1997),0.00027808590295398623
"fox and the hound, the (1981)",0.0002763460402663617
anchorman: the legend of ron burgundy (2004),0.00027603345783497405
training day (2001),0.0002754749722475481
pearl harbor (2001),0.00027469663808838465
out of sight (1998),0.0002742235532630598
once were warriors (1994),0.00027394605600166225
walk the line (2005),0.0002736912605598515
howl's moving castle (hauru no ugoku shiro) (2004),0.00027222437953576496
miller's crossing (1990),0.0002708869069524426
gran torino (2008),0.0002695253372322413
mr. smith goes to washington (1939),0.00026944908274772176
whiplash (2014),0.00026868789652067447
dr. dolittle (1998),0.0002686348192421596
"lives of others, the (das leben der anderen) (2006)",0.0002673352615128631
bowfinger (1999),0.00026699024777274453
iron man 2 (2010),0.00026671851837095374
something to talk about (1995),0.00026636753275071496
ever after: a cinderella story (1998),0.0002662929984687167
saw (2004),0.0002653716722938974
angels in the outfield (1994),0.00026530725237668227
rush hour 2 (2001),0.0002647866280707567
beavis and butt-head do america (1996),0.00026376984305142654
collateral (2004),0.0002636084145506338
man on fire (2004),0.00026294617427807007
enemy at the gates (2001),0.0002628037783175689
mystery men (1999),0.00026197956424158235
short cuts (1993),0.0002616083751318443
planet of the apes (2001),0.0002600380740090142
"ghost and the darkness, the (1996)",0.00025984610296781753
rounders (1998),0.00025803351342075764
jack (1996),0.00025772610731178034
road to perdition (2002),0.00025763084398034493
"fast and the furious, the (2001)",0.00025756034197852226
persuasion (1995),0.00025727196286059475
fatal instinct (1993),0.00025699863666755123
what's love got to do with it? (1993),0.0002559413173109346
roger & me (1989),0.0002553045444951989
dracula (bram stoker's dracula) (1992),0.0002552003375577217
spider-man 3 (2007),0.0002546422782664857
scream 2 (1997),0.0002543969412514459
witness (1985),0.0002543378479479514
limitless (2011),0.0002535335562253703
the hunger games (2012),0.0002532189762873419
pirates of the caribbean: at world's end (2007),0.0002530685127074403
"seventh seal, the (sjunde inseglet, det) (1957)",0.00025270167534228386
wedding crashers (2005),0.0002525593949495702
"day after tomorrow, the (2004)",0.0002521056610595953
guardians of the galaxy 2 (2017),0.0002511505159309448
fried green tomatoes (1991),0.00025111368474431053
star trek: insurrection (1998),0.0002504284740806224
"producers, the (1968)",0.00025015139301220784
homeward bound ii: lost in san francisco (1996),0.00024948283055181616
arrival (2016),0.00024919848882810035
rebecca (1940),0.0002491738502775454
splash (1984),0.00024888859554621326
made in america (1993),0.0002488410252646902
"beach, the (2000)",0.00024818540953306403
american pie 2 (2001),0.00024738899673442153
x-men: the last stand (2006),0.0002472865059341117
village of the damned (1995),0.00024691434813268543
thor: ragnarok (2017),0.00024646566506761824
peter pan (1953),0.0002463524264983519
ronin (1998),0.00024558110475824844
borat: cultural learnings of america for make benefit glorious nation of kazakhstan (2006),0.0002451414363646472
entrapment (1999),0.00024493261531835725
exotica (1994),0.00024338586272470278
into the wild (2007),0.00024307237549217123
lilo & stitch (2002),0.0002430099441854055
american gangster (2007),0.00024294933396394133
blazing saddles (1974),0.0002429468365066979
pride & prejudice (2005),0.00024254442416611543
zootopia (2016),0.0002423380454258576
robin hood (1973),0.00024170912918061927
highlander iii: the sorcerer (a.k.a. highlander: the final dimension) (1994),0.00024080575959729906
homeward bound: the incredible journey (1993),0.00024069505079809538
"hate (haine, la) (1995)",0.00024025964207594126
stripes (1981),0.00024023693445273937
my cousin vinny (1992),0.000239637248008834
moulin rouge (2001),0.0002394551017079092
"lawnmower man, the (1992)",0.00023882257764836604
"grand budapest hotel, the (2014)",0.0002387269243709915
ready to wear (pret-a-porter) (1994),0.00023847973020692644
final fantasy: the spirits within (2001),0.00023838561351751376
"island of dr. moreau, the (1996)",0.00023776118223423076
planet of the apes (1968),0.00023689906003143235
"definitely, maybe (2008)",0.0002363658720749662
vampire in brooklyn (1995),0.00023636257168282965
sherlock holmes (2009),0.0002357751297094688
home for the holidays (1995),0.0002356961729166563
pink floyd: the wall (1982),0.00023558771075942491
"age of innocence, the (1993)",0.00023556454294017937
better off dead... (1985),0.00023477515842821247
tales from the crypt presents: demon knight (1995),0.00023455618640471956
henry v (1989),0.00023441390886199133
"kid in king arthur's court, a (1995)",0.00023428643187464125
free willy 2: the adventure home (1995),0.00023412685940772286
dante's peak (1997),0.0002335588799659865
"godfather: part iii, the (1990)",0.00023320041785656633
robin hood: prince of thieves (1991),0.00023310741264850987
waking ned devine (a.k.a. waking ned) (1998),0.00023212874760648685
about a boy (2002),0.00023208550719341692
anastasia (1997),0.00023157147460483847
troy (2004),0.0002314400560070243
arachnophobia (1990),0.00023132561147800291
never been kissed (1999),0.00023080894419602032
daylight (1996),0.00023070455083620245
panic room (2002),0.00022998837955704493
unstrung heroes (1995),0.00022993088863880026
"downfall (untergang, der) (2004)",0.00022988436641270958
clean slate (1994),0.00022957650654918804
fatal attraction (1987),0.0002294950133275801
"jerk, the (1979)",0.00022942137917403906
easy a (2010),0.00022871062692723134
hulk (2003),0.0002285847680398164
forgetting sarah marshall (2008),0.00022827941807530548
george of the jungle (1997),0.00022822546965205109
superman (1978),0.00022751663789795308
chasing liberty (2004),0.00022682428566180872
pushing tin (1999),0.00022667279241042387
scent of a woman (1992),0.00022649084009010025
the martian (2015),0.000226463148392086
father of the bride (1950),0.00022495281668498846
labyrinth (1986),0.0002245716029135622
street fighter (1994),0.00022437193647544562
superman ii (1980),0.00022411270523564335
watchmen (2009),0.00022391677582220233
"saint, the (1997)",0.00022367822390680913
october sky (1999),0.00022343622748549583
chain reaction (1996),0.00022326955615600835
red rock west (1992),0.00022315090658214383
modern times (1936),0.00022279779504898805
"holiday, the (2006)",0.0002226990705602922
son in law (1993),0.00022244985466163958
l.a. story (1991),0.0002220931634414852
crocodile dundee (1986),0.000221719915637056
shanghai noon (2000),0.00022133878350802437
"french connection, the (1971)",0.00022058495184652119
meet me in st. louis (1944),0.00022054590132252461
lost in space (1998),0.00022003822851300524
knocked up (2007),0.00021972511427904246
mary reilly (1996),0.00021953571879716383
mission to mars (2000),0.0002190781584952577
gremlins (1984),0.0002186341469657194
glengarry glen ross (1992),0.00021768234724814974
menace ii society (1993),0.00021727241966399975
x-men: first class (2011),0.0002171351940763355
crash (2004),0.0002165377173998086
"insider, the (1999)",0.00021636293046967375
beautiful girls (1996),0.00021606836798822505
grease 2 (1982),0.00021601264387264668
black beauty (1994),0.0002158854330839392
"crow: city of angels, the (1996)",0.00021587654870498338
gone girl (2014),0.00021554656707445152
remember the titans (2000),0.00021514465072729956
balto (1995),0.00021505666655868488
27 dresses (2008),0.000214531914496986
malice (1993),0.00021452396182488226
terms of endearment (1983),0.00021380926052067472
lord of illusions (1995),0.00021371463453409803
cops and robbersons (1994),0.00021331329109446713
despicable me (2010),0.00021329292939785966
vanilla sky (2001),0.00021306277152458651
"killing fields, the (1984)",0.00021214404722718486
close encounters of the third kind (1977),0.00021159077881628062
"walk to remember, a (2002)",0.00021130868099164402
"emperor's new groove, the (2000)",0.00021120164013758823
city of angels (1998),0.0002109797392451088
tom and huck (1995),0.0002108444250812089
restoration (1995),0.0002106987371515722
"professional, the (le professionnel) (1981)",0.00021046598422140968
spawn (1997),0.00020974730597069383
"american werewolf in london, an (1981)",0.00020953639988107668
police academy (1984),0.00020944109380949548
tangled (2010),0.00020931022369399975
american graffiti (1973),0.00020885189328972276
shall we dance? (shall we dansu?) (1996),0.00020800078699364865
his girl friday (1940),0.000207962349966284
tarzan (1999),0.0002076731625744975
wild things (1998),0.00020676217579072568
duck soup (1933),0.00020666841486518926
"addams family, the (1991)",0.00020658029530921018
"sex, lies, and videotape (1989)",0.00020605976845611843
lawnmower man 2: beyond cyberspace (1996),0.00020582102183312845
coyote ugly (2000),0.00020515846978649203
"fly, the (1986)",0.00020426529176728543
tropic thunder (2008),0.00020411809386379164
finding neverland (2004),0.00020410862552209868
laputa: castle in the sky (tenkû no shiro rapyuta) (1986),0.00020384627318031448
touch of evil (1958),0.00020329334629248647
in & out (1997),0.0002023184709897063
dog day afternoon (1975),0.0002022094770381188
frozen (2013),0.00020191426668214992
pretty in pink (1986),0.00020151619429408424
forbidden planet (1956),0.00020150234073269138
fast times at ridgemont high (1982),0.00020098146643283062
under siege (1992),0.00020048470924525548
"parent trap, the (1998)",0.00020028198912988256
strangers on a train (1951),0.0002001186974097633
"last emperor, the (1987)",0.00019986466678689898
wayne's world (1992),0.00019960415229846101
"jerky boys, the (1995)",0.00019928029487558478
scary movie (2000),0.0001991433830808736
harold and kumar go to white castle (2004),0.00019856154464932614
romancing the stone (1984),0.00019824277821515237
dunston checks in (1996),0.00019799012284286361
"talented mr. ripley, the (1999)",0.0001968805925735513
"phantom, the (1996)",0.00019671258445143477
patriot games (1992),0.00019625550436532823
conan the barbarian (1982),0.00019589775274841983
source code (2011),0.00019547423080471392
risky business (1983),0.00019523906676996038
"streetcar named desire, a (1951)",0.0001945954553737292
"prince of egypt, the (1998)",0.00019423015043319478
8 mile (2002),0.0001937322452357911
swimming with sharks (1995),0.0001934680275648534
"nightmare on elm street, a (1984)",0.00019286189316317312
death and the maiden (1994),0.00019232854039650832
"little rascals, the (1994)",0.0001919586043146357
deep blue sea (1999),0.00019123669124443188
do the right thing (1989),0.00019063741709582946
"proposal, the (2009)",0.00019055797888114433
sirens (1994),0.00019030996905042147
now and then (1995),0.0001895244510414484
"wedding date, the (2005)",0.00018879708864902038
fahrenheit 9/11 (2004),0.00018859338913365577
some folks call it a sling blade (1993),0.00018735210360452186
"perfect storm, the (2000)",0.0001872734912150473
double jeopardy (1999),0.00018638903284780452
misery (1990),0.00018618922302044593
red dragon (2002),0.0001860616864361921
bend it like beckham (2002),0.00018606052721538562
existenz (1999),0.0001853920291951213
in the army now (1994),0.00018489988794208266
the lego movie (2014),0.00018448956145645989
"gods must be crazy, the (1980)",0.00018399151573886307
hard target (1993),0.00018384358298781256
bring it on (2000),0.00018382336422973977
8 1/2 (8½) (1963),0.00018373460857912385
broadcast news (1987),0.00018353915083505439
"boondock saints, the (2000)",0.00018317183873366852
when we were kings (1996),0.00018304795446535003
"scarlet letter, the (1995)",0.00018247810899912155
barbarella (1968),0.00018232019271213876
"wings of desire (himmel über berlin, der) (1987)",0.00018230215233963547
blown away (1994),0.000182300004226627
beverly hills cop (1984),0.0001820553395527198
mixed nuts (1994),0.00018181451736475505
chicago (2002),0.0001815664461573568
moon (2009),0.00018117054603216176
amores perros (love's a bitch) (2000),0.00018049920529559883
bed of roses (1996),0.00018043776785424726
inside man (2006),0.0001803179852364882
frequency (2000),0.0001802363695909736
road trip (2000),0.00017993382372839345
sherlock holmes: a game of shadows (2011),0.000179916800688501
secrets & lies (1996),0.00017976639395335172
paths of glory (1957),0.00017975179530316915
"peacemaker, the (1997)",0.0001795667718492487
"simpsons movie, the (2007)",0.00017936457349275017
shine (1996),0.0001791225121777374
in the mouth of madness (1995),0.00017898738315628608
jingle all the way (1996),0.0001789492970677339
there will be blood (2007),0.00017844280625315743
kicking and screaming (1995),0.00017813207250176445
phone booth (2002),0.00017801326665518584
blast from the past (1999),0.0001776369761158311
"dirty dozen, the (1967)",0.00017722772889853071
"nosferatu (nosferatu, eine symphonie des grauens) (1922)",0.00017667704402330288
her (2013),0.00017642715500957413
u-571 (2000),0.0001750370157226114
lucky number slevin (2006),0.00017489609293098773
spaceballs (1987),0.0001743192379566904
pete's dragon (1977),0.00017410725579716695
happiness (1998),0.00017386702524833637
"virgin suicides, the (1999)",0.00017382267982346105
"whole nine yards, the (2000)",0.00017380856780686567
cube (1997),0.0001737675408538545
"red violin, the (violon rouge, le) (1998)",0.00017311749070317154
"help, the (2011)",0.00017311264685730145
hocus pocus (1993),0.00017292502304065864
swordfish (2001),0.00017281553835690806
elf (2003),0.00017254847872067743
shadowlands (1993),0.0001722272193839683
speechless (1994),0.00017206632505466888
angels and insects (1995),0.00017157269233369088
private parts (1997),0.00017127693694171325
"iron giant, the (1999)",0.0001712381235673005
"borrowers, the (1997)",0.0001709155932126625
dogville (2003),0.00017057453029479554
fearless (1993),0.00017037325057557077
stuart little (1999),0.00017010126155778084
godzilla (1998),0.00017002513604235764
go (1999),0.00016999459290659128
halloween (1978),0.00016977821448544122
"babysitter, the (1995)",0.00016973882534533782
bolt (2008),0.00016954891915665243
king kong (1933),0.0001694723797922435
waiting to exhale (1995),0.0001693712034738255
gosford park (2001),0.00016923647073326017
star wars: episode vii - the force awakens (2015),0.00016906339601993937
"league of their own, a (1992)",0.0001690005704806824
time bandits (1981),0.00016885314468461816
"great dictator, the (1940)",0.00016876284000386522
"naked gun: from the files of police squad!, the (1988)",0.00016869498379952445
all about my mother (todo sobre mi madre) (1999),0.00016868441592248517
"mummy returns, the (2001)",0.00016855509574230477
jay and silent bob strike back (2001),0.000167423661935619
flight of the navigator (1986),0.00016739381790076288
"wild bunch, the (1969)",0.00016737486105990377
bob roberts (1992),0.0001671539328786531
stigmata (1999),0.00016713070132998728
shooter (2007),0.00016704928115438466
cocoon (1985),0.00016702198841577352
flubber (1997),0.00016648806468012026
dead presidents (1995),0.0001664833080996288
doctor zhivago (1965),0.00016610448413119678
for a few dollars more (per qualche dollaro in più) (1965),0.00016592875531967955
terminator 3: rise of the machines (2003),0.00016548656072249215
quantum of solace (2008),0.00016511912114433217
waiting for guffman (1996),0.00016460607790300935
brave (2012),0.00016393940871618694
anaconda (1997),0.00016390121456736565
"da vinci code, the (2006)",0.0001634904855895132
"blind side, the  (2009)",0.00016333597951755942
"last king of scotland, the (2006)",0.0001629192617727043
on the waterfront (1954),0.00016285225997271675
antonia's line (antonia) (1995),0.00016242543615131342
farewell my concubine (ba wang bie ji) (1993),0.00016232539491157604
old school (2003),0.00016227923259541237
"neverending story iii, the (1994)",0.0001622015400366153
thelma & louise (1991),0.00016211744482012773
all the president's men (1976),0.00016201428063319717
patch adams (1998),0.0001618342529509183
napoleon dynamite (2004),0.00016169091061396586
corpse bride (2005),0.00016138187480914368
kingsman: the secret service (2015),0.0001612733974369073
around the world in 80 days (1956),0.00016025076596299688
babel (2006),0.00016004553651338227
"motorcycle diaries, the (diarios de motocicleta) (2004)",0.00015994626859023667
"road warrior, the (mad max 2) (1981)",0.00015976286538532151
dangerous liaisons (1988),0.00015971403725008727
beyond rangoon (1995),0.0001594889753752656
bill & ted's excellent adventure (1989),0.0001594441589459204
event horizon (1997),0.00015925674952802052
"jackal, the (1997)",0.00015917569251518398
six degrees of separation (1993),0.00015881667054852197
three kings (1999),0.00015870990921496416
robocop (1987),0.00015869185288357876
battlestar galactica (2003),0.00015861080461798108
home alone 2: lost in new york (1992),0.00015850687697818077
harriet the spy (1996),0.00015815009067188541
everyone says i love you (1996),0.0001578794992574936
oliver & company (1988),0.00015782271819859335
i love trouble (1994),0.00015776514105344058
from russia with love (1963),0.0001576456886454219
lost highway (1997),0.0001576304947054857
spy kids (2001),0.00015749529497941073
ex machina (2015),0.00015719290786831596
sweet home alabama (2002),0.000156844700971219
speed 2: cruise control (1997),0.0001568204822380041
dodgeball: a true underdog story (2004),0.00015676277192359876
dead alive (braindead) (1992),0.00015675636996255812
marley & me (2008),0.00015661818547102048
behind enemy lines (2001),0.0001564515317290544
"nightmare on elm street 5: the dream child, a (1989)",0.00015632116783948806
killing zoe (1994),0.00015624581466532043
blink (1994),0.00015615547143235856
stalker (1979),0.00015593459831218578
sphere (1998),0.00015588777064779285
being there (1979),0.00015574950021979216
young guns (1988),0.00015545150499143368
edge of tomorrow (2014),0.00015536734275723387
once upon a time in america (1984),0.0001551787362325753
charade (1963),0.0001547970798966184
m (1931),0.0001546651343222462
wag the dog (1997),0.00015455138740467199
"general's daughter, the (1999)",0.0001545091659582723
black swan (2010),0.00015440405948548985
"39 steps, the (1935)",0.0001543814341023995
jade (1995),0.00015422143945936914
little big man (1970),0.0001540966416600838
amistad (1997),0.00015407615694419511
"good morning, vietnam (1987)",0.0001539828554947861
"omen, the (1976)",0.00015395015969500936
"fistful of dollars, a (per un pugno di dollari) (1964)",0.00015391817459480388
when a man loves a woman (1994),0.00015307916615317054
pineapple express (2008),0.0001528093928845146
scream 3 (2000),0.0001522617665349468
don't be a menace to south central while drinking your juice in the hood (1996),0.0001521703266744101
ghostbusters ii (1989),0.0001521638183299829
stuart saves his family (1995),0.00015210530587530402
man of the house (1995),0.00015208239035923156
tales from the hood (1995),0.0001519134677332112
pitch black (2000),0.00015187363350949352
diabolique (1996),0.000151415057617595
"fog of war: eleven lessons from the life of robert s. mcnamara, the (2003)",0.00015135295019057314
punch-drunk love (2002),0.0001513105544644023
"man who would be king, the (1975)",0.0001510873043689834
"room with a view, a (1986)",0.00015103946941293387
rosencrantz and guildenstern are dead (1990),0.00015083014604049357
"conversation, the (1974)",0.00015080164506585628
scott pilgrim vs. the world (2010),0.0001506646728359188
local hero (1983),0.0001505544879176335
eye for an eye (1996),0.0001500413833314783
mickey blue eyes (1999),0.00014979296651159964
monty python's and now for something completely different (1971),0.0001496703285609273
"league of extraordinary gentlemen, the (a.k.a. lxg) (2003)",0.00014958880435015663
"amityville horror, the (1979)",0.0001493581037750669
how the grinch stole christmas (a.k.a. the grinch) (2000),0.00014917459736132292
g.i. jane (1997),0.00014912646220925359
only you (1994),0.00014908294477945119
little shop of horrors (1986),0.0001489715342418973
out of africa (1985),0.00014887418351719925
national lampoon's senior trip (1995),0.00014886781108265857
"girl with the dragon tattoo, the (2011)",0.00014871492410392493
big bully (1996),0.00014860774656665556
serpico (1973),0.0001484947213266584
step brothers (2008),0.00014805075869974357
in the mood for love (fa yeung nin wa) (2000),0.00014685757810283445
rising sun (1993),0.00014675028937824287
"dark crystal, the (1982)",0.0001467422832925735
cape fear (1991),0.00014644988019540007
"thin blue line, the (1988)",0.00014626313972232786
fly away home (1996),0.00014622991141806683
"cowboy way, the (1994)",0.00014603557639438142
caddyshack (1980),0.00014589914794381037
animal house (1978),0.0001458608209778075
christmas vacation (national lampoon's christmas vacation) (1989),0.00014564109038084762
about schmidt (2002),0.00014556486859844094
"girl with the dragon tattoo, the (män som hatar kvinnor) (2009)",0.0001454719076046334
my favorite year (1982),0.0001453478277022383
nausicaä of the valley of the wind (kaze no tani no naushika) (1984),0.0001449566688416224
8mm (1999),0.00014493439020661975
"first wives club, the (1996)",0.0001445508693340575
stardust (2007),0.0001442248927239366
color of night (1994),0.00014384549449689005
willow (1988),0.00014363641053087754
brokeback mountain (2005),0.0001435689989889141
trading places (1983),0.000143442713470014
jean de florette (1986),0.00014337325817958546
rocky iv (1985),0.00014307810363647415
varsity blues (1999),0.00014280575857068868
ran (1985),0.00014275693283206126
last man standing (1996),0.00014257073643607828
blade ii (2002),0.0001423884462064797
hero (ying xiong) (2002),0.00014235551280544545
weekend at bernie's (1989),0.00014207423690828561
"cinderella story, a (2004)",0.00014193854982616472
ice princess (2005),0.00014193854982616472
"nightmare on elm street 2: freddy's revenge, a (1985)",0.00014170161101619407
two weeks notice (2002),0.00014162162623272464
doctor strange (2016),0.00014149671325308557
safe (1995),0.00014145955485945233
bitter moon (1992),0.00014141726003689855
skyfall (2012),0.00014131544273545015
wild bill (1995),0.00014022681224960102
lethal weapon 4 (1998),0.00014002980433525062
"20,000 leagues under the sea (1954)",0.0001399689969193993
finding dory (2016),0.00013991813336261208
"big chill, the (1983)",0.000139811120849952
"knight's tale, a (2001)",0.00013976461576647054
days of thunder (1990),0.0001395805398584395
boiler room (2000),0.0001395780355845244
d3: the mighty ducks (1996),0.00013947505270668522
life of pi (2012),0.00013933368758536582
national treasure (2004),0.0001389798164741834
airplane ii: the sequel (1982),0.00013895205656581762
"faculty, the (1998)",0.0001384236628993761
first blood (rambo: first blood) (1982),0.00013726558627054025
working girl (1988),0.0001371806618849644
"killer, the (die xue shuang xiong) (1989)",0.00013713158953376512
cloverfield (2008),0.00013670871496194903
inspector gadget (1999),0.0001366715911104398
battle royale (batoru rowaiaru) (2000),0.00013633241381461264
cabin boy (1994),0.0001361947785229582
meet the fockers (2004),0.00013596147476640255
i am sam (2001),0.00013593749303225089
little big league (1994),0.00013586816901719313
captain america: the winter soldier (2014),0.00013553947634544562
thinner (1996),0.00013546317319219187
maid in manhattan (2002),0.00013533865842528948
"substitute, the (1996)",0.00013528656661428333
friends with benefits (2011),0.00013495938970079673
jaws 2 (1978),0.00013490075375977988
bad girls (1994),0.00013470961013739937
"american in paris, an (1951)",0.0001346615934271313
spy game (2001),0.0001344989067608601
"girl, interrupted (1999)",0.0001340847009552167
get out (2017),0.00013405531078592253
dr. horrible's sing-along blog (2008),0.00013403170733163638
silver linings playbook (2012),0.00013397995643190435
she's out of my league (2010),0.0001339480547572714
resident evil (2002),0.00013347356981137766
blade runner 2049 (2017),0.00013332150798547155
john tucker must die (2006),0.00013306713556616632
freaky friday (2003),0.00013296379651814226
mr. wrong (1996),0.0001327986327025199
jeffrey (1995),0.00013255463895892367
with honors (1994),0.00013251041267114602
real genius (1985),0.00013246999251500835
gravity (2013),0.00013223963333681198
big night (1996),0.0001320308289835826
coraline (2009),0.0001319269248506201
"world is not enough, the (1999)",0.00013175638443428786
white man's burden (1995),0.00013174716046484666
moonstruck (1987),0.00013144238618073505
"right stuff, the (1983)",0.00013117938710708783
"hurt locker, the (2008)",0.00013104582716485288
six days seven nights (1998),0.00013100820535599643
"ugly truth, the (2009)",0.00013076668792192143
top hat (1935),0.00013075263671889176
argo (2012),0.00013070384779091882
mutiny on the bounty (1935),0.00013040215389749065
"karate kid, the (1984)",0.00013025439078542673
dancer in the dark (2000),0.0001300748002985912
mad max: fury road (2015),0.00013006396944255144
25th hour (2002),0.00012943244586660044
solaris (2002),0.00012915879899346545
hook (1991),0.0001291465498991559
war of the worlds (2005),0.00012904684188227357
withnail & i (1987),0.00012871030625915533
cat on a hot tin roof (1958),0.00012869515927374153
monty python's the meaning of life (1983),0.0001285973876620994
fair game (1995),0.00012843641563185437
all quiet on the western front (1930),0.00012841637118301755
meet joe black (1998),0.0001282493257252884
"queen margot (reine margot, la) (1994)",0.00012822112764410937
evita (1996),0.00012821005784697146
"baby-sitters club, the (1995)",0.00012811749007901567
"mothman prophecies, the (2002)",0.0001279922961372065
kazaam (1996),0.00012797582555289534
avengers: infinity war - part i (2018),0.0001277264204717088
cobb (1994),0.00012736208980516429
"american tail, an (1986)",0.00012715336153238264
higher learning (1995),0.00012715243623249523
"air up there, the (1994)",0.0001270343600448408
megamind (2010),0.00012699875035166033
x-men: days of future past (2014),0.00012689271841984887
kiss kiss bang bang (2005),0.00012689105141087758
zodiac (2007),0.00012684783640084659
benny & joon (1993),0.00012683757704034344
"getaway, the (1994)",0.00012680707121535056
body snatchers (1993),0.0001267975755553954
iron man 3 (2013),0.00012649813851128375
"hobbit: an unexpected journey, the (2012)",0.00012615916123179165
no strings attached (2011),0.00012601197829238838
tales from the crypt presents: bordello of blood (1996),0.0001256326355825734
"good bye, lenin! (2003)",0.00012550949783488274
boyhood (2014),0.00012528577124355043
bloodsport 2 (a.k.a. bloodsport ii: the next kumite) (1996),0.00012523840769543967
cars (2006),0.00012509245398067444
hamlet (1996),0.00012494779071419609
summer of sam (1999),0.0001249297069281284
primer (2004),0.00012461491042701361
wreck-it ralph (2012),0.00012435826228776516
thank you for smoking (2006),0.00012425712913235448
anger management (2003),0.00012359533086371856
first strike (police story 4: first strike) (ging chaat goo si 4: ji gaan daan yam mo) (1996),0.00012357497902028617
vicky cristina barcelona (2008),0.0001234786213083982
bull durham (1988),0.00012344747791200798
"chronicles of riddick, the (2004)",0.0001230360257715392
koyaanisqatsi (a.k.a. koyaanisqatsi: life out of balance) (1983),0.00012291859819574976
28 days (2000),0.00012279335004501506
uptown girls (2003),0.00012272856988792072
crocodile dundee ii (1988),0.0001226867708138465
rebel without a cause (1955),0.00012246308904839307
k-pax (2001),0.00012233985369995126
¡three amigos! (1986),0.00012227381023450544
house on haunted hill (1999),0.00012225664226506972
national treasure: book of secrets (2007),0.00012199812486596634
"quest, the (1996)",0.00012186140508112052
repo man (1984),0.00012185624090567182
broken flowers (2005),0.00012182185150022594
transformers (2007),0.00012161138849927459
bad taste (1987),0.00012150118064103982
metropolis (1927),0.0001210186552406811
"umbrellas of cherbourg, the (parapluies de cherbourg, les) (1964)",0.0001208050034117814
supercop (police story 3: supercop) (jing cha gu shi iii: chao ji jing cha) (1992),0.00012064530440842816
ocean's twelve (2004),0.00012058077966665799
the hunger games: catching fire (2013),0.00012050091984407184
captain america: the first avenger (2011),0.00012044924778611643
driving miss daisy (1989),0.00012025345429495646
the intern (2015),0.00012021313187582807
titan a.e. (2000),0.00012010667065510328
even cowgirls get the blues (1993),0.00012009597659105349
role models (2008),0.00012006368924375351
fantastic four (2005),0.0001200270054792028
charlotte's web (1973),0.00011982535715273989
"mighty ducks, the (1992)",0.00011981931219342275
escape to witch mountain (1975),0.00011940009481078788
buffy the vampire slayer (1992),0.00011921496845147812
romper stomper (1992),0.00011878222279150832
despicable me 2 (2013),0.00011855734305719207
breakdown (1997),0.0001184767601286032
avengers: age of ultron (2015),0.00011834381542220922
"dude, where's my car? (2000)",0.0001182901570686383
indiana jones and the kingdom of the crystal skull (2008),0.00011779533217986531
kids in the hall: brain candy (1996),0.00011777556656028622
national lampoon's vacation (1983),0.00011743235018382994
i'll do anything (1994),0.00011728825533512924
bridesmaids (2011),0.00011727950075783124
creepshow (1982),0.00011721694025345985
priest (1994),0.00011717005588830507
billy elliot (2000),0.00011707873835305145
fresh (1994),0.00011687453993957883
logan's run (1976),0.00011687385742388889
vanya on 42nd street (1994),0.00011659901010145033
kick-ass (2010),0.00011653999283593782
accepted (2006),0.00011653379351383163
ray (2004),0.0001165128913034373
grindhouse (2007),0.0001165020890580138
backbeat (1993),0.00011648134211155391
old yeller (1957),0.00011600489389487241
thor (2011),0.00011560267791471869
"house bunny, the (2008)",0.00011554330530033855
"ice storm, the (1997)",0.0001154434084959126
sophie's choice (1982),0.00011544099645981456
cloudy with a chance of meatballs (2009),0.00011532083810662626
seven years in tibet (1997),0.00011517084652727614
kiss the girls (1997),0.00011505390148022285
from here to eternity (1953),0.00011503223287387756
kiss of death (1995),0.00011500942025302518
"celebration, the (festen) (1998)",0.00011488057563159759
get smart (2008),0.000114660205063174
"naked gun 2 1/2: the smell of fear, the (1991)",0.00011453755391338335
jude (1996),0.00011436023348393161
microcosmos (microcosmos: le peuple de l'herbe) (1996),0.0001142620523524195
i still know what you did last summer (1998),0.0001139051619738914
under the tuscan sun (2003),0.00011369785220190527
ninotchka (1939),0.00011366047187561888
holiday inn (1942),0.00011352535132867552
grave of the fireflies (hotaru no haka) (1988),0.00011349372500768036
twilight (2008),0.00011341227011466256
rise of the guardians (2012),0.00011335546363423491
down by law (1986),0.00011327787357980819
midnight cowboy (1969),0.0001132379551343028
"muppet movie, the (1979)",0.00011313785415725965
what lies beneath (2000),0.000113040201682347
half baked (1998),0.00011299725532311502
"big blue, the (grand bleu, le) (1988)",0.0001129277380891901
13 going on 30 (2004),0.00011289255412559517
faster pussycat! kill! kill! (1965),0.00011286220281408662
van helsing (2004),0.00011275453983284813
anne frank remembered (1995),0.00011272161749264052
"low down dirty shame, a (1994)",0.00011261660792310643
burnt by the sun (utomlyonnye solntsem) (1994),0.00011255479651960435
"mexican, the (2001)",0.00011248397786219064
heavyweights (heavy weights) (1995),0.00011243306367358585
tootsie (1982),0.00011228977015322073
elizabeth (1998),0.00011198765840878913
sister act (1992),0.00011184343577800014
elite squad (tropa de elite) (2007),0.00011180857262826932
"13th warrior, the (1999)",0.00011163668357358814
eurotrip (2004),0.00011163538616507358
resident evil: apocalypse (2004),0.00011160603027774228
"life aquatic with steve zissou, the (2004)",0.0001112976918323912
ice age 2: the meltdown (2006),0.00011126335712729198
"bodyguard, the (1992)",0.0001111718755838951
swiss family robinson (1960),0.00011070730479007895
"aviator, the (2004)",0.0001107001671166403
murder by numbers (2002),0.00011058634530081503
lara croft tomb raider: the cradle of life (2003),0.00011057728530046754
nurse betty (2000),0.00011051189232010546
"big green, the (1995)",0.00011006480189733446
incredibles 2 (2018),0.00010991530574439349
french twist (gazon maudit) (1995),0.00010984307891989109
21 grams (2003),0.00010983714513509672
farinelli: il castrato (1994),0.00010963917045417996
milk (2008),0.00010955532597226631
"princess and the frog, the (2009)",0.00010932340764473559
"amazing spider-man, the (2012)",0.00010926346453978423
inside job (2010),0.00010915352759700915
she's the man (2006),0.00010914050051556361
fletch (1985),0.00010913172380716296
divergent (2014),0.00010907606581219564
"400 blows, the (les quatre cents coups) (1959)",0.00010896744908852425
all dogs go to heaven 2 (1996),0.00010828769345898826
mad max (1979),0.00010825411366076262
"planes, trains & automobiles (1987)",0.0001081075288457901
matchstick men (2003),0.00010801508610745584
sweeney todd: the demon barber of fleet street (2007),0.0001079688137345779
"pagemaster, the (1994)",0.00010780034287545401
stop making sense (1984),0.00010779672193336415
striking distance (1993),0.00010779316911763425
bulworth (1998),0.00010776874066158109
police academy 2: their first assignment (1985),0.00010775114722392121
"young victoria, the (2009)",0.00010772285047936077
"other boleyn girl, the (2008)",0.00010772285047936077
it takes two (1995),0.00010770561039095567
fled (1996),0.00010758654659459967
eight men out (1988),0.00010751274377750392
"war, the (1994)",0.00010744265068365799
winnie the pooh and the blustery day (1968),0.00010743445593663829
miracle on 34th street (1947),0.000107255603753606
"karate kid, part ii, the (1986)",0.00010703409026466943
enchanted (2007),0.00010699364555110066
dirty harry (1971),0.00010696039176163753
flipper (1996),0.0001068975024778306
master and commander: the far side of the world (2003),0.00010678162551461086
"golden compass, the (2007)",0.00010677097742250389
midnight in the garden of good and evil (1997),0.00010672091763881894
looper (2012),0.00010663742474294287
"three caballeros, the (1945)",0.00010657444593539844
theodore rex (1995),0.00010653504298518396
diner (1982),0.00010649277018053999
jfk (1991),0.00010638530802008216
"town, the (2010)",0.00010637836737641186
"bone collector, the (1999)",0.00010631202992021054
"devil's own, the (1997)",0.00010623757920942457
"negotiator, the (1998)",0.00010621126390422594
windtalkers (2002),0.00010620359019031746
city slickers (1991),0.00010606584916506416
drive (2011),0.00010603207618227746
gigi (1958),0.00010592633533905755
shallow hal (2001),0.0001059157337237865
kramer vs. kramer (1979),0.00010590921654544681
we were soldiers (2002),0.00010559117002387829
"doom generation, the (1995)",0.00010552661809542431
thor: the dark world (2013),0.00010547596646708651
joe's apartment (1996),0.00010513100396531205
"sea inside, the (mar adentro) (2004)",0.00010506219597142495
little buddha (1993),0.00010503362025701888
can't hardly wait (1998),0.00010493925906483826
"dictator, the (2012)",0.00010491430338344396
ocean's thirteen (2007),0.00010471833214574252
daredevil (2003),0.00010469874550847865
fireworks (hana-bi) (1997),0.00010455344750428787
"road to wellville, the (1994)",0.0001043800292801088
wallace & gromit in the curse of the were-rabbit (2005),0.00010434555859855003
cheech and chong's up in smoke (1978),0.00010427784885875516
fools rush in (1997),0.00010424121883331476
losing isaiah (1995),0.00010420343154626708
"little shop of horrors, the (1960)",0.00010414215990148004
"thin man, the (1934)",0.00010408059056917252
cold comfort farm (1995),0.00010399940817172672
coco (2017),0.00010391934692408742
star trek: nemesis (2002),0.00010388722154086938
yellow submarine (1968),0.00010352981822981086
"assassination of jesse james by the coward robert ford, the (2007)",0.00010351075882412038
"princess diaries, the (2001)",0.00010334726364642953
birdman: or (the unexpected virtue of ignorance) (2014),0.00010329770035417202
21 (2008),0.00010310390219466902
bedazzled (2000),0.0001030672710736777
national lampoon's van wilder (2002),0.00010291483855944298
two if by sea (1996),0.00010286807549552429
"blob, the (1958)",0.00010276140459658639
lemony snicket's a series of unfortunate events (2004),0.0001027441289794923
hellraiser: bloodline (1996),0.00010262850732230237
everest (1998),0.00010242742038808707
sleeping beauty (1959),0.0001022378862192879
the theory of everything (2014),0.00010195193040039223
"sum of all fears, the (2002)",0.00010165633343141764
mercury rising (1998),0.00010162816520571457
desperately seeking susan (1985),0.00010157912291940408
cinderella man (2005),0.00010135612407996325
along came polly (2004),0.00010126482762695771
"poseidon adventure, the (1972)",0.00010123800415753549
touching the void (2003),0.00010117868076489145
"alphaville (alphaville, une étrange aventure de lemmy caution) (1965)",0.0001011123355357168
dinosaur (2000),0.00010094018531766882
arlington road (1999),0.00010093641651616152
manon of the spring (manon des sources) (1986),0.00010076627678266897
"love bug, the (1969)",0.00010069671259784922
something's gotta give (2003),0.00010065556827498228
"fisher king, the (1991)",0.00010056855751294357
ruby in paradise (1993),0.00010047076217490749
confessions of a teenage drama queen (2004),0.00010047010396495259
raise the red lantern (da hong deng long gao gao gua) (1991),0.00010036339131173195
aladdin and the king of thieves (1996),0.00010028731955572312
about time (2013),0.00010026831758985011
first daughter (2004),0.00010011723529998467
stir of echoes (1999),0.00010005500296522842
"rainmaker, the (1997)",0.0001000145562934856
north (1994),9.997817231826707e-05
"perks of being a wallflower, the (2012)",9.993781750003731e-05
space cowboys (2000),9.972617972006843e-05
"cider house rules, the (1999)",9.969706103136699e-05
"hustler, the (1961)",9.968465524710888e-05
"das experiment (experiment, the) (2001)",9.965901204956454e-05
dragonfly (2002),9.965683741476346e-05
birthday girl (2001),9.965683741476346e-05
frailty (2001),9.965683741476346e-05
go fish (1994),9.960983928989555e-05
midway (1976),9.952808712601411e-05
play misty for me (1971),9.952808712601411e-05
"gauntlet, the (1977)",9.952808712601411e-05
"parent trap, the (1961)",9.93978590092349e-05
deadpool 2 (2018),9.928241805898924e-05
"nightmare on elm street 4: the dream master, a (1988)",9.915608054594076e-05
beautiful thing (1996),9.892270770800481e-05
"cook the thief his wife & her lover, the (1989)",9.874397397826687e-05
widows' peak (1994),9.857268872816768e-05
private benjamin (1980),9.8561906096758e-05
"maltese falcon, the (a.k.a. dangerous female) (1931)",9.85082859161442e-05
little nicky (2000),9.842693335239684e-05
u.s. marshals (1998),9.840841485582306e-05
princess caraboo (1994),9.840048422056987e-05
bushwhacked (1995),9.835078470429802e-05
"hobbit: the desolation of smaug, the (2013)",9.821824251279414e-05
eddie (1996),9.795599500076415e-05
american sniper (2014),9.794757314268598e-05
sideways (2004),9.793641293433337e-05
"education, an (2009)",9.791872793002287e-05
"perfect murder, a (1998)",9.790652603514956e-05
watership down (1978),9.778510652509932e-05
oliver! (1968),9.778123473437987e-05
doctor dolittle (1967),9.776567969735391e-05
"girl next door, the (2004)",9.76953542360501e-05
match point (2005),9.760116238507272e-05
"crossing guard, the (1995)",9.756906830009334e-05
"legally blonde 2: red, white & blonde (2003)",9.756414827026528e-05
"prince & me, the (2004)",9.756414827026528e-05
"princess diaries 2: royal engagement, the (2004)",9.756414827026528e-05
what a girl wants (2003),9.756414827026528e-05
house arrest (1996),9.751327729879669e-05
"treasure of the sierra madre, the (1948)",9.749443557998511e-05
twelfth night (1996),9.749290556314592e-05
captain phillips (2013),9.749228704117552e-05
kika (1993),9.740069507440287e-05
"texas chainsaw massacre, the (1974)",9.71761884030116e-05
kolya (kolja) (1996),9.715831209892954e-05
"glimmer man, the (1996)",9.713286775163584e-05
hellboy (2004),9.712213304318909e-05
up in the air (2009),9.709523832585623e-05
excalibur (1981),9.705795053161084e-05
friday the 13th (1980),9.704376219268909e-05
swept away (travolti da un insolito destino nell'azzurro mare d'agosto) (1975),9.704360979293346e-05
"amazing panda adventure, the (1995)",9.70174164020807e-05
"night at the roxbury, a (1998)",9.6957545969791e-05
elling (2001),9.686991622779431e-05
"last seduction, the (1994)",9.686991622779431e-05
"king of comedy, the (1983)",9.686991622779431e-05
horrible bosses (2011),9.682581491218516e-05
2012 (2009),9.677507590858158e-05
logan (2017),9.659069939031814e-05
phantasm (1979),9.652729719529763e-05
friday the 13th part 3: 3d (1982),9.651942462806489e-05
"fly ii, the (1989)",9.651942462806489e-05
friday the 13th part iv: the final chapter (1984),9.651942462806489e-05
2 days in the valley (1996),9.641808136826878e-05
michael (1996),9.640911165048193e-05
underworld (2003),9.636967943997157e-05
fright night (1985),9.635910034067101e-05
robocop 2 (1990),9.620810991334443e-05
candyman (1992),9.613163125180784e-05
"wrestler, the (2008)",9.59667301774105e-05
m*a*s*h (a.k.a. mash) (1970),9.593797672566214e-05
ridicule (1996),9.588884315439286e-05
harvey (1950),9.561879805943679e-05
badlands (1973),9.56034493380334e-05
jane eyre (1996),9.560082771851552e-05
andre (1994),9.546084684307941e-05
dead calm (1989),9.544907122522469e-05
pacific heights (1990),9.544907122522469e-05
live free or die hard (2007),9.544170595880698e-05
hairspray (2007),9.525274797816574e-05
"sorcerer's apprentice, the (2010)",9.5249854224349e-05
jurassic park iii (2001),9.503742427691154e-05
mad love (1995),9.487530107493422e-05
"edge, the (1997)",9.47657248433607e-05
"fan, the (1996)",9.4563352486063e-05
moonrise kingdom (2012),9.436677035325696e-05
"fog, the (1980)",9.429733706241191e-05
cape fear (1962),9.426227800970993e-05
gremlins 2: the new batch (1990),9.417765026631259e-05
"legend of drunken master, the (jui kuen ii) (1994)",9.413425117217803e-05
"transporter, the (2002)",9.413230984062673e-05
"waterboy, the (1998)",9.408529195900587e-05
burn after reading (2008),9.40115876521879e-05
melancholia (2011),9.386498128058438e-05
coming to america (1988),9.362944644924953e-05
young guns ii (1990),9.362661380551607e-05
serendipity (2001),9.359112668982322e-05
"'burbs, the (1989)",9.356507278689315e-05
"wedding planner, the (2001)",9.348607795885264e-05
fear (1996),9.346844401520883e-05
to live (huozhe) (1994),9.340973031732113e-05
saw iii (2006),9.325976743997777e-05
déjà vu (deja vu) (2006),9.319197267594956e-05
"house of the spirits, the (1993)",9.318859069188474e-05
"dreamers, the (2003)",9.310667036950531e-05
bananas (1971),9.306800547111164e-05
rocky iii (1982),9.286963104603225e-05
"three billboards outside ebbing, missouri (2017)",9.277449718027888e-05
"ghost and mrs. muir, the (1947)",9.268240604374926e-05
king kong (1976),9.264061785765296e-05
licence to kill (1989),9.247127973956963e-05
"puppet masters, the (1994)",9.243534024628964e-05
wild tales (2014),9.236259176254208e-05
"hurricane, the (1999)",9.220739630059943e-05
my life in pink (ma vie en rose) (1997),9.219762533965191e-05
orgazmo (1997),9.217136137994184e-05
smilla's sense of snow (1997),9.214242640390285e-05
50/50 (2011),9.199256224498729e-05
before and after (1996),9.184398033040868e-05
before sunset (2004),9.182750710043727e-05
blues brothers 2000 (1998),9.154040860642941e-05
tea with mussolini (1999),9.151629674249499e-05
"american werewolf in paris, an (1997)",9.149344142483627e-05
passion fish (1992),9.127786682366668e-05
step up (2006),9.127459222862083e-05
footloose (1984),9.127459222862083e-05
primary colors (1998),9.091189081773715e-05
gaslight (1944),9.077043944657887e-05
"rescuers, the (1977)",9.071497426673905e-05
what happens in vegas... (2008),9.047448283421295e-05
bad santa (2003),9.042229806996542e-05
deuce bigalow: male gigolo (1999),9.026509741940223e-05
smoke signals (1998),9.0259721041895e-05
frankenstein (1931),9.00920836688387e-05
"nights of cabiria (notti di cabiria, le) (1957)",9.003806528421225e-05
"jewel of the nile, the (1985)",9.002701149648655e-05
robots (2005),9.00150246253552e-05
easy rider (1969),8.998415880128569e-05
tron: legacy (2010),8.995304915828328e-05
"crazy, stupid, love. (2011)",8.971934558833238e-05
final destination 2 (2003),8.957052793549049e-05
new jersey drive (1995),8.940025582792313e-05
"history of violence, a (2005)",8.936208043310714e-05
forces of nature (1999),8.931690147952992e-05
"other sister, the (1999)",8.931690147952992e-05
monsters university (2013),8.91591193480888e-05
bridget jones: the edge of reason (2004),8.915732652504588e-05
arizona dream (1993),8.908997917249649e-05
body of lies (2008),8.901188219623294e-05
pink flamingos (1972),8.891920391392009e-05
"contender, the (2000)",8.888432327357535e-05
girl 6 (1996),8.888319886874673e-05
nightcrawler (2014),8.883194363073067e-05
baby mama (2008),8.88020848175171e-05
funny face (1957),8.876845508109084e-05
for love of the game (1999),8.87678887341486e-05
"black cauldron, the (1985)",8.875610474067837e-05
cyrano de bergerac (1990),8.864449018787505e-05
"avengers, the (1998)",8.860119144209324e-05
"hunt, the (jagten) (2012)",8.859865936842582e-05
rashomon (rashômon) (1950),8.842757541236783e-05
he's just not that into you (2009),8.837251648519477e-05
drop dead gorgeous (1999),8.831842998528153e-05
monster's ball (2001),8.829040222724454e-05
unforgettable (1996),8.823124591553317e-05
scrooged (1988),8.810310005230693e-05
babes in toyland (1961),8.799935570712972e-05
"general, the (1926)",8.796548468960429e-05
whale rider (2002),8.794563387485451e-05
grumpy old men (1993),8.788597328113077e-05
atlantis: the lost empire (2001),8.755210516228593e-05
identity (2003),8.753463343268776e-05
drugstore cowboy (1989),8.74601883963396e-05
"legend of bagger vance, the (2000)",8.735557445279895e-05
"lion in winter, the (1968)",8.732957294530481e-05
the hunger games: mockingjay - part 1 (2014),8.732031876789985e-05
selena (1997),8.703435237502688e-05
bicycle thieves (a.k.a. the bicycle thief) (a.k.a. the bicycle thieves) (ladri di biciclette) (1948),8.683241438020249e-05
apocalypto (2006),8.682057773056978e-05
throw momma from the train (1987),8.680136826129392e-05
blame it on rio (1984),8.680136826129392e-05
nine to five (a.k.a. 9 to 5) (1980),8.680136826129392e-05
celtic pride (1996),8.678255799096554e-05
"relic, the (1997)",8.678255799096554e-05
ant-man (2015),8.676000233136315e-05
mrs. parker and the vicious circle (1994),8.665468171029005e-05
tom & viv (1994),8.665468171029005e-05
before the rain (pred dozhdot) (1994),8.665468171029005e-05
she's the one (1996),8.663487782065306e-05
elite squad: the enemy within (tropa de elite 2 - o inimigo agora é outro) (2010),8.653314352351197e-05
"batman: the dark knight returns, part 2 (2013)",8.653314352351196e-05
terminal velocity (1994),8.648605020886843e-05
cookie's fortune (1999),8.636618959536452e-05
frida (2002),8.630708262896358e-05
xxx (2002),8.624805589633345e-05
"postman, the (1997)",8.601061500913449e-05
3000 miles to graceland (2001),8.581925751615814e-05
"affair to remember, an (1957)",8.564839065686641e-05
date night (2010),8.564655031316891e-05
just go with it (2011),8.564655031316891e-05
u turn (1997),8.560313582031523e-05
mr. deeds (2002),8.558823548501408e-05
"howling, the (1980)",8.551951892640772e-05
pride and prejudice (1995),8.544472927234155e-05
halloween: the curse of michael myers (halloween 6: the curse of michael myers) (1995),8.539620819192912e-05
secretary (2002),8.532924119906996e-05
police academy 3: back in training (1986),8.529198278125428e-05
"visitors, the (visiteurs, les) (1993)",8.519949682215104e-05
soylent green (1973),8.516629429002145e-05
"straight story, the (1999)",8.51590826102894e-05
beneath the planet of the apes (1970),8.508530517410257e-05
blue in the face (1995),8.498062776411114e-05
exit through the gift shop (2010),8.491765814813153e-05
edtv (1999),8.475388678162447e-05
feeling minnesota (1996),8.469065220585839e-05
"book of eli, the (2010)",8.4614695596814e-05
we're the millers (2013),8.458315831350117e-05
the book of life (2014),8.450660433980106e-05
rango (2011),8.450660433980106e-05
dr. no (1962),8.444869417571725e-05
ice age: dawn of the dinosaurs (2009),8.442174534783266e-05
10 cloverfield lane (2016),8.442174534783266e-05
"i love you, man (2009)",8.439103690333148e-05
crash (1996),8.431528600172916e-05
my crazy life (mi vida loca) (1993),8.427844769686214e-05
heidi fleiss: hollywood madam (1995),8.427844769686214e-05
"man for all seasons, a (1966)",8.421898400457392e-05
any given sunday (1999),8.419720242486205e-05
drunken master (jui kuen) (1978),8.403361571307413e-05
super troopers (2001),8.402359657089489e-05
"incredible hulk, the (2008)",8.401491611062733e-05
maleficent (2014),8.389658822223115e-05
madagascar: escape 2 africa (2008),8.372444308943317e-05
not another teen movie (2001),8.368769063788573e-05
leap year (2010),8.363584217899062e-05
just friends (2005),8.363584217899062e-05
on golden pond (1981),8.360046473212548e-05
"money pit, the (1986)",8.353084353675359e-05
"fly, the (1958)",8.350901958762055e-05
horrible bosses 2 (2014),8.350789583568883e-05
pitch perfect (2012),8.350789583568883e-05
pitch perfect 2 (2015),8.350789583568883e-05
for love or money (1993),8.350092462451226e-05
fantasia 2000 (1999),8.350004334483092e-05
seven pounds (2008),8.349116671508812e-05
city lights (1931),8.346883143190769e-05
"spring, summer, fall, winter... and spring (bom yeoreum gaeul gyeoul geurigo bom) (2003)",8.34641020015432e-05
"spitfire grill, the (1996)",8.342465995271271e-05
"blue lagoon, the (1980)",8.337320252785506e-05
small soldiers (1998),8.334835738715293e-05
mr. wonderful (1993),8.324776772076052e-05
far from heaven (2002),8.324251102486134e-05
no man's land (2001),8.318855185096468e-05
"misérables, les (1998)",8.315842832365192e-05
paris is burning (1990),8.31020455433063e-05
"adjustment bureau, the (2011)",8.30571359708907e-05
"hard day's night, a (1964)",8.302401674554658e-05
scooby-doo (2002),8.294259913992611e-05
"astronaut's wife, the (1999)",8.293059518324837e-05
click (2006),8.291896864121237e-05
all dogs go to heaven (1989),8.291588513877133e-05
superman iii (1983),8.291381997471226e-05
"6th day, the (2000)",8.26091303576236e-05
michael clayton (2007),8.259411105975201e-05
"other guys, the (2010)",8.253639087555981e-05
"pallbearer, the (1996)",8.253019793598135e-05
"island, the (2005)",8.2341205684383e-05
"scout, the (1994)",8.22852620931974e-05
ip man (2008),8.227989764718894e-05
autumn sonata (höstsonaten) (1978),8.218566531921893e-05
breaking the waves (1996),8.218566531921893e-05
michael collins (1996),8.209188454496813e-05
batman: mask of the phantasm (1993),8.201880811026214e-05
hugo (2011),8.198859186995371e-05
"name of the rose, the (name der rose, der) (1986)",8.193415926824954e-05
"adventures of buckaroo banzai across the 8th dimension, the (1984)",8.190566046513074e-05
rush (2013),8.189619929663669e-05
love affair (1994),8.180605301850034e-05
shark tale (2004),8.17921836172249e-05
"golden child, the (1986)",8.17581498033677e-05
dunkirk (2017),8.172658145908957e-05
"unbearable lightness of being, the (1988)",8.169288681241635e-05
monster (2003),8.15790986745647e-05
cemetery man (dellamorte dellamore) (1994),8.1491442116019e-05
sky captain and the world of tomorrow (2004),8.147512624077466e-05
13 ghosts (1960),8.145990208728986e-05
102 dalmatians (2000),8.145314305601984e-05
"adventures of robin hood, the (1938)",8.144793898570886e-05
instinct (1999),8.140042146579938e-05
ghost rider (2007),8.12312754456114e-05
stick it (2006),8.122433359606865e-05
bewitched (2005),8.122433359606865e-05
underground (1995),8.120345364024191e-05
chungking express (chung hing sam lam) (1994),8.117875930334687e-05
dick tracy (1990),8.110654749753253e-05
lassie (1994),8.10367487317995e-05
mouse hunt (1997),8.089541701568376e-05
kansas city (1996),8.088478129060756e-05
judgment night (1993),8.087781513944825e-05
somewhere in time (1980),8.080586602522866e-05
"perfect candidate, a (1996)",8.079730057037324e-05
"war room, the (1993)",8.079017210326315e-05
flashdance (1983),8.07313555910547e-05
jacob's ladder (1990),8.071715917207501e-05
cloud atlas (2012),8.03769413510835e-05
"ninth gate, the (1999)",8.036648588743435e-05
breach (2007),8.036084174543618e-05
mission: impossible iii (2006),8.036084174543618e-05
"2 fast 2 furious (fast and the furious 2, the) (2003)",8.03117600499855e-05
untitled spider-man reboot (2017),8.026345581687829e-05
irreversible (irréversible) (2002),8.019613865292103e-05
frost/nixon (2008),8.016414588483176e-05
"nutty professor, the (1963)",8.008029294454845e-05
"simple twist of fate, a (1994)",8.006302713711104e-05
"counterfeiters, the (die fälscher) (2007)",7.997560582849648e-05
high school high (1996),7.996590583465339e-05
"civil action, a (1998)",7.99299839865933e-05
shanghai triad (yao a yao yao dao waipo qiao) (1995),7.989593044610956e-05
autumn in new york (2000),7.981502599168798e-05
one fine day (1996),7.980760661413088e-05
about last night... (1986),7.973692636219383e-05
shaft (2000),7.970900861595436e-05
"outsiders, the (1983)",7.962807290724291e-05
adventures in babysitting (1987),7.962669273443714e-05
metropolitan (1990),7.962317406722262e-05
spanking the monkey (1994),7.950831371586733e-05
and your mother too (y tu mamá también) (2001),7.947138947826427e-05
end of days (1999),7.946906163198495e-05
louis c.k.: hilarious (2010),7.942623945111838e-05
"polar express, the (2004)",7.937415495568411e-05
ghost ship (2002),7.93116806907794e-05
rogue one: a star wars story (2016),7.930647279773713e-05
lost horizon (1937),7.919018412532358e-05
moonraker (1979),7.917309632297294e-05
"browning version, the (1994)",7.915664926826327e-05
st. elmo's fire (1985),7.90681771742391e-05
plan 9 from outer space (1959),7.898762748590158e-05
saw iv (2007),7.898586310439511e-05
"diving bell and the butterfly, the (scaphandre et le papillon, le) (2007)",7.897870047019129e-05
short circuit (1986),7.891110332160728e-05
shaolin soccer (siu lam juk kau) (2001),7.883268784643094e-05
"rescuers down under, the (1990)",7.880400098135199e-05
"horseman on the roof, the (hussard sur le toit, le) (1995)",7.877266752943185e-05
9 (2009),7.870708686479893e-05
naked (1993),7.861725742786963e-05
morning glory (2010),7.857943943228217e-05
being human (1993),7.849953296149066e-05
lord of the flies (1963),7.843014933158443e-05
"object of my affection, the (1998)",7.836635782159965e-05
"nightmare on elm street 3: dream warriors, a (1987)",7.830480069335728e-05
"view to a kill, a (1985)",7.82584606652868e-05
"grapes of wrath, the (1940)",7.822040463248975e-05
alice in wonderland (2010),7.813661710380009e-05
ghost world (2001),7.806945184569453e-05
all that jazz (1979),7.800407200027129e-05
"abominable dr. phibes, the (1971)",7.800407200027129e-05
"bachelor, the (1999)",7.797781989138669e-05
in the heat of the night (1967),7.775474366339261e-05
"constant gardener, the (2005)",7.774104493821363e-05
spice world (1997),7.771615222133417e-05
"adventures of pinocchio, the (1996)",7.761082627491889e-05
party girl (1995),7.753080495317742e-05
witness for the prosecution (1957),7.752704526165172e-05
girl with a pearl earring (2003),7.749894196788676e-05
point break (1991),7.74680046314828e-05
20 dates (1998),7.745356797827715e-05
how to train your dragon 2 (2014),7.743199145403798e-05
fierce creatures (1997),7.74236511454584e-05
"replacements, the (2000)",7.737392673414346e-05
bad education (la mala educación) (2004),7.736849519482099e-05
hard candy (2005),7.734774104334327e-05
night on earth (1991),7.726352773886268e-05
detroit rock city (1999),7.71940966255883e-05
"swan princess, the (1994)",7.717096954142419e-05
moneyball (2011),7.714904326512159e-05
predestination (2014),7.706391304212874e-05
layer cake (2004),7.70494416313009e-05
munich (2005),7.703125940068184e-05
herbie rides again (1974),7.69350140483271e-05
along came a spider (2001),7.693064690286127e-05
clue (1985),7.691634495691109e-05
"stepford wives, the (1975)",7.68175514255433e-05
sunshine (2007),7.680731933067334e-05
strawberry and chocolate (fresa y chocolate) (1993),7.679703714572666e-05
"apple dumpling gang, the (1975)",7.679277787651193e-05
"guns of navarone, the (1961)",7.677758451405855e-05
"pelican brief, the (1993)",7.67508286036517e-05
jarhead (2005),7.672506664117903e-05
wild america (1997),7.671979147507781e-05
talk to her (hable con ella) (2002),7.671382260427708e-05
spartacus (1960),7.67062657380391e-05
fallen (1998),7.666159627648426e-05
"reader, the (2008)",7.651360186174952e-05
"lord of the rings, the (1978)",7.650210161660819e-05
buffalo '66 (a.k.a. buffalo 66) (1998),7.647223680950542e-05
high noon (1952),7.641229972426143e-05
reign of fire (2002),7.635334302119041e-05
papillon (1973),7.634707528972479e-05
"elephant man, the (1980)",7.633676932046697e-05
ringu (ring) (1998),7.631778053957326e-05
kubo and the two strings (2016),7.630766498042798e-05
moana (2016),7.630766498042798e-05
"scanner darkly, a (2006)",7.617781891931989e-05
girlfight (2000),7.610453058692353e-05
incendies (2010),7.60886896329237e-05
die another day (2002),7.607152196604825e-05
weird science (1985),7.606601355493548e-05
psycho (1998),7.604112105227106e-05
evolution (2001),7.603934097933508e-05
rope (1948),7.594752860603274e-05
if lucy fell (1996),7.593422873013265e-05
mona lisa (1986),7.59212424473297e-05
unzipped (1995),7.590469139729443e-05
pirates of the caribbean: dead men tell no tales (2017),7.590116214300412e-05
persepolis (2007),7.57995752993472e-05
win a date with tad hamilton! (2004),7.576097620612597e-05
just like heaven (2005),7.576097620612597e-05
titus (1999),7.574280128075004e-05
"girl on the bridge, the (fille sur le pont, la) (1999)",7.574280128075004e-05
mississippi burning (1988),7.563294347576236e-05
prom night (1980),7.56179596950956e-05
apt pupil (1998),7.561364865711127e-05
"corporation, the (2003)",7.554716509658632e-05
"mod squad, the (1999)",7.553460076859779e-05
"maze runner, the (2014)",7.55320636410352e-05
yojimbo (1961),7.548678293617241e-05
treasure planet (2002),7.546153177095155e-05
beverly hills ninja (1997),7.546120395244594e-05
"last picture show, the (1971)",7.543093426987165e-05
keeping the faith (2000),7.538800658574712e-05
lolita (1997),7.537325367928812e-05
jumpin' jack flash (1986),7.53191082976538e-05
jack frost (1998),7.531246881330979e-05
lovely & amazing (2001),7.525239417357494e-05
my wife is an actress (ma femme est une actrice) (2001),7.525239417357494e-05
"spanish prisoner, the (1997)",7.524247130781624e-05
america's sweethearts (2001),7.523093964973959e-05
you don't mess with the zohan (2008),7.521091322132582e-05
madagascar 3: europe's most wanted (2012),7.518010506597127e-05
"karate kid, part iii, the (1989)",7.506563530998141e-05
"big sleep, the (1946)",7.506302127109046e-05
"last supper, the (1995)",7.505996353256779e-05
"recruit, the (2003)",7.505797977717837e-05
tom jones (1963),7.495644042269604e-05
eraserhead (1977),7.493750698901374e-05
"andalusian dog, an (chien andalou, un) (1929)",7.493750698901374e-05
tucker & dale vs evil (2010),7.486545396429074e-05
"twilight saga: new moon, the (2009)",7.486192500634553e-05
white men can't jump (1992),7.486187902319672e-05
operation dumbo drop (1995),7.48362468194659e-05
"apostle, the (1997)",7.483225006946808e-05
unstoppable (2010),7.47877487102812e-05
"secret of nimh, the (1982)",7.477383479176556e-05
who's afraid of virginia woolf? (1966),7.474835153158159e-05
nutty professor ii: the klumps (2000),7.470583901585931e-05
syriana (2005),7.467046029915212e-05
bamboozled (2000),7.460841885246075e-05
bill & ted's bogus journey (1991),7.458105343003914e-05
nadja (1994),7.448908830470162e-05
scary movie 2 (2001),7.44675686119025e-05
bully (2001),7.44195862568317e-05
crimes and misdemeanors (1989),7.438613658233895e-05
"man who shot liberty valance, the (1962)",7.437119325359098e-05
land of the lost (2009),7.42805927361918e-05
three days of the condor (3 days of the condor) (1975),7.42726505147344e-05
"muppets take manhattan, the (1984)",7.425974311964081e-05
masters of the universe (1987),7.42396724186782e-05
all the king's men (1949),7.420817713178075e-05
captain america: civil war (2016),7.420240939620286e-05
burnt offerings (1976),7.418775541958824e-05
gothika (2003),7.418573369196375e-05
true crime (1996),7.414176414346257e-05
monty python live at the hollywood bowl (1982),7.413158025034408e-05
"boys of st. vincent, the (1992)",7.406753322939196e-05
"dead zone, the (1983)",7.406392406540866e-05
"station agent, the (2003)",7.40445708931053e-05
to be or not to be (1942),7.398071179013839e-05
my man godfrey (1936),7.398071179013839e-05
"wonderful, horrible life of leni riefenstahl, the (macht der bilder: leni riefenstahl, die) (1993)",7.396466092114175e-05
joe dirt (2001),7.393936325431035e-05
taxi 2 (2000),7.393048430788301e-05
shadow of the vampire (2000),7.387698773783938e-05
"black cat, white cat (crna macka, beli macor) (1998)",7.387658219731874e-05
"andromeda strain, the (1971)",7.385067731182493e-05
2010: the year we make contact (1984),7.383331651283173e-05
shrek the third (2007),7.379906645614522e-05
man bites dog (c'est arrivé près de chez vous) (1992),7.376258803195599e-05
ghost dog: the way of the samurai (1999),7.376180261386164e-05
dungeons & dragons (2000),7.373388580244724e-05
deliverance (1972),7.362914161026398e-05
"importance of being earnest, the (2002)",7.359504519315059e-05
monsoon wedding (2001),7.359504519315059e-05
blades of glory (2007),7.356178462413628e-05
"hours, the (2002)",7.348681449133293e-05
"simple plan, a (1998)",7.348202736129407e-05
"muppet christmas carol, the (1992)",7.348089199793096e-05
becoming jane (2007),7.342001684616044e-05
eastern promises (2007),7.339336904495277e-05
"celluloid closet, the (1995)",7.338477882452454e-05
"great race, the (1965)",7.33185353918348e-05
chocolat (1988),7.331381343767405e-05
friday the 13th part vi: jason lives (1986),7.331142864526718e-05
from hell (2001),7.324129962434519e-05
guess who's coming to dinner (1967),7.319521697798269e-05
jakob the liar (1999),7.316931963814637e-05
"steal big, steal little (1995)",7.310104582126904e-05
"time machine, the (1960)",7.309937642573037e-05
what dreams may come (1998),7.30172739172889e-05
volver (2006),7.287385333716152e-05
east of eden (1955),7.285591348632023e-05
prefontaine (1997),7.279586865069256e-05
destiny turns on the radio (1995),7.275261255565607e-05
basquiat (1996),7.27215375475776e-05
12 years a slave (2013),7.268405738212628e-05
looking for richard (1996),7.268288773090042e-05
some kind of wonderful (1987),7.264285961545988e-05
repulsion (1965),7.262384740036739e-05
perfume: the story of a murderer (2006),7.261972458267997e-05
paperman (2012),7.261592457290594e-05
"thomas crown affair, the (1968)",7.260408853895876e-05
land before time iii: the time of the great giving (1995),7.253686996675847e-05
teenage mutant ninja turtles (1990),7.248333234605126e-05
zack and miri make a porno (2008),7.247658705711486e-05
howard the duck (1986),7.240989197932323e-05
thirteen ghosts (a.k.a. thir13en ghosts) (2001),7.232818709642452e-05
"haunting, the (1999)",7.232363292630538e-05
"king and i, the (1956)",7.230167745531123e-05
love me if you dare (jeux d'enfants) (2003),7.22400026911988e-05
laura (1944),7.223905212397054e-05
amityville ii: the possession (1982),7.219278063990145e-05
the scorpion king (2002),7.218494149427056e-05
home alone 3 (1997),7.218162417166268e-05
vertical limit (2000),7.217265602953748e-05
bad company (1995),7.212229910416167e-05
"great white hype, the (1996)",7.207594903296164e-05
dracula (1931),7.206817535296582e-05
cabaret (1972),7.203515518094642e-05
kull the conqueror (1997),7.198879839944266e-05
bee movie (2007),7.196126131951481e-05
children of a lesser god (1986),7.193424506220379e-05
double indemnity (1944),7.192344827704982e-05
louis c.k.: live at the beacon theater (2011),7.179064068473117e-05
let the right one in (låt den rätte komma in) (2008),7.17367853021456e-05
john wick (2014),7.172425418516709e-05
ikiru (1952),7.172123102570719e-05
"very brady sequel, a (1996)",7.16545389518765e-05
underworld: evolution (2006),7.165265838233429e-05
diva (1981),7.160569251165558e-05
"computer wore tennis shoes, the (1969)",7.155023469821444e-05
"preacher's wife, the (1996)",7.153985635312622e-05
idle hands (1999),7.146379034712145e-05
pee-wee's big adventure (1985),7.145263623002998e-05
"sandlot, the (1993)",7.145143763494096e-05
"messenger: the story of joan of arc, the (1999)",7.132468725879266e-05
tales from the darkside: the movie (1990),7.129672387006138e-05
i shot andy warhol (1996),7.129343259557072e-05
28 weeks later (2007),7.127182572703658e-05
"out-of-towners, the (1999)",7.126891420530878e-05
"time machine, the (2002)",7.126610483153872e-05
"wolverine, the (2013)",7.1247255818456e-05
mission: impossible - ghost protocol (2011),7.121365140277628e-05
rocky ii (1979),7.110074487945913e-05
lagaan: once upon a time in india (2001),7.106932949417925e-05
lake placid (1999),7.095749239128256e-05
key largo (1948),7.090678636732109e-05
dawn of the dead (1978),7.087829889158068e-05
"magnificent seven, the (1960)",7.075450485337716e-05
heart and souls (1993),7.075389408085795e-05
"longest day, the (1962)",7.067922464589025e-05
"limey, the (1999)",7.065981853782163e-05
chef (2014),7.059098455649578e-05
friday the 13th part 2 (1981),7.058113682798496e-05
30 days of night (2007),7.05477333394916e-05
"trouble with harry, the (1955)",7.051064362142361e-05
band of brothers (2001),7.047050759890152e-05
alien nation (1988),7.046904683084363e-05
victor/victoria (1982),7.046838924547085e-05
"great gatsby, the (2013)",7.032937477355566e-05
boyz n the hood (1991),7.032257712469945e-05
atlantic city (1980),7.030398470124418e-05
life as a house (2001),7.030045543632976e-05
"killing, the (1956)",7.022868596923022e-05
pet sematary (1989),7.02237070403716e-05
where the wild things are (2009),7.021157171584217e-05
wonder woman (2017),7.015450134259215e-05
charlie's angels: full throttle (2003),7.015089113534057e-05
"village, the (2004)",7.012177612113973e-05
talladega nights: the ballad of ricky bobby (2006),7.011968079803144e-05
saw ii (2005),7.007676434584383e-05
"absent-minded professor, the (1961)",7.004356771110135e-05
atonement (2007),7.001189549698828e-05
annie (1982),7.000143680175604e-05
"wings of the dove, the (1997)",6.999570145840621e-05
stealing beauty (1996),6.999248079752246e-05
sid and nancy (1986),6.99611907385954e-05
"kids are all right, the (2010)",6.986755673591071e-05
margin call (2011),6.985828553434676e-05
man of steel (2013),6.978220204603217e-05
warrior (2011),6.976880558116165e-05
police academy 4: citizens on patrol (1987),6.975748691302942e-05
mighty joe young (1998),6.971302730357512e-05
"way of the dragon, the (a.k.a. return of the dragon) (meng long guo jiang) (1972)",6.962391451204517e-05
"big short, the (2015)",6.961501688085185e-05
21 jump street (2012),6.956190563859067e-05
geronimo: an american legend (1993),6.953906671071925e-05
great expectations (1998),6.947074128757506e-05
capote (2005),6.946790664939639e-05
house (1986),6.94652381895431e-05
true grit (2010),6.939321159928649e-05
enchanted april (1992),6.938499029816628e-05
"best years of our lives, the (1946)",6.926484254169793e-05
judgment at nuremberg (1961),6.923363420731268e-05
"good girl, the (2002)",6.922254092227808e-05
in america (2002),6.917101445437627e-05
gone baby gone (2007),6.91588050440337e-05
the revenant (2015),6.913793191235955e-05
gummo (1997),6.913299486654752e-05
westworld (1973),6.911929055457514e-05
"mist, the (2007)",6.907758663619576e-05
save the last dance (2001),6.907009592976774e-05
falling down (1993),6.90460189733649e-05
hancock (2008),6.893988697075724e-05
the jungle book (2016),6.893497417925895e-05
what about bob? (1991),6.890707465093638e-05
live and let die (1973),6.883329981835354e-05
solo (1996),6.881475654843468e-05
mute witness (1994),6.877909638715318e-05
"gift, the (2000)",6.873888909049553e-05
"lot like love, a (2005)",6.868455376559272e-05
jane austen's mafia! (1998),6.865908328505884e-05
european vacation (aka national lampoon's european vacation) (1985),6.861958072645674e-05
"brave little toaster, the (1987)",6.843774524538257e-05
10 (1979),6.843640792532647e-05
children of the corn (1984),6.843197960799183e-05
death proof (2007),6.833309477697672e-05
"band wagon, the (1953)",6.828870541137277e-05
king arthur (2004),6.819669564577235e-05
kate & leopold (2001),6.819519093849559e-05
"war of the worlds, the (1953)",6.819425105399449e-05
village of the damned (1960),6.81853649101916e-05
spectre (2015),6.809186559735838e-05
mesrine: public enemy #1 (l'ennemi public n°1) (2008),6.807612981412888e-05
"brotherhood of the wolf (pacte des loups, le) (2001)",6.805947724534115e-05
pollyanna (1960),6.80141848138544e-05
"white balloon, the (badkonake sefid) (1995)",6.798644465667899e-05
following (1998),6.797499109134327e-05
calendar girls (2003),6.794618057157923e-05
set it off (1996),6.787058752556112e-05
one hour photo (2002),6.781347446899144e-05
twins (1988),6.78001108264842e-05
"joy luck club, the (1993)",6.775096205563778e-05
miami rhapsody (1995),6.772122886388735e-05
addicted to love (1997),6.771116860515032e-05
taste of cherry (ta'm e guilass) (1997),6.77087363332896e-05
lesson faust (1994),6.769986709479281e-05
quick change (1990),6.768554482793431e-05
crossroads (2002),6.766884978555241e-05
underneath (1995),6.76658184606006e-05
star wars: the last jedi (2017),6.760933079579646e-05
angels & demons (2009),6.760530243886914e-05
wayne's world 2 (1993),6.758397218740673e-05
attack of the killer tomatoes! (1978),6.758269123520378e-05
flcl (2000),6.757570702854394e-05
at first sight (1999),6.756916788217159e-05
suspiria (1977),6.75613760184439e-05
"pink panther, the (1963)",6.754820362448377e-05
"mummy, the (1932)",6.751923992066979e-05
defending your life (1991),6.748330588049539e-05
double happiness (1994),6.746696093245742e-05
"battle of algiers, the (la battaglia di algeri) (1966)",6.74317012940436e-05
dear god (1996),6.73644832969841e-05
mighty joe young (1949),6.73378099306015e-05
cop land (1997),6.733577904512507e-05
midnight in paris (2011),6.733194258137504e-05
bloody sunday (2002),6.732869874228445e-05
mansfield park (1999),6.730172895218178e-05
my left foot (1989),6.72542650230487e-05
babylon 5,6.725275909667933e-05
a quiet place (2018),6.723391634157778e-05
"one, the (2001)",6.72087735110731e-05
wargames (1983),6.718729705368398e-05
*batteries not included (1987),6.711765969888459e-05
mrs. winterbourne (1996),6.708919437557249e-05
"natural, the (1984)",6.708415108468794e-05
volcano (1997),6.703968873983125e-05
slc punk! (1998),6.698630928718981e-05
"longest yard, the (1974)",6.698179958907812e-05
maximum risk (1996),6.697569579763766e-05
"color purple, the (1985)",6.694634041331573e-05
"lovers of the arctic circle, the (los amantes del círculo polar) (1998)",6.693075595112143e-05
piranha (1978),6.691858785342775e-05
"big kahuna, the (2000)",6.691543111555237e-05
"man who wasn't there, the (2001)",6.690516149011188e-05
afterglow (1997),6.689475906431942e-05
thunderball (1965),6.688418156774676e-05
"purple rose of cairo, the (1985)",6.688055600420535e-05
"return of jafar, the (1994)",6.6792058119818e-05
he got game (1998),6.67606428419378e-05
"triplets of belleville, the (les triplettes de belleville) (2003)",6.672969067880408e-05
rambo: first blood part ii (1985),6.672597714569446e-05
"gods must be crazy ii, the (1989)",6.663565607962539e-05
anchors aweigh (1945),6.66309278570287e-05
my blue heaven (1990),6.662512445309236e-05
ed (1996),6.661605143833206e-05
message in a bottle (1999),6.658934191097769e-05
everything is illuminated (2005),6.65223302720533e-05
hidden figures (2016),6.65187190353792e-05
far from home: the adventures of yellow dog (1995),6.65057245345253e-05
conquest of the planet of the apes (1972),6.650009527907366e-05
"number 23, the (2007)",6.649548551868875e-05
"party, the (1968)",6.648666949023478e-05
south park: imaginationland (2008),6.645637921510225e-05
saturday night fever (1977),6.645582422441101e-05
murder at 1600 (1997),6.645010846275415e-05
"wave, the (welle, die) (2008)",6.636780989466543e-05
tender mercies (1983),6.636259164602244e-05
little voice (1998),6.634809496366922e-05
wild reeds (les roseaux sauvages) (1994),6.634483688502611e-05
"bank job, the (2008)",6.63125757971349e-05
batman v superman: dawn of justice (2016),6.630861758691534e-05
narc (2002),6.628041041505186e-05
wind river (2017),6.622006718235018e-05
that darn cat! (1965),6.620363210445102e-05
"lady eve, the (1941)",6.619187809701626e-05
sugar hill (1994),6.615667112836521e-05
gifted (2017),6.612900491971134e-05
crocodile dundee in los angeles (2001),6.611817517586292e-05
avpr: aliens vs. predator - requiem (2007),6.593199104967186e-05
dirty work (1998),6.590790445360286e-05
"wolf man, the (1941)",6.590290034122203e-05
teenage mutant ninja turtles ii: the secret of the ooze (1991),6.587749067194472e-05
malcolm x (1992),6.586727099198926e-05
dick (1999),6.58324259434124e-05
"outlaw josey wales, the (1976)",6.581041452810658e-05
"karate kid, the (2010)",6.578618057948172e-05
exorcist ii: the heretic (1977),6.578432926786312e-05
bulletproof (1996),6.575615254072311e-05
practical magic (1998),6.575522933970121e-05
planet terror (2007),6.568697827041474e-05
species ii (1998),6.567305676288491e-05
"10,000 bc (2008)",6.566904981558899e-05
"shop around the corner, the (1940)",6.564467455633747e-05
'til there was you (1997),6.563804388727448e-05
romeo is bleeding (1993),6.563023813276034e-05
mona lisa smile (2003),6.558314539925694e-05
mother (1996),6.55454405115905e-05
40 days and 40 nights (2002),6.551933221370286e-05
louis c.k.: chewed up (2008),6.547914158202737e-05
blood simple (1984),6.542971871025013e-05
"kingdom, the (2007)",6.540261367481739e-05
"commitments, the (1991)",6.538655813546731e-05
"mirror has two faces, the (1996)",6.53562878832694e-05
superman iv: the quest for peace (1987),6.535440400905959e-05
"rugrats movie, the (1998)",6.534427414695384e-05
mortal kombat: annihilation (1997),6.532075548099187e-05
pirates of the caribbean: on stranger tides (2011),6.524862889827452e-05
"walk on the moon, a (1999)",6.520323138576011e-05
dawn of the planet of the apes (2014),6.519538407035508e-05
marie antoinette (2006),6.51696719512677e-05
"cabin in the woods, the (2012)",6.512385304471346e-05
return to paradise (1998),6.510484961892153e-05
"river runs through it, a (1992)",6.510442552590056e-05
"black hole, the (1979)",6.506620250272131e-05
small time crooks (2000),6.504480255942118e-05
joe versus the volcano (1990),6.503700516234423e-05
"good night, and good luck. (2005)",6.50177127324173e-05
shooting fish (1997),6.500441140009811e-05
magnum force (1973),6.49884551552249e-05
kiki's delivery service (majo no takkyûbin) (1989),6.497181075831035e-05
fantastic four: rise of the silver surfer (2007),6.497129799846476e-05
proof of life (2000),6.494948415705594e-05
lightning jack (1994),6.492712961042624e-05
back to school (1986),6.48416749553535e-05
fracture (2007),6.477348480289653e-05
ordinary people (1980),6.477316077248019e-05
bad boy bubby (1993),6.473661890037755e-05
baraka (1992),6.473419177448902e-05
open your eyes (abre los ojos) (1997),6.471234218797706e-05
"flower of my secret, the (la flor de mi secreto) (1995)",6.46327975337525e-05
ravenous (1999),6.460271693524854e-05
"man from earth, the (2007)",6.459538246222536e-05
akira kurosawa's dreams (dreams) (1990),6.459381825134163e-05
bent (1997),6.457262796072211e-05
ender's game (2013),6.456401436958166e-05
heaven's prisoners (1996),6.451166077031107e-05
meet the robinsons (2007),6.448054434112937e-05
"wrong man, the (1956)",6.444392030147955e-05
three men and a baby (1987),6.444343104921708e-05
anna and the king (1999),6.444327299144407e-05
paradise lost: the child murders at robin hood hills (1996),6.438890088362624e-05
shall we dance (1937),6.437768793893088e-05
roommates (1995),6.437409540465587e-05
changing lanes (2002),6.436805195434342e-05
madonna: truth or dare (1991),6.42755918036376e-05
the diary of anne frank (1959),6.426372983231762e-05
knockaround guys (2002),6.423515347359537e-05
ali (2001),6.423515347359537e-05
kung pow: enter the fist (2002),6.422530499678197e-05
igby goes down (2002),6.421589978567255e-05
battlefield earth (2000),6.420792727947234e-05
creature comforts (1989),6.419958522941029e-05
threesome (1994),6.416275748564204e-05
steamboat willie (1928),6.41443668243101e-05
absolute power (1997),6.410871339275282e-05
superstar (1999),6.407970818171703e-05
zero dark thirty (2012),6.407285232180263e-05
jagged edge (1985),6.40627050102352e-05
ponyo (gake no ue no ponyo) (2008),6.405758927556981e-05
backdraft (1991),6.403448400626331e-05
fire down below (1997),6.40335373549016e-05
king kong (2005),6.398091435374744e-05
"adventures of rocky and bullwinkle, the (2000)",6.397374409544926e-05
men of honor (2000),6.396053601845666e-05
"family man, the (2000)",6.391742537861816e-05
forever young (1992),6.388913192731343e-05
it's a boy girl thing (2006),6.38714483720332e-05
"animatrix, the (2003)",6.384956254050039e-05
urban legend (1998),6.383039881540114e-05
p.s. i love you (2007),6.382018012928992e-05
"quiet earth, the (1985)",6.380820796893776e-05
dirty rotten scoundrels (1988),6.380326045546024e-05
meet john doe (1941),6.379070233171394e-05
dr. dolittle 2 (2001),6.378383545257542e-05
"perez family, the (1995)",6.371064919491408e-05
hellraiser (1987),6.370299671995033e-05
"misérables, les (2012)",6.36968018852224e-05
saving grace (2000),6.368028116318594e-05
excess baggage (1997),6.367612830667596e-05
teaching mrs. tingle (1999),6.36732015653478e-05
spotlight (2015),6.365068932637102e-05
life with mikey (1993),6.364144584089523e-05
red planet (2000),6.363551904111847e-05
avp: alien vs. predator (2004),6.35847859947793e-05
once a thief (zong heng si hai) (1991),6.358466507348536e-05
22 jump street (2014),6.358217229867774e-05
now you see me (2013),6.353454368361334e-05
american gigolo (1980),6.350869108697073e-05
"honey, i blew up the kid (1992)",6.350047129662755e-05
in the bedroom (2001),6.345682497350097e-05
naked lunch (1991),6.342608482057926e-05
radioland murders (1994),6.342462912668985e-05
muppets from space (1999),6.340239547252582e-05
to gillian on her 37th birthday (1996),6.337922033766339e-05
"sweetest thing, the (2002)",6.337900791836573e-05
tekkonkinkreet (tekkon kinkurîto) (2006),6.337232212044908e-05
william shakespeare's a midsummer night's dream (1999),6.334781181030397e-05
big trouble in little china (1986),6.334049398143016e-05
"descendants, the (2011)",6.333010222952306e-05
romeo and juliet (1968),6.329434631970746e-05
blue chips (1994),6.327767457790113e-05
"fall, the (2006)",6.325839420689703e-05
john q (2002),6.317946238691585e-05
chariots of fire (1981),6.3155588298883e-05
dogtown and z-boyz (2001),6.314298834008002e-05
"evil dead, the (1981)",6.312650982021593e-05
"tin drum, the (blechtrommel, die) (1979)",6.303300390022375e-05
dead men don't wear plaid (1982),6.303107827253543e-05
scary movie 3 (2003),6.302925110616026e-05
rules of engagement (2000),6.301305790512086e-05
"muse, the (1999)",6.301272863955815e-05
random hearts (1999),6.300452373947817e-05
sydney (hard eight) (1996),6.298769389936453e-05
play time (a.k.a. playtime) (1967),6.292226635298568e-05
loser (2000),6.290989955497911e-05
death becomes her (1992),6.288613820659521e-05
jackass: the movie (2002),6.286546883031397e-05
"majestic, the (2001)",6.282856519201647e-05
moll flanders (1996),6.279709278568651e-05
pump up the volume (1990),6.274540290617476e-05
noah (2014),6.273357196777812e-05
android (1982),6.271758248415351e-05
return to me (2000),6.268240548379058e-05
"secret life of walter mitty, the (2013)",6.265222942863211e-05
"bounty hunter, the (2010)",6.264290982030623e-05
"conjuring, the (2013)",6.258803728039328e-05
evan almighty (2007),6.258349390030513e-05
very bad things (1998),6.258179766550811e-05
no direction home: bob dylan (2005),6.254249945750346e-05
johnny english (2003),6.249614641242849e-05
titanic (1953),6.248108525723397e-05
singles (1992),6.24594362848751e-05
cowboy bebop: the movie (cowboy bebop: tengoku no tobira) (2001),6.245289619533343e-05
"other woman, the (2014)",6.23871918758318e-05
harold & kumar escape from guantanamo bay (2008),6.236397595665609e-05
pork chop hill (1959),6.234131724979225e-05
metro (1997),6.231294394079133e-05
mother night (1996),6.229859175784137e-05
1408 (2007),6.228859738361737e-05
vampire hunter d: bloodlust (banpaia hantâ d) (2000),6.224801378136025e-05
hideaway (1995),6.222391546631046e-05
kung fu hustle (gong fu) (2004),6.221674795125424e-05
south pacific (1958),6.218080570653678e-05
"story of us, the (1999)",6.218066179072167e-05
"fighter, the (2010)",6.217808901388485e-05
"chamber, the (1996)",6.209634362893935e-05
stop! or my mom will shoot (1992),6.208826070450832e-05
16 blocks (2006),6.202066765585869e-05
house ii: the second story (1987),6.197212768193063e-05
me myself i (2000),6.194111047924913e-05
"addiction, the (1995)",6.19350204729814e-05
mannequin (1987),6.189746752604921e-05
"great mouse detective, the (1986)",6.188194418993121e-05
hairspray (1988),6.187256590967968e-05
"pillow book, the (1996)",6.18692438870891e-05
running scared (1986),6.186522825931731e-05
diamonds are forever (1971),6.185989238879684e-05
"lake house, the (2006)",6.183897632589894e-05
thirteen days (2000),6.183189590760125e-05
"colonel chabert, le (1994)",6.182764283533426e-05
mrs. dalloway (1997),6.174275727626175e-05
"slums of beverly hills, the (1998)",6.174105952730635e-05
finding forrester (2000),6.171650209599094e-05
shoot 'em up (2007),6.16618962800896e-05
pollock (2000),6.158411002024316e-05
romeo must die (2000),6.1512041256041e-05
my life as a dog (mitt liv som hund) (1985),6.144526135348081e-05
"sisterhood of the traveling pants, the (2005)",6.144325943571273e-05
hedwig and the angry inch (2000),6.13984966830763e-05
lean on me (1989),6.132599006079558e-05
dirty dancing: havana nights (2004),6.131934449861034e-05
"dead pool, the (1988)",6.130330530462063e-05
major league: back to the minors (1998),6.130286356823267e-05
revenge of the nerds (1984),6.126723621663574e-05
"year of living dangerously, the (1982)",6.126092752407236e-05
freeway (1996),6.125768051656183e-05
assault on precinct 13 (1976),6.125498051475596e-05
[rec] (2007),6.123816119036966e-05
bedtime stories (2008),6.121253772729296e-05
ruthless people (1986),6.121131660032158e-05
"flintstones in viva rock vegas, the (2000)",6.117075515085863e-05
letters to juliet (2010),6.115606989925024e-05
grown ups 2 (2013),6.115098961510702e-05
antwone fisher (2002),6.114684959198909e-05
bean (1997),6.106409881761115e-05
wet hot american summer (2001),6.105819839521871e-05
alfie (1966),6.0892856044888715e-05
wonder boys (2000),6.087288785987393e-05
100 girls (2000),6.087005654772186e-05
"pink panther, the (2006)",6.0844126876718376e-05
wristcutters: a love story (2006),6.08398449502722e-05
night at the museum (2006),6.0835593116557614e-05
julie & julia (2009),6.080615091345575e-05
3 women (three women) (1977),6.078779658939092e-05
flatliners (1990),6.077715417288468e-05
kiss of the dragon (2001),6.075310094713448e-05
lamerica (1994),6.073492870932354e-05
shampoo (1975),6.0708480149840035e-05
"exorcist iii, the (1990)",6.0698816416269476e-05
"christmas carol, a (1938)",6.065776227211921e-05
grand canyon (1991),6.06523666197348e-05
chitty chitty bang bang (1968),6.0642653299242835e-05
barefoot in the park (1967),6.064204995777917e-05
insomnia (1997),6.0640922961057295e-05
calendar girl (1993),6.063216071872129e-05
